player_id,name,birth_year,nationality,primary_position
10,Miroslav Klose,1978.0,Germany,Attack
26,Roman Weidenfeller,1980.0,Germany,Goalkeeper
65,Dimitar Berbatov,1981.0,Bulgaria,Attack
77,Lúcio,1978.0,Brazil,Defender
80,Tom Starke,1981.0,Germany,Goalkeeper
123,Christoph Metzelder,1980.0,Germany,Defender
132,Tomas Rosicky,1980.0,Czech Republic,Midfield
215,Roque Santa Cruz,1981.0,Paraguay,Attack
258,Gerald Asamoah,1978.0,Germany,Attack
264,Tamás Hajnal,1981.0,Hungary,Midfield
277,Sérgio da Silva Pinto,1980.0,Germany,Midfield
332,Benjamin Köhler,1980.0,Germany,Midfield
410,Sebastian Kehl,1980.0,Germany,Midfield
411,Levan Kobiashvili,1977.0,Georgia,Midfield
447,Oka Nikolov,1974.0,North Macedonia,Goalkeeper
488,Gerhard Tremmel,1978.0,Germany,Goalkeeper
532,Claudio Pizarro,1978.0,Peru,Attack
557,Simon Jentzsch,1976.0,Germany,Goalkeeper
568,Martin Stranzl,1980.0,Austria,Defender
598,Timo Hildebrand,1979.0,Germany,Goalkeeper
670,Martin Petrov,1979.0,Bulgaria,Attack
690,Ivan Klasnic,1980.0,Croatia,Attack
691,Simon Rolfes,1982.0,Germany,Midfield
735,Giuseppe Gemiti,1981.0,Germany,Defender
773,David Jarolim,1979.0,Czech Republic,Midfield
823,Hanno Balitsch,1981.0,Germany,Midfield
837,Thorben Marx,,Germany,Midfield
886,Jens Langeneke,1977.0,Germany,Defender
892,Heinz Müller,1978.0,Germany,Goalkeeper
992,Christian Weber,1983.0,Germany,Defender
1073,Manuel Friedrich,1979.0,Germany,Defender
1075,Andriy Voronin,1979.0,Ukraine,Attack
1094,Emanuel Pogatetz,1983.0,Austria,Defender
1095,Peer Kluge,1980.0,Germany,Midfield
1116,Thomas Kleine,1977.0,Germany,Defender
1126,Matthias Lehmann,1983.0,Germany,Midfield
1139,Nikolce Noveski,1979.0,North Macedonia,Defender
1144,Christofer Heimeroth,1981.0,Germany,Goalkeeper
1150,Raphael Schäfer,1979.0,Germany,Goalkeeper
1161,Javier Zanetti,1973.0,Argentina,Defender
1277,Clemens Fritz,1980.0,Germany,Defender
1321,Jermaine Jones,1981.0,United States,Midfield
1327,Alou Diarra,1981.0,France,Midfield
1331,Kevin Kuranyi,1982.0,Germany,Attack
1335,Steven Cherundolo,1979.0,United States,Defender
1363,Christian Wetklo,1980.0,Germany,Goalkeeper
1368,Guy Demel,1981.0,Cote d'Ivoire,Defender
1397,Michael Owen,1979.0,England,Attack
1423,Lars Jacobsen,1979.0,Denmark,Defender
1426,Cacau,1981.0,Germany,Attack
1428,Mike Hanke,1983.0,Germany,Attack
1474,Tim Wiese,1981.0,Germany,Goalkeeper
1496,Heiko Butscher,1980.0,Germany,Defender
1565,Alexander Meier,1983.0,Germany,Attack
1568,Stefan Reisinger,1981.0,Germany,Attack
1572,Andreas Wolf,1982.0,Germany,Defender
1573,Thomas Hitzlsperger,1982.0,Germany,Midfield
1586,Christian Schulz,1983.0,Germany,Defender
1587,Mario Eggimann,,Switzerland,Defender
1613,Vivian,1982.0,Brazil,Defender
1659,Dennis Kruppke,1980.0,Germany,Attack
1662,Sascha Riether,1983.0,Germany,Defender
1667,Diego Benaglio,1983.0,Switzerland,Goalkeeper
1684,Milorad Pekovic,1977.0,Montenegro,Midfield
1726,Heiko Westermann,1983.0,Germany,Defender
1772,Du-ri Cha,1980.0,"Korea, South",Defender
1784,René Adler,1985.0,Germany,Goalkeeper
1791,Halil Altintop,1982.0,Turkey,Midfield
1792,Hamit Altintop,1982.0,Turkey,Midfield
1944,Deniz Dogan,,Turkey,Defender
1986,Markus Feulner,1982.0,Germany,Midfield
2050,Nelson Valdez,1983.0,Paraguay,Attack
2150,Oliver Kirch,1982.0,Germany,Midfield
2201,Lukas Kruse,1983.0,Germany,Goalkeeper
2219,Philipp Lahm,1983.0,Germany,Defender
2233,Christian Lell,1984.0,Germany,Defender
2334,Marcel Ndjeng,1982.0,Cameroon,Midfield
2358,Patrick Ochs,1984.0,Germany,Defender
2386,Marjan Petkovic,1979.0,Germany,Goalkeeper
2421,Michael Rensing,1984.0,Germany,Goalkeeper
2453,Mahir Saglik,1983.0,Turkey,Attack
2514,Bastian Schweinsteiger,1984.0,Germany,Midfield
2623,Piotr Trochowski,1984.0,Germany,Midfield
2712,Nando Rafael,1984.0,Angola,Attack
2767,Alexander Madlung,1982.0,Germany,Defender
2805,Christian Pander,1983.0,Germany,Defender
2857,Eldin Jakupovic,1984.0,Switzerland,Goalkeeper
2865,Stephan Lichtsteiner,1984.0,Switzerland,Defender
2874,Mladen Petric,1981.0,Croatia,Attack
2878,Yassin Mikari,1983.0,Tunisia,Defender
2904,Rafa Márquez,1979.0,Mexico,Defender
2923,Andreas Ivanschitz,1983.0,Austria,Midfield
2926,György Garics,1984.0,Austria,Defender
2950,Robert Almer,,Austria,Goalkeeper
2953,Paul Scharner,1980.0,Austria,Midfield
2963,Martín Demichelis,1980.0,Argentina,Defender
2998,Robert Huth,1984.0,Germany,Defender
3109,Steven Gerrard,1980.0,England,Midfield
3114,Jan Schlaudraff,1983.0,Germany,Attack
3115,David Bellion,1982.0,France,Attack
3118,Kieron Dyer,1978.0,England,Midfield
3130,Titus Bramble,1981.0,England,Defender
3131,Kevin Phillips,1973.0,England,Attack
3139,David Beckham,1975.0,England,Midfield
3146,Shay Given,1976.0,Ireland,Goalkeeper
3156,William Gallas,1977.0,France,Defender
3159,Valerio Di Cesare,1983.0,Italy,Defender
3160,John Terry,1980.0,England,Defender
3163,Frank Lampard,1978.0,England,Midfield
3165,Cris,1977.0,Brazil,Defender
3172,Quique de Lucas,1978.0,Spain,Midfield
3179,Carlton Cole,1983.0,England,Attack
3182,Ashley Cole,1980.0,England,Defender
3190,Stuart Taylor,1980.0,England,Goalkeeper
3195,Jermaine Pennant,1983.0,England,Attack
3202,Kolo Touré,1981.0,Cote d'Ivoire,Defender
3220,John Arne Riise,1980.0,Norway,Defender
3226,Nicolas Anelka,1979.0,France,Attack
3235,Rio Ferdinand,1978.0,England,Defender
3256,Roberto Hilbert,1984.0,Germany,Defender
3259,Damien Duff,1979.0,Ireland,Midfield
3266,Jérémie Aliadière,1983.0,France,Attack
3270,Joseph Yobo,1980.0,Nigeria,Defender
3273,Matthew Upson,1979.0,England,Defender
3276,Shola Ameobi,1981.0,Nigeria,Attack
3291,Gareth Barry,1981.0,England,Midfield
3292,Joey Barton,1982.0,England,Midfield
3296,Paul Konchesky,1981.0,England,Defender
3297,Craig Bellamy,1979.0,Wales,Attack
3306,Jonathan Walters,1983.0,Ireland,Attack
3332,Wayne Rooney,1985.0,England,Attack
3333,James Milner,1986.0,England,Midfield
3356,Sylvain Distin,1977.0,France,Defender
3357,Mark Schwarzer,1972.0,Australia,Goalkeeper
3366,Kaká,1982.0,Brazil,Midfield
3397,Paul Scholes,1974.0,England,Midfield
3404,Phil Neville,1977.0,England,Defender
3405,Wes Brown,1979.0,England,Defender
3406,Ryan Giggs,1973.0,Wales,Midfield
3417,Nicolás Burdisso,1981.0,Argentina,Defender
3428,Dejan Stankovic,1978.0,Serbia,Midfield
3441,Timmy Simons,1976.0,Belgium,Midfield
3455,Zlatan Ibrahimović,1981.0,Sweden,Attack
3461,Jermaine Jenas,1983.0,England,Midfield
3467,Shaun Wright-Phillips,1981.0,England,Attack
3473,Thomas Sörensen,1976.0,Denmark,Goalkeeper
3476,Brad Friedel,1971.0,United States,Goalkeeper
3495,Dudu Aouate,1977.0,Israel,Goalkeeper
3507,Christian Abbiati,1977.0,Italy,Goalkeeper
3525,Sylvain Armand,1980.0,France,Defender
3530,Jan Polak,1981.0,Czech Republic,Midfield
3535,Ricardo,1971.0,Spain,Goalkeeper
3540,John O'Shea,1981.0,Ireland,Defender
3547,Darren Fletcher,1984.0,Scotland,Midfield
3548,Kieran Richardson,1984.0,England,Defender
3560,Jerome Thomas,1983.0,England,Attack
3562,Steve Harper,1975.0,England,Goalkeeper
3569,Steed Malbranque,1980.0,France,Midfield
3575,Mickaël Landreau,1979.0,France,Goalkeeper
3580,Aaron Hughes,1979.0,Northern Ireland,Defender
3597,Jamie Carragher,1978.0,England,Defender
3614,Tony Hibbert,1981.0,England,Defender
3620,Leon Osman,1981.0,England,Midfield
3630,Paul Robinson,1979.0,England,Goalkeeper
3634,Ian Harte,1977.0,Ireland,Defender
3640,Mark Hudson,1982.0,England,Defender
3666,Jason Roberts,1978.0,Grenada,Attack
3692,Jussi Jääskeläinen,1975.0,Finland,Goalkeeper
3698,Anton Ferdinand,1985.0,England,Defender
3707,Bernard Mendy,1981.0,France,Defender
3713,Massimo Maccarone,1979.0,Italy,Attack
3730,Kim Källström,1982.0,Sweden,Midfield
3762,Peter Whittingham,1984.0,England,Midfield
3775,George McCartney,1981.0,Northern Ireland,Defender
3785,Scott Parker,1980.0,England,Midfield
3788,Matthew Etherington,1981.0,England,Midfield
3791,Gary Caldwell,1982.0,Scotland,Defender
3807,Richard Dunne,1979.0,Ireland,Defender
3816,Sofian Chahed,1983.0,Tunisia,Defender
3817,Malik Fathi,1983.0,Germany,Defender
3838,Boaz Myhill,1982.0,Wales,Goalkeeper
3851,Jan-Ingwer Callsen-Bracker,1984.0,Germany,Defender
3875,Jermain Defoe,1982.0,England,Attack
3876,Joe Cole,1981.0,England,Midfield
3878,Michael Carrick,1981.0,England,Midfield
3881,Glen Johnson,1984.0,England,Defender
3890,Eduardo,1980.0,Brazil,Attack
3901,Pierre-Alain Frau,1980.0,France,Attack
3913,Omar Daf,1977.0,Senegal,Defender
3924,Didier Drogba,1978.0,Cote d'Ivoire,Attack
3942,Martin Lanig,,Germany,Midfield
3950,Kevin Nolan,1982.0,England,Midfield
3966,Djibril Cissé,1981.0,France,Attack
3975,Domi Kumbela,1984.0,DR Congo,Attack
3979,Iker Casillas,1981.0,Spain,Goalkeeper
3995,Gary O'Neil,1983.0,England,Midfield
4015,Louis Saha,1978.0,France,Attack
4018,Daniel Baier,1984.0,Germany,Midfield
4042,Brad Jones,1982.0,Australia,Goalkeeper
4055,Dean Marney,1984.0,England,Midfield
4063,Stewart Downing,1984.0,England,Attack
4070,Liam Ridgewell,1984.0,England,Defender
4072,Peter Crouch,1981.0,England,Attack
4075,Luke Moore,1986.0,England,Attack
4094,Frazer Richardson,1982.0,England,Defender
4095,Matthew Kilgallon,1984.0,England,Defender
4111,Garry Monk,1979.0,England,Defender
4112,Rory Delap,1976.0,Ireland,Midfield
4115,Chris Baird,1982.0,Northern Ireland,Midfield
4192,Rafael van der Vaart,1983.0,Netherlands,Midfield
4205,Bobby Zamora,1981.0,England,Attack
4208,Dominik Reinhardt,1984.0,Germany,Defender
4217,Anthony Le Tallec,1984.0,France,Attack
4219,David Fox,1983.0,England,Midfield
4233,Adam Federici,1985.0,Australia,Goalkeeper
4241,Joleon Lescott,1982.0,England,Defender
4248,Diego,1985.0,Brazil,Midfield
4257,Samuel Eto'o,1981.0,Cameroon,Attack
4267,Tim Howard,1979.0,United States,Goalkeeper
4276,Carlos Tevez,1984.0,Argentina,Attack
4277,Philippe Senderos,1985.0,Switzerland,Defender
4310,Bogdan Lobont,1978.0,Romania,Goalkeeper
4311,Maarten Stekelenburg,1982.0,,Goalkeeper
4314,Cristian Chivu,1980.0,Romania,Defender
4315,Johnny Heitinga,1983.0,Netherlands,Defender
4317,Maxwell,1981.0,Brazil,Defender
4321,Steven Pienaar,1982.0,South Africa,Midfield
4357,Klaas-Jan Huntelaar,1983.0,Netherlands,Attack
4360,Arjen Robben,1984.0,Netherlands,Attack
4371,Glenn Loovens,1983.0,Netherlands,Defender
4380,Robin van Persie,1983.0,Netherlands,Attack
4383,Johan Elmander,1981.0,Sweden,Attack
4592,Ji-sung Park,1981.0,"Korea, South",Midfield
4607,Roel Brouwers,1981.0,Netherlands,Defender
4624,Jos Hooiveld,1983.0,Netherlands,Defender
4672,Nigel de Jong,1984.0,Netherlands,Midfield
4673,Wesley Sneijder,1984.0,Netherlands,Midfield
4687,Aaron Hunt,1986.0,Germany,Midfield
4691,Peter Niemeyer,1983.0,Germany,Midfield
4740,Daniel Van Buyten,1978.0,Belgium,Defender
4746,David Yelldell,1981.0,United States,Goalkeeper
4793,Steve von Bergen,1983.0,Switzerland,Defender
4796,Kader Mangane,1983.0,Senegal,Defender
4811,Hilton,1977.0,Brazil,Defender
5017,Niklas Moisander,1985.0,Finland,Defender
5023,Gianluigi Buffon,1978.0,Italy,Goalkeeper
5072,Thomas Kessler,1986.0,Germany,Goalkeeper
5169,Hélder Postiga,1982.0,Portugal,Attack
5278,Alexander Manninger,1977.0,Austria,Goalkeeper
5281,Flavio Roma,1974.0,Italy,Goalkeeper
5283,Éric Abidal,1979.0,France,Defender
5285,Patrice Evra,1981.0,France,Defender
5286,Gaël Givet,1981.0,France,Defender
5293,Sébastien Squillaci,1980.0,France,Defender
5299,Ludovic Giuly,1976.0,France,Attack
5300,Jérôme Rothen,1978.0,France,Midfield
5303,Souleymane Camara,1982.0,Senegal,Attack
5308,Cédric Carrasso,1981.0,France,Goalkeeper
5309,Damien Grégorini,1979.0,France,Goalkeeper
5338,Rémy Vercoutre,1980.0,France,Goalkeeper
5339,Jérémie Bréchet,1979.0,France,Defender
5345,Youssouf Hadji,1980.0,Morocco,Attack
5348,Florent Balmont,1980.0,France,Midfield
5352,Mahamadou Diarra,1981.0,Mali,Midfield
5357,Sidney Govou,1979.0,France,Attack
5376,Camel Meriem,1979.0,France,Midfield
5399,Kamel Chafni,1982.0,Morocco,Midfield
5404,Jérémy Mathieu,1983.0,France,Defender
5406,Benoît Pedretti,1980.0,France,Midfield
5422,Philippe Mexès,1982.0,France,Defender
5430,Lionel Mathis,1981.0,France,Midfield
5431,Pantxi Sirieix,1980.0,France,Midfield
5444,Ronan Le Crom,1974.0,France,Goalkeeper
5451,Alaeddine Yahia,1981.0,Tunisia,Defender
5457,Gaël Danic,1981.0,France,Attack
5461,Florent Malouda,1980.0,France,Attack
5474,Zoumana Camara,1979.0,France,Defender
5477,Rod Fanni,1981.0,France,Defender
5486,Seydou Keita,1980.0,Mali,Midfield
5495,John Utaka,1982.0,Nigeria,Attack
5501,Mauro Cetto,1982.0,Argentina,Defender
5507,Mario Yepes,1976.0,Colombia,Defender
5513,Jérémy Toulalan,1983.0,France,Midfield
5521,Grégory Pujol,1980.0,France,Attack
5539,Romain Pitau,1977.0,France,Midfield
5543,Cédric Varrault,1980.0,France,Defender
5544,Johan Audel,1983.0,Martinique,Attack
5566,Romain Rocchi,1981.0,France,Midfield
5576,Fabien Audard,1978.0,France,Goalkeeper
5578,Nicolas Penneteau,1981.0,France,Goalkeeper
5588,Michael Essien,1982.0,Ghana,Midfield
5592,Cyril Jeunechamp,1975.0,France,Midfield
5597,Chaouki Ben Saada,1984.0,Tunisia,Attack
5614,Cédric Kanté,1979.0,Mali,Defender
5622,Guillaume Lacour,1980.0,France,Defender
5627,Fabrice Ehret,1979.0,France,Defender
5635,Matthieu Chalmé,1980.0,France,Defender
5636,Matthieu Delpierre,1981.0,France,Defender
5639,José Saez,1982.0,France,Midfield
5645,Benoît Cheyrou,1981.0,France,Midfield
5648,Jean Makoun,1983.0,Cameroon,Midfield
5652,Marc-Antoine Fortuné,1981.0,French Guiana,Attack
5658,Petr Cech,1982.0,Czech Republic,Goalkeeper
5664,Arnaud Le Lan,1978.0,France,Defender
5667,Sébastien Puygrenier,1982.0,France,Defender
5668,Anthony Réveillère,1979.0,France,Defender
5672,Étienne Didot,1983.0,France,Midfield
5676,Olivier Sorlin,1979.0,France,Midfield
5680,Toifilou Maoulida,1979.0,France,Attack
5686,Laurent Pionnier,1982.0,France,Goalkeeper
5687,Rudy Riou,1980.0,France,Goalkeeper
5698,Cédric Barbosa,1976.0,France,Attack
5755,Emiliano Moretti,1981.0,Italy,Defender
5768,Rubén Olivera,1983.0,Uruguay,Midfield
5782,Emre Belözoglu,1980.0,Turkey,Midfield
5793,Giovanni Pasquale,1982.0,Italy,Defender
5794,Obafemi Martins,1984.0,Nigeria,Attack
5812,Cristian Brocchi,1976.0,Italy,Midfield
5817,Andrea Pirlo,1979.0,Italy,Midfield
5818,Massimo Ambrosini,1977.0,Italy,Midfield
5825,Marco Borriello,1982.0,Italy,Attack
5854,Sébastien Frey,1980.0,France,Goalkeeper
5856,Daniele Bonera,1981.0,Italy,Defender
5858,Paolo Cannavaro,1981.0,Italy,Defender
5868,Matteo Brighi,1981.0,Italy,Midfield
5870,Massimo Donati,1981.0,Italy,Midfield
5873,Marco Marchionni,1980.0,Italy,Midfield
5878,Alberto Gilardino,1982.0,Italy,Attack
5879,Adrian Mutu,1979.0,Romania,Attack
5880,Morgan De Sanctis,1977.0,Italy,Goalkeeper
5889,Thomas Manfredini,1980.0,Italy,Defender
5890,Sergio Almirón,1980.0,Argentina,Midfield
5893,Giampiero Pinzi,1981.0,Italy,Midfield
5896,David Pizarro,1979.0,Chile,Midfield
5908,Cristiano Lupatelli,1978.0,Italy,Goalkeeper
5917,John Mensah,1982.0,Ghana,Defender
5922,Simone Perrotta,1977.0,Italy,Midfield
5925,Nicola Legrottaglie,1976.0,Italy,Defender
5928,Sergio Pellissier,1979.0,Italy,Attack
5936,Ivan Pelizzoli,1980.0,Italy,Goalkeeper
5938,Walter Samuel,1978.0,Argentina,Defender
5942,Jonathan Zebina,1978.0,France,Defender
5946,Cesare Bovo,1983.0,Italy,Defender
5947,Daniele De Rossi,1983.0,Italy,Midfield
5948,Damiano Ferronetti,1984.0,Italy,Defender
5957,Alberto Aquilani,1984.0,Italy,Midfield
5958,Francesco Totti,1976.0,Italy,Attack
5962,Antonio Cassano,1982.0,Italy,Attack
5966,Marius Stankevicius,1981.0,Lithuania,Defender
5970,Dario Dainelli,1979.0,Italy,Defender
5974,Matuzalém,1980.0,Brazil,Midfield
5976,Roberto Guana,1981.0,Italy,Midfield
5980,Luca Toni,1977.0,Italy,Attack
5986,Ferdinando Coppola,1978.0,Italy,Goalkeeper
5993,Cristian Zaccardo,1981.0,Italy,Defender
6004,Alessandro Frara,1982.0,Italy,Midfield
6012,Stefano Lucchini,1980.0,Italy,Defender
6020,Francesco Tavano,1979.0,Italy,Attack
6026,Tommaso Rocchi,1977.0,Italy,Attack
6031,Antonio Di Natale,1977.0,Italy,Attack
6033,Francesco Lodi,1984.0,Italy,Midfield
6043,Stefano Mauri,1980.0,Italy,Midfield
6046,Giuseppe Sculli,1981.0,Italy,Attack
6058,Luca Castellazzi,1975.0,Italy,Goalkeeper
6075,Erjon Bogdani,1977.0,Albania,Attack
6076,David Di Michele,1976.0,Italy,Attack
6090,Manuele Blasi,1980.0,Italy,Midfield
6097,Fabrizio Miccoli,1979.0,Italy,Attack
6106,Georgios Karagounis,1977.0,Greece,Midfield
6107,Abdoulaye Faye,1978.0,Senegal,Defender
6119,Mohamed Sissoko,1985.0,Mali,Midfield
6150,Fabricio Coloccini,1982.0,Argentina,Defender
6157,Gaetano D'Agostino,1982.0,Italy,Midfield
6160,Mauricio Pinilla,1984.0,Chile,Attack
6233,Luciano,1975.0,Brazil,Midfield
6234,Amauri,1980.0,Italy,Attack
6237,Stefan Kießling,1984.0,Germany,Attack
6267,Fabrice Pancrate,1980.0,France,Attack
6270,Yohann Pelé,1982.0,France,Goalkeeper
6274,Grégory Cerdan,1982.0,France,Defender
6278,Yoann Poulard,1976.0,France,Defender
6287,Marco Caligiuri,1984.0,Germany,Defender
6288,Mario Gómez,1985.0,Germany,Attack
6322,Patrick Helmes,,Germany,Attack
6427,Marco Donadel,1983.0,Italy,Midfield
6438,Cristian Ledesma,1982.0,Italy,Midfield
6442,Antonio Rosati,1983.0,Italy,Goalkeeper
6448,Mirko Vucinic,1983.0,Montenegro,Attack
6457,Axel Bellinghausen,1983.0,Germany,Midfield
6585,Kalu Uche,1982.0,Nigeria,Attack
6636,Christian Fuchs,1986.0,Austria,Defender
6645,Tranquillo Barnetta,1985.0,Switzerland,Midfield
6710,Per Mertesacker,1984.0,Germany,Defender
6717,Giuseppe Colucci,1980.0,Italy,Midfield
6721,Mario Santana,1981.0,Argentina,Attack
6722,Stefano Morrone,1978.0,Italy,Midfield
6750,Maurizio Domizzi,1980.0,Italy,Defender
6791,Kai Herdling,1984.0,Germany,Attack
6792,Luca Antonini,1982.0,Italy,Defender
6793,Angelo Palombo,1981.0,Italy,Midfield
6803,Henri Bedimo,1984.0,Cameroon,Defender
6832,Luciano Zauri,1978.0,Italy,Defender
6838,Henok Goitom,1984.0,Eritrea,Attack
6852,Maurizio Lanzaro,1982.0,Italy,Defender
6855,Georgios Samaras,1985.0,Greece,Attack
6893,Gabriel Tamas,1983.0,Romania,Defender
6970,Cédric Fauré,1979.0,France,Attack
6980,Julien Cardy,1981.0,France,Midfield
6986,Thibault Giresse,1981.0,France,Midfield
7028,Filip Daems,1978.0,Belgium,Defender
7093,Francesco Magnanelli,1984.0,Italy,Midfield
7096,Daniele Gastaldello,1983.0,Italy,Defender
7101,Paolo Sammarco,1983.0,Italy,Midfield
7102,Giorgio Frezzolini,1976.0,Italy,Goalkeeper
7109,Andrea Barzagli,1981.0,Italy,Defender
7161,Jonas Hofmann,1992.0,Germany,Midfield
7330,Steven Reid,1981.0,Ireland,Defender
7337,Alan Tate,1982.0,England,Defender
7353,Juanma Ortiz,1982.0,Spain,Defender
7358,Javier Pinola,1983.0,Argentina,Defender
7427,Ivica Olic,1979.0,Croatia,Attack
7449,Gaël Clichy,1985.0,France,Defender
7451,Mikel Arteta,1982.0,Spain,Midfield
7468,José Javier Barkero,1979.0,Spain,Midfield
7476,Xabi Alonso,1981.0,Spain,Midfield
7480,Joseba Llorente,1979.0,Spain,Attack
7486,Joan Capdevila,1978.0,Spain,Defender
7492,Manuel Pablo,1976.0,Spain,Defender
7499,Lionel Scaloni,1978.0,Argentina,Defender
7501,Juan Carlos Valerón,1975.0,Spain,Midfield
7512,Borja Fernández,1981.0,Spain,Midfield
7519,Rubén González,1982.0,Spain,Defender
7520,Esteban Cambiasso,1980.0,Argentina,Midfield
7528,Valdo,1981.0,Cape Verde,Attack
7537,José Manuel Pinto,1975.0,Spain,Goalkeeper
7542,Juanfran,1976.0,Spain,Defender
7563,Andrés Palop,1973.0,Spain,Goalkeeper
7568,David Navarro,1980.0,Spain,Defender
7572,Carlos Marchena,1979.0,Spain,Defender
7575,David Albelda,1977.0,Spain,Midfield
7589,Víctor Valdés,1982.0,Spain,Goalkeeper
7593,Fernando Navarro,1982.0,Spain,Defender
7594,Carles Puyol,1978.0,Spain,Defender
7600,Andrés Iniesta,1984.0,Spain,Midfield
7602,Thiago Motta,1982.0,Italy,Midfield
7607,Xavi,1980.0,Spain,Midfield
7611,Javier Saviola,1981.0,Argentina,Attack
7612,Daniel Aranzubia,1979.0,Spain,Goalkeeper
7631,Carlos Gurpegui,1980.0,Spain,Defender
7642,Toni Doblas,1980.0,Spain,Goalkeeper
7663,Joaquín,1981.0,Spain,Attack
7669,Leo Franco,1977.0,Argentina,Goalkeeper
7717,José Antonio Reyes,1983.0,Spain,Attack
7723,Antonio López,1981.0,Spain,Defender
7739,Patxi Puñal,1975.0,Spain,Midfield
7763,José María Movilla,1975.0,Spain,Midfield
7767,Fernando Torres,1984.0,Spain,Attack
7781,Alexis Ruano,1985.0,Spain,Defender
7782,Duda,1980.0,Portugal,Midfield
7797,Albano Bizzarri,1977.0,Argentina,Goalkeeper
7803,Mario Abrante,1982.0,Spain,Defender
7818,Óscar González,1982.0,Spain,Midfield
7825,Pepe Reina,1982.0,Spain,Goalkeeper
7828,Sergio Ballesteros,1975.0,Spain,Defender
7841,Carlos Aranda,1980.0,Spain,Attack
7858,Yossi Benayoun,1980.0,Israel,Attack
7867,Rodolfo Bodipo,1977.0,Equatorial Guinea,Attack
7874,Gorka Iraizoz,1981.0,Spain,Goalkeeper
7881,Alberto Lopo,1980.0,Spain,Defender
7899,Raúl Tamudo,1977.0,Spain,Attack
7901,Nano,1982.0,Spain,Defender
7914,Carlos Kameni,1984.0,Cameroon,Goalkeeper
7922,Sergio García,1983.0,Spain,Attack
7923,Roberto Trashorras,1981.0,Spain,Midfield
7945,Miguel Ángel Corona,1981.0,Spain,Midfield
7971,Salomon Kalou,1985.0,Cote d'Ivoire,Attack
7980,David Villa,1981.0,Spain,Attack
7983,Cani,1981.0,Spain,Midfield
7985,David Generelo,1982.0,Spain,Midfield
7989,Fernando Soriano,1979.0,Spain,Midfield
8019,Simão,1979.0,Portugal,Attack
8060,Carl Medjani,1985.0,Algeria,Midfield
8108,Lluis Sastre,1986.0,Spain,Midfield
8163,Rodri,1984.0,Spain,Defender
8176,Oier Olazábal,1989.0,Spain,Goalkeeper
8184,Rubén Martínez,1984.0,Spain,Goalkeeper
8188,Jay Bothroyd,1982.0,England,Attack
8198,Cristiano Ronaldo,1985.0,Portugal,Attack
8206,Emmanuel Cascione,1983.0,Italy,Midfield
8207,Gianluca Grava,1977.0,Italy,Defender
8246,Philipp Pentke,1985.0,Germany,Goalkeeper
8317,Marcel Schäfer,1984.0,Germany,Defender
8323,Álvaro Rubio,1979.0,Spain,Midfield
8498,Florent Chaigneau,1984.0,France,Goalkeeper
8538,Tiago Mendes,1981.0,Portugal,Midfield
8552,Arouna Koné,1983.0,Cote d'Ivoire,Attack
8640,Andreas Lambertz,1984.0,Germany,Midfield
8730,Manu Lanzarote,1984.0,Spain,Midfield
8746,Carlos Peña,1983.0,Spain,Defender
8806,Cesc Fàbregas,1987.0,Spain,Midfield
8883,Emmanuel Adebayor,1984.0,Togo,Attack
8885,Jaroslav Plasil,1982.0,Czech Republic,Midfield
9091,Gustavo Munúa,1978.0,Uruguay,Goalkeeper
9218,Matthew Taylor,1981.0,England,Midfield
9239,Sébastien Grax,1984.0,France,Attack
9335,Rui Fonte,1990.0,Portugal,Attack
9340,Marvin Compper,1985.0,Germany,Defender
9354,Sejad Salihovic,1984.0,Bosnia-Herzegovina,Midfield
9413,Ricardo Vaz Tê,1986.0,Portugal,Attack
9422,Allan McGregor,1982.0,Scotland,Goalkeeper
9500,David Marshall,1985.0,Scotland,Goalkeeper
9508,Shaun Maloney,1983.0,Scotland,Midfield
9543,Edú,1981.0,Brazil,Attack
9594,Vincent Kompany,1986.0,Belgium,Defender
9619,Alan Hutton,1984.0,Scotland,Defender
9659,David Rozehnal,1980.0,Czech Republic,Defender
9697,Pavel Krmas,1980.0,Czech Republic,Defender
9706,Sotiris Kyrgiakos,1979.0,Greece,Defender
9711,Nery Castillo,1984.0,Mexico,Attack
9813,Bosingwa,1982.0,Portugal,Defender
9819,Ricardo Costa,1981.0,Portugal,Defender
9824,Hugo Almeida,1984.0,Portugal,Attack
9828,Ricardo Carvalho,1978.0,Portugal,Defender
9832,Paulo Ferreira,1979.0,Portugal,Defender
9850,Vangelis Moras,1981.0,Greece,Defender
9915,Reto Ziegler,1986.0,Switzerland,Defender
9956,James McFadden,1983.0,Scotland,Attack
9966,Almen Abdi,1986.0,Switzerland,Midfield
9967,Blerim Dzemaili,1986.0,Switzerland,Midfield
9975,Richard Chaplow,1985.0,England,Midfield
9988,Michael Dawson,1983.0,England,Defender
10003,Wes Morgan,1984.0,Jamaica,Defender
10250,Fabio Coltorti,1980.0,Switzerland,Goalkeeper
10255,Alexander Farnerud,1984.0,Sweden,Midfield
10289,Andrija Delibasic,1981.0,Montenegro,Attack
10329,Alexander Stolz,1983.0,Germany,Goalkeeper
10375,Shaun MacDonald,1988.0,Wales,Midfield
10471,Luiz Gustavo,1987.0,Brazil,Midfield
10503,Uwe Hünemeier,1986.0,Germany,Defender
10642,Mike Williamson,1983.0,England,Defender
10885,Karim Guédé,1985.0,Slovakia,Attack
11111,Ramiro Funes Mori,1991.0,Argentina,Defender
11268,Oliver Fink,1982.0,Germany,Midfield
11365,Kevin McNaughton,1982.0,Scotland,Defender
11530,Lionel Carole,1991.0,France,Defender
11680,Rob Green,1980.0,England,Goalkeeper
11765,Aytac Sulu,1985.0,Germany,Defender
12028,Kossi Agassa,1978.0,Togo,Goalkeeper
12029,Ludovic Butelle,1983.0,France,Goalkeeper
12033,Johan Liébus,1978.0,France,Goalkeeper
12093,Sylvain Marchal,1980.0,France,Defender
12096,Franck Béria,1983.0,France,Defender
12101,Franck Signorino,1981.0,France,Defender
12106,Ludovic Obraniak,1984.0,Poland,Midfield
12112,Per Kröldrup,1979.0,Denmark,Defender
12124,Glenn Whelan,1984.0,Ireland,Midfield
12125,Stephen Kelly,1983.0,Ireland,Defender
12127,Michael Turner,1983.0,England,Defender
12134,François Clerc,1983.0,France,Defender
12142,Michel Bastos,1983.0,Brazil,Midfield
12149,Lorik Cana,1983.0,Albania,Midfield
12249,Éver Banega,1988.0,Argentina,Midfield
12275,Jean-Pascal Mignot,1981.0,France,Defender
12282,Daley Blind,1990.0,Netherlands,Defender
12351,Hassan Yebda,1984.0,Algeria,Midfield
12379,Marc Planus,1982.0,France,Defender
12384,Alexander Tettey,1986.0,Norway,Midfield
12386,Grégory Bourillon,1984.0,France,Defender
12387,Jacques Faty,1984.0,Senegal,Defender
12502,Sigamary Diarra,1984.0,Mali,Midfield
12503,Souleymane Diawara,1978.0,Senegal,Defender
12508,Yann Jouffre,1984.0,France,Midfield
12515,Guirane N'Daw,1984.0,Senegal,Midfield
12516,Peter Odemwingie,1981.0,Nigeria,Attack
12517,Oguchi Onyewu,1982.0,United States,Defender
12518,Silvio Proto,1983.0,Belgium,Goalkeeper
12563,Goran Pandev,1983.0,North Macedonia,Attack
12628,Noel Hunt,1982.0,Ireland,Attack
12691,James Collins,1983.0,Wales,Defender
12693,Stephen Dobbie,1982.0,Scotland,Attack
12704,Steven Whittaker,1984.0,Scotland,Defender
12709,Danny Gabbidon,1979.0,Wales,Defender
12763,Steven Naismith,1986.0,Scotland,Attack
12814,Julián Speroni,1979.0,Argentina,Goalkeeper
12864,Jaroslav Drobny,1979.0,Czech Republic,Goalkeeper
12906,Michaël Ciani,1984.0,France,Defender
12907,Alessio Cragno,1994.0,Italy,Goalkeeper
12957,Bertrand Laquait,1977.0,France,Goalkeeper
13023,Igor de Camargo,1983.0,Belgium,Attack
13038,Arthur Boka,1983.0,Cote d'Ivoire,Defender
13091,Yaya Touré,1983.0,Cote d'Ivoire,Midfield
13121,Bruno Alves,1981.0,Portugal,Defender
13168,Raúl Meireles,1983.0,Portugal,Midfield
13217,João Pereira,1984.0,Portugal,Defender
13239,Darren Bent,1984.0,England,Attack
13412,Grant Holt,1981.0,England,Attack
13426,Nicky Shorey,1981.0,England,Defender
13427,Steve Sidwell,1982.0,England,Midfield
13443,Lee Camp,1984.0,Northern Ireland,Goalkeeper
13460,Lee Grant,1983.0,England,Goalkeeper
13465,Tom Huddlestone,1986.0,England,Midfield
13507,Leighton Baines,1984.0,England,Defender
13520,Phil Jagielka,1982.0,England,Defender
13572,Ben Foster,1983.0,England,Goalkeeper
13573,Simon Francis,1985.0,England,Defender
13582,Karl Henry,1982.0,England,Midfield
13583,Clint Hill,1978.0,England,Defender
13616,Andy Wilkinson,1984.0,England,Defender
13640,Kelvin Davis,1976.0,England,Goalkeeper
13683,Dean Whitehead,1982.0,England,Midfield
13686,Thomas Bröker,1985.0,Germany,Attack
13749,Gaby Mudingayi,1981.0,Belgium,Midfield
13796,Grant Leadbitter,1986.0,England,Midfield
13829,Diego Lugano,1980.0,Uruguay,Defender
13872,Zé Castro,1983.0,Portugal,Defender
13979,Ashkan Dejagah,1986.0,Iran,Attack
14007,Shaun Derry,1977.0,England,Midfield
14013,Matty Fryatt,1986.0,England,Attack
14031,Andy Johnson,1981.0,England,Attack
14041,Mikele Leigertwood,1982.0,Antigua and Barbuda,Midfield
14047,Jobi McAnuff,1981.0,Jamaica,Attack
14066,Wayne Routledge,1985.0,England,Attack
14081,Ben Watson,1985.0,England,Midfield
14086,Ashley Young,1985.0,England,Defender
14132,Pepe,1983.0,Portugal,Defender
14178,David Vaughan,1983.0,Wales,Midfield
14192,Eliseu,1983.0,Portugal,Defender
14219,Dario Kresic,1984.0,Croatia,Goalkeeper
14221,Aaron Lennon,1987.0,England,Attack
14244,Paulo Assunção,1980.0,Brazil,Midfield
14259,Antolín Alcaraz,1982.0,Paraguay,Defender
14334,Marcos António,1983.0,Brazil,Defender
14342,José Nunes,1977.0,Portugal,Defender
14533,Pirmin Schwegler,1987.0,Switzerland,Midfield
14535,Iago Bouzón,1983.0,Spain,Defender
14746,Don Cowie,1983.0,Scotland,Midfield
14856,Andreas Ottl,1985.0,Germany,Midfield
14882,Cédric Makiadi,1984.0,DR Congo,Midfield
14937,Stipe Pletikosa,1979.0,Croatia,Goalkeeper
14940,Razvan Rat,1981.0,Romania,Defender
14942,Darijo Srna,1982.0,Croatia,Defender
14944,Anatoliy Tymoshchuk,1979.0,Ukraine,Midfield
14948,Brandão,1980.0,Brazil,Attack
14949,Rio Mavuba,1984.0,France,Midfield
14951,Stéphane Darbion,1984.0,France,Midfield
14974,Bo Svensson,1979.0,Denmark,Defender
14977,Christoph Janker,1985.0,Germany,Defender
15045,Niki Zimling,1985.0,Denmark,Midfield
15052,Thomas Kahlenberg,1983.0,Denmark,Midfield
15074,Pavel Pogrebnyak,1983.0,Russia,Attack
15164,Keiren Westwood,1984.0,Ireland,Goalkeeper
15166,Liam Rosenior,1984.0,England,Defender
15185,Lukas Podolski,1985.0,Germany,Attack
15220,Artur Boruc,1980.0,Poland,Goalkeeper
15275,Geoffrey Dernis,1980.0,France,Attack
15300,Miso Brecko,1984.0,Slovenia,Defender
15342,Rodrigo Taddei,1980.0,Brazil,Attack
15378,Andrey Arshavin,1981.0,Russia,Attack
15420,Alex,1982.0,Brazil,Defender
15452,Raúl Albiol,1985.0,Spain,Defender
15461,Jaime Gavilán,1985.0,Spain,Attack
15486,Aristide Bancé,1984.0,Burkina Faso,Attack
15500,Ángel López,1981.0,Spain,Defender
15511,Robinho,1984.0,Brazil,Attack
15567,Grégory Lorenzi,1983.0,France,Defender
15568,Bruno Gama,1987.0,Portugal,Attack
15693,Xabi Prieto,1983.0,Spain,Midfield
15715,Borja Oubiña,1982.0,Spain,Midfield
15760,Ibrahim Afellay,1986.0,Netherlands,Midfield
15761,Marc Bertrán,1982.0,Spain,Defender
15764,Moisés Hurtado,1981.0,Spain,Midfield
15773,Phil Bardsley,1985.0,Scotland,Defender
15788,Yohann Rivière,1984.0,France,Attack
15790,Ferrán Corominas,1983.0,Spain,Attack
15799,Santi Cazorla,1984.0,Spain,Midfield
15804,Andoni Iraola,1982.0,Spain,Defender
15808,Romaric,1983.0,Cote d'Ivoire,Midfield
15844,Anthony Vanden Borre,1987.0,Belgium,Defender
15888,Dániel Tőzsér,1985.0,Hungary,Midfield
15904,Thomas Vermaelen,1985.0,Belgium,Defender
15921,Matt Jarvis,1986.0,England,Attack
15929,Jamie Mackie,1985.0,Scotland,Attack
15930,David Martin,1986.0,England,Goalkeeper
15951,Dani Alves,1983.0,Brazil,Defender
15952,Júlio Baptista,1981.0,Brazil,Midfield
15955,Josep Lluís Martí,1975.0,Spain,Midfield
15956,Jesús Navas,1985.0,Spain,Midfield
15974,Esteban,1975.0,Spain,Goalkeeper
15980,Juan Calatayud,1979.0,Spain,Goalkeeper
15981,Álex Geijo,1982.0,Spain,Attack
15983,Juan Rodríguez,1982.0,Spain,Midfield
16117,Nicola Pozzi,1986.0,Italy,Attack
16120,Édgar Barreto,1984.0,Paraguay,Midfield
16124,Ayoze Díaz,1982.0,Spain,Defender
16135,Ryan Babel,1986.0,Netherlands,Attack
16136,Dante,1983.0,Brazil,Defender
16137,Franco Brienza,1979.0,Italy,Midfield
16306,Casemiro,1992.0,Brazil,Midfield
16311,Rouwen Hennings,1987.0,Germany,Attack
16315,Rafa López,1985.0,Spain,Defender
16353,Mickaël Chrétien Basser,1984.0,Morocco,Defender
16402,Theofanis Gekas,1980.0,Greece,Attack
16408,Orestis Karnezis,1985.0,Greece,Goalkeeper
16458,Loukas Vyntra,1981.0,Greece,Defender
16474,Alexander Baumjohann,1987.0,Germany,Midfield
16498,Ramazan Özcan,1984.0,Austria,Goalkeeper
16520,Marco Russ,1985.0,Germany,Defender
16565,Daniel Halfar,,Germany,Midfield
16576,Carlos Cuéllar,1981.0,Spain,Defender
16591,Nicolas Maurice-Belay,1985.0,France,Midfield
16595,Juan Valera,1984.0,Spain,Defender
16624,Marcell Jansen,1985.0,Germany,Attack
16631,Ignazio Abate,1986.0,Italy,Defender
16633,Alex Cordaz,1983.0,Italy,Goalkeeper
16635,Juanfran Torres,1985.0,Spain,Defender
16649,Jefferson Farfán,1984.0,Peru,Attack
16651,Enzo Maresca,1980.0,Italy,Midfield
16716,Danny Guthrie,1987.0,England,Midfield
16726,Markus Steinhöfer,1986.0,Germany,Defender
16731,Edson Braafheid,1983.0,Netherlands,Defender
16743,Daniel Brückner,1981.0,Germany,Defender
16744,Giandomenico Mesto,1982.0,Italy,Defender
16746,Niko Kranjcar,1984.0,Croatia,Midfield
16810,Marco Amelia,1982.0,Italy,Goalkeeper
16828,Alessandro Potenza,1984.0,Italy,Defender
16831,Ken Reichel,1986.0,Germany,Defender
16833,Ciprian Marica,1985.0,Romania,Attack
16843,Wolfgang Hesl,1986.0,Germany,Goalkeeper
16868,Alessandro Gamberini,1981.0,Italy,Defender
16870,Cesare Natali,1979.0,Italy,Defender
16873,Claudio Terzi,1984.0,Italy,Defender
16888,Federico Agliardi,1983.0,Italy,Goalkeeper
16891,Paolo Castellini,1979.0,Italy,Defender
16893,Antonio Floro Flores,1983.0,Italy,Attack
16902,Alessandro Rosina,1984.0,Italy,Attack
16911,Kasper Schmeichel,1986.0,Denmark,Goalkeeper
16922,Kevin-Prince Boateng,1987.0,Ghana,Midfield
16947,Marcin Wasilewski,1980.0,Poland,Defender
16956,Slawomir Peszko,1985.0,Poland,Attack
16968,Marcel de Jong,1986.0,Canada,Defender
16993,Jérémy Ménez,1987.0,France,Attack
17025,Marvin Matip,1985.0,Cameroon,Defender
17127,Felipe,1984.0,Brazil,Defender
17129,Sulley Muntari,1984.0,Ghana,Midfield
17130,Michele Pazienza,1982.0,Italy,Midfield
17171,Alessandro Agostini,1979.0,Italy,Defender
17179,Marko Basa,1982.0,Montenegro,Defender
17244,Ilan,1980.0,Brazil,Attack
17249,Simone Pepe,1983.0,Italy,Attack
17259,Manuel Neuer,1986.0,Germany,Goalkeeper
17273,Steven Taylor,1986.0,England,Defender
17348,Steeve Elana,1980.0,Martinique,Goalkeeper
17396,Mathieu Flamini,1984.0,France,Midfield
17422,Fousseni Diawara,1980.0,Mali,Defender
17432,Hérita Ilunga,1982.0,DR Congo,Defender
17441,Julien Sablé,1980.0,France,Midfield
17491,Roberto Lago,1985.0,Spain,Defender
17555,Nélson,1983.0,Portugal,Defender
17675,Florian Jarjat,1980.0,France,Defender
17689,Sascha Mölders,1985.0,Germany,Attack
17693,Sébastien Roudet,1981.0,France,Midfield
17735,Djamel Mesbah,1984.0,Algeria,Defender
17804,Sébastien Pocognoli,1987.0,Belgium,Defender
17880,Stephan Andersen,1981.0,Denmark,Goalkeeper
17885,Karim Haggui,1984.0,Tunisia,Defender
17965,Hugo Lloris,1986.0,France,Goalkeeper
18006,Michael Krohn-Dehli,1983.0,Denmark,Midfield
18021,Paul Verhaegh,1983.0,Netherlands,Defender
18036,Nicolas Douchez,1980.0,France,Goalkeeper
18091,Derek Boateng,1983.0,Ghana,Midfield
18093,Julien Faubert,1983.0,France,Defender
18100,Per Nilsson,1982.0,Sweden,Defender
18227,Curtis Davies,1985.0,England,Defender
18277,Marco Sailer,1985.0,Germany,Attack
18290,Matthias Henn,1985.0,Germany,Defender
18298,Olivier Auriac,1983.0,France,Midfield
18301,Maicon,1981.0,Brazil,Defender
18310,Benoît Assou-Ekotto,1984.0,Cameroon,Defender
18324,Zoltán Gera,1979.0,Hungary,Midfield
18331,Szabolcs Huszti,1983.0,Hungary,Midfield
18379,Damir Vrancic,1985.0,Germany,Midfield
18397,Salim Arrache,1982.0,Algeria,Attack
18416,Aloys Nong,1983.0,Cameroon,Attack
18445,Betão,1983.0,Brazil,Defender
18533,Michael Parensen,1986.0,Germany,Defender
18542,François Modesto,1978.0,France,Defender
18543,Víctor Montaño,1984.0,Colombia,Attack
18644,Álvaro Negredo,1985.0,Spain,Attack
18673,Joan Hartock,1987.0,Martinique,Goalkeeper
18702,Julien Ielsch,1983.0,France,Defender
18828,Milos Krasic,1984.0,Serbia,Attack
18829,Vágner Love,1984.0,Brazil,Attack
18833,Tim Hoogland,1985.0,Germany,Defender
18860,Franck Dja Djédjé,1986.0,Cote d'Ivoire,Attack
18871,Jean Beausejour,1984.0,Chile,Defender
18900,Hatem Ben Arfa,1987.0,France,Midfield
18901,Jérémy Clément,1984.0,France,Midfield
18909,Jimmy Briand,1985.0,France,Attack
18912,Yoann Gourcuff,1986.0,France,Midfield
18918,Per Ciljan Skjelbred,1987.0,Norway,Midfield
18922,Karim Benzema,1987.0,France,Attack
18934,Thomas Mangani,1987.0,France,Midfield
18935,Samir Nasri,1987.0,France,Midfield
18940,Rémy Riou,1987.0,France,Goalkeeper
18944,Gerard Piqué,1987.0,Spain,Defender
18955,Renaud Cohade,1984.0,France,Midfield
18958,Alejandro Domínguez,1981.0,Argentina,Midfield
19041,Gökhan Inler,1984.0,Switzerland,Midfield
19045,David Sauget,1979.0,France,Defender
19057,Hedwiges Maduro,1985.0,Netherlands,Midfield
19059,Heurelho Gomes,1981.0,Brazil,Goalkeeper
19083,Mikael Antonsson,1981.0,Sweden,Defender
19085,Marouane Chamakh,1984.0,Morocco,Attack
19104,Giuseppe Rossi,1987.0,Italy,Attack
19112,Christian Gentner,1985.0,Germany,Midfield
19119,Landry Bonnefoi,1983.0,France,Goalkeeper
19136,Marco Storari,1977.0,Italy,Goalkeeper
19139,Jonathan Pitroipa,1986.0,Burkina Faso,Attack
19182,Salvatore Aronica,1978.0,Italy,Defender
19286,Nikolaos Spyropoulos,1983.0,Greece,Defender
19305,Oscar Wendt,1985.0,Sweden,Defender
19354,Dennis Aogo,1987.0,Germany,Defender
19368,Mousa Dembélé,1987.0,Belgium,Midfield
19385,Karim Matmour,1985.0,Algeria,Attack
19435,Gianpaolo Bellini,1980.0,Italy,Defender
19437,Igor Budan,1980.0,Croatia,Attack
19438,Michele Canini,1985.0,Italy,Defender
19442,Andrea Lazzari,1984.0,Italy,Midfield
19446,Riccardo Montolivo,1985.0,Italy,Midfield
19447,Giampaolo Pazzini,1984.0,Italy,Attack
19548,Eugen Polanski,1986.0,Poland,Midfield
19636,Panagiotis Kone,1987.0,Greece,Midfield
19641,Emmerson Boyce,1979.0,Barbados,Defender
19671,Daniel Pavlovic,1988.0,Bosnia-Herzegovina,Defender
19694,Dusan Basta,1984.0,Serbia,Defender
19708,Boško Janković,1984.0,Serbia,Attack
19721,Goran Popov,1984.0,North Macedonia,Defender
19726,Nemanja Vidic‎,1981.0,Serbia,Defender
19736,Dominik Stroh-Engel,1985.0,Germany,Attack
19819,Raffael,1985.0,Brazil,Attack
19946,Pablo Barrientos,1985.0,Argentina,Attack
19948,Willy Caballero,1981.0,Argentina,Goalkeeper
19958,Nereo Champagne,1985.0,Argentina,Goalkeeper
19979,Germán Lux,1982.0,Argentina,Goalkeeper
19981,Javier Mascherano,1984.0,Argentina,Midfield
19998,Gonzalo Rodríguez,1984.0,Argentina,Defender
20003,Matías Silvestre,1984.0,Argentina,Defender
20005,Papu Gómez,1988.0,Argentina,Attack
20007,Pablo Zabaleta,1985.0,Argentina,Defender
20081,Gelson Fernandes,1986.0,Switzerland,Midfield
20137,José Sosa,1985.0,Argentina,Midfield
20276,Florian Klein,1986.0,Austria,Defender
20313,Jesper Juelsgaard,1989.0,Denmark,Defender
20346,David Barral,1983.0,Spain,Attack
20378,Diego Pérez,1980.0,Uruguay,Midfield
20410,Jussiê,1983.0,Brazil,Midfield
20444,Tobias Weis,,Germany,Midfield
20463,Corentin Jean,1995.0,France,Attack
20506,Andrés Guardado,1986.0,Mexico,Midfield
20586,Urby Emanuelson,1986.0,Netherlands,Midfield
20622,Arnold Mvuemba,1985.0,DR Congo,Midfield
20714,Tal Ben Haim,1982.0,Israel,Defender
20726,Rolando Bianchi,1983.0,Italy,Attack
20730,Daniele Conti,1979.0,Italy,Midfield
20778,Adam Bodzek,1985.0,Poland,Midfield
20913,Giuseppe Biava,1977.0,Italy,Defender
20920,Michele Ferri,1981.0,Italy,Defender
20941,Christian Terlizzi,1979.0,Italy,Defender
20975,Leroy Lita,1984.0,England,Attack
21039,Milan Ivana,1983.0,Slovakia,Midfield
21042,Michal Kadlec,1984.0,Czech Republic,Defender
21060,Martin Latka,1984.0,Czech Republic,Defender
21101,Milan Petrzela,1983.0,Czech Republic,Midfield
21151,Christian Maggio,1982.0,Italy,Defender
21175,Vedad Ibisevic,1984.0,Bosnia-Herzegovina,Attack
21227,Zdenek Pospech,1978.0,Czech Republic,Defender
21297,Levy Madinda,1992.0,Gabon,Midfield
21327,Ron-Robert Zieler,1989.0,Germany,Goalkeeper
21333,Aiden McGeady,1986.0,Ireland,Attack
21354,Marek Cech,1983.0,Slovakia,Defender
21369,Arda Turan,1987.0,Turkey,Attack
21490,Mounir El Hamdaoui,1984.0,Morocco,Attack
21496,Brett Holman,1984.0,Australia,Midfield
21590,Gibril Sankoh,1983.0,Sierra Leone,Defender
21690,Daniele Mannini,1983.0,Italy,Midfield
21696,Daniele Portanova,1978.0,Italy,Defender
21701,Simone Vergassola,1976.0,Italy,Midfield
21725,Filipe Luís,1985.0,Brazil,Defender
21726,Philipp Tschauner,1985.0,Germany,Goalkeeper
21748,Alessio Cerci,1987.0,Italy,Attack
21752,Tommaso Berni,1983.0,Italy,Goalkeeper
21756,Giulio Migliaccio,1981.0,Italy,Midfield
21763,Federico Peluso,1984.0,Italy,Defender
21769,Salvatore Masiello,1982.0,Italy,Defender
21770,Gennaro Sardo,1979.0,Italy,Defender
21779,Antonio Bocchetti,1980.0,Italy,Defender
21780,Daniele Cacia,1983.0,Italy,Attack
21782,Hugo Campagnaro,1980.0,Argentina,Defender
21829,Francesco Benussi,1981.0,Italy,Goalkeeper
21859,Mattia Cassani,1983.0,Italy,Defender
21861,Andrea Cossu,1980.0,Italy,Midfield
21863,Andrea Dossena,1981.0,Italy,Midfield
21872,Gianluca Pegolo,1981.0,Italy,Goalkeeper
21876,Federico Balzaretti,1981.0,Italy,Defender
21887,Giovanni Marchese,1984.0,Italy,Defender
21891,Stefano Sorrentino,1979.0,Italy,Goalkeeper
21905,Valon Behrami,1985.0,Switzerland,Midfield
21935,Andrea Mantovani,1984.0,Italy,Defender
21942,Davide Moscardelli,1980.0,Italy,Attack
21954,Marco Rigoni,1980.0,Italy,Midfield
21955,Marco Rossi,1978.0,Italy,Midfield
21972,Cristian Molinaro,1983.0,Italy,Defender
21988,Leandro Rinaudo,1983.0,Italy,Defender
22053,Mario Licka,1982.0,Czech Republic,Midfield
22068,Franck Ribéry,1983.0,France,Attack
22092,Lorenzo Squizzi,1974.0,Italy,Goalkeeper
22093,Guglielmo Stendardo,1981.0,Italy,Defender
22102,Paolo Bianco,1977.0,Italy,Defender
22123,Ciro Polito,1979.0,Italy,Goalkeeper
22131,Jaime Valdés,1981.0,Chile,Midfield
22139,Abdoulay Konko,1984.0,France,Defender
22140,Domenico Maietta,1982.0,Italy,Defender
22141,Antonio Mirante,1983.0,Italy,Goalkeeper
22149,Jean-François Gillet,1979.0,Belgium,Goalkeeper
22165,Charles N'Zogbia,1986.0,France,Attack
22185,Vlada Avramov,1979.0,Serbia,Goalkeeper
22186,Davide Biondini,1983.0,Italy,Midfield
22202,Diego Milito,1979.0,Argentina,Attack
22203,Antonio Nocerino,1985.0,Italy,Midfield
22210,Luca Rigoni,1984.0,Italy,Midfield
22217,Roberto Vitiello,1983.0,Italy,Defender
22249,Cristian Raimondi,1981.0,Italy,Midfield
22268,Emanuele Calaiò,1982.0,Italy,Attack
22285,Maurizio Pugliesi,1976.0,Italy,Goalkeeper
22318,Federico Marchetti,1983.0,Italy,Goalkeeper
22320,Francesco Modesto,1982.0,Italy,Defender
22328,Fabio Quagliarella,1983.0,,Attack
22338,Laurent Ciman,1985.0,Belgium,Defender
22377,Fabien Camus,1985.0,Tunisia,Midfield
22386,Daniel Congré,1985.0,France,Defender
22388,Bafétimbi Gomis,1985.0,France,Attack
22390,Loïc Perrin,1985.0,France,Defender
22395,Adil Hermach,1986.0,Morocco,Missing
22396,Alexis Thébaux,1985.0,France,Goalkeeper
22412,Júlio César,1979.0,Brazil,Goalkeeper
22491,Anders Lindegaard,1984.0,Denmark,Goalkeeper
22542,Jens Wemmer,1985.0,Germany,Defender
22550,Weligton,1979.0,Brazil,Defender
22568,Juanlu,1980.0,Spain,Midfield
22586,Toché,1983.0,Spain,Attack
22594,Daniele Galloppa,1985.0,Italy,Midfield
22598,Gianni Munari,1983.0,Italy,Midfield
22614,Robert Snodgrass,1987.0,Scotland,Attack
22628,Benoît Costil,1987.0,France,Goalkeeper
22630,Yohann Eudeline,1982.0,France,Attack
22632,Cédric Hengbart,1980.0,France,Defender
22635,Reynald Lemaître,1983.0,France,Defender
22636,Benoît Lesoimier,1983.0,France,Attack
22642,Nicolas Seube,1979.0,France,Midfield
22645,Ronald Zubar,1985.0,Guadeloupe,Defender
22673,Emil Hallfredsson,1984.0,Iceland,Midfield
22686,Cephas Malele,1994.0,Switzerland,Attack
22749,Daniele Croce,1982.0,Italy,Midfield
22801,Guly,1981.0,Brazil,Midfield
22820,Túlio de Melo,1985.0,Brazil,Attack
22832,Daniel Agger,1984.0,Denmark,Defender
22837,Leon Andreasen,1983.0,Denmark,Midfield
22860,Jesper Hansen,1985.0,Denmark,Goalkeeper
22948,Thiago Ribeiro,1986.0,Brazil,Attack
22969,Gabi,1983.0,Spain,Midfield
23097,Simon Poulsen,1984.0,Denmark,Defender
23102,Riki,1980.0,Spain,Attack
23163,Elvis Abbruscato,1981.0,Italy,Attack
23197,Alessandro Diamanti,1983.0,Italy,Midfield
23218,Javier Garrido,1985.0,Spain,Defender
23247,Mikel Labaka,1980.0,Spain,Defender
23284,Manuel Pasqual,1982.0,Italy,Defender
23287,Nacho,1980.0,Spain,Defender
23306,Alberto Rivera,1978.0,Spain,Midfield
23338,Asier Riesgo,1983.0,Spain,Goalkeeper
23345,Barreto,1985.0,Brazil,Attack
23365,Reginaldo,1983.0,Brazil,Attack
23366,Eros Schiavon,1983.0,Italy,Midfield
23367,Alessio Sestu,1983.0,Italy,Attack
23553,Lennart Thy,1992.0,Germany,Attack
23825,Yoan Gouffran,1986.0,France,Attack
23874,Vincent Rüfli,1988.0,Switzerland,Defender
23888,Fatih Atik,1984.0,Turkey,Midfield
23890,Sekou Baradji,1984.0,France,Midfield
23897,Olivier Blondel,1979.0,France,Goalkeeper
23898,Laurent Bonnart,1979.0,France,Defender
23914,Lassana Diarra,1985.0,France,Midfield
23918,David Ducourtioux,1978.0,France,Defender
23934,Guillaume Hoarau,1984.0,France,Attack
23938,Geoffrey Jourdren,1986.0,France,Goalkeeper
23951,Steve Mandanda,1985.0,France,Goalkeeper
23952,Christophe Mandanne,1985.0,France,Attack
23955,Joris Marveaux,1982.0,Martinique,Midfield
23960,Jérémy Morel,1984.0,Madagascar,Defender
23966,Jérémy Perbet,1984.0,France,Attack
23974,Romain Salin,1984.0,France,Goalkeeper
23976,Richard Soumah,1986.0,Guinea,Defender
24001,Gianluca Curci,1985.0,Italy,Goalkeeper
24105,Simon Pouplin,1985.0,France,Goalkeeper
24112,Rune Jarstein,1984.0,Norway,Goalkeeper
24155,Olivier Occéan,1981.0,Canada,Attack
24180,Martin Skrtel,1984.0,Slovakia,Defender
24232,Ronny Garbuschewski,1986.0,Germany,Midfield
24284,Alexandros Tzorvas,1982.0,Greece,Goalkeeper
24305,Giuseppe De Feudis,1983.0,Italy,Midfield
24316,Emiliano Viviano,1985.0,,Goalkeeper
24459,Eden Ben Basat,1986.0,Israel,Attack
24502,Dariusz Dudka,1983.0,Poland,Defender
24589,Wes Hoolahan,1982.0,Ireland,Midfield
24606,Bostjan Cesar,1982.0,Slovenia,Defender
24634,David Jones,1984.0,England,Midfield
24636,Paul McShane,1986.0,Ireland,Defender
24661,Milan Bisevac,1983.0,Serbia,Defender
24700,Pedrinho,1985.0,Portugal,Defender
24856,Radoslav Zabavnik,1980.0,Slovakia,Defender
24862,Kemy Agustien,1986.0,Curacao,Midfield
24877,Ronnie Stam,1984.0,Netherlands,Defender
24977,Vasilios Torosidis,1985.0,Greece,Defender
25106,Evaldo,1982.0,Brazil,Defender
25113,Bruno Grougi,1983.0,Martinique,Midfield
25115,Claudiu Keseru,1986.0,Romania,Attack
25248,Jonas Olsson,1983.0,Sweden,Defender
25316,Rubén Castro,1981.0,Spain,Attack
25318,Matteo Contini,1980.0,Italy,Defender
25319,Momo,1982.0,Spain,Attack
25366,Michael Kightly,1986.0,England,Attack
25411,Javier Arizmendi,1984.0,Spain,Attack
25412,Pedro López,1983.0,Spain,Defender
25427,Roy Beerens,1987.0,Netherlands,Attack
25441,Zdravko Kuzmanovic,1987.0,Serbia,Midfield
25461,Javier Flaño,1984.0,Spain,Defender
25468,Sebastian Freis,1985.0,Germany,Attack
25488,Antonio Candreva,1987.0,Italy,Midfield
25508,Salvatore Sirigu,1987.0,Italy,Goalkeeper
25523,Karim El Ahmadi,1985.0,Morocco,Midfield
25542,Elsad Zverotic,1986.0,Montenegro,Defender
25553,Brede Hangeland,1981.0,Norway,Defender
25557,Sergio Ramos,1986.0,Spain,Defender
25617,Danijel Pranjic,1981.0,Croatia,Defender
25727,Lukasz Piszczek,1985.0,Poland,Defender
25742,Nikica Jelavic,1985.0,Croatia,Attack
25758,Jaba Kankava,1986.0,Georgia,Midfield
25785,Erwin Hoffer,1987.0,Austria,Attack
25812,Emir Spahic,1980.0,Bosnia-Herzegovina,Defender
25834,Joe Lewis,1987.0,England,Goalkeeper
25942,Cristian Săpunaru,1984.0,Romania,Defender
26063,Juan Arango,1980.0,Venezuela,Midfield
26065,Miguel Ángel Moyá,1984.0,Spain,Goalkeeper
26066,Iván Ramis,1984.0,Spain,Defender
26105,Valter Birsa,1986.0,Slovenia,Midfield
26148,Juanjo Camacho,1980.0,Spain,Midfield
26199,Verza,1986.0,Spain,Missing
26263,Maxi López,1984.0,Argentina,Attack
26267,Fernandinho,1985.0,Brazil,Midfield
26276,Michel Vorm,1983.0,Netherlands,Goalkeeper
26399,Sergio Agüero,1988.0,Argentina,Attack
26407,Daniel Braaten,1982.0,Norway,Attack
26443,Jonás Gutiérrez,1983.0,Argentina,Midfield
26456,Mauro Zárate,1987.0,Argentina,Attack
26485,Jérôme Boateng,1988.0,Germany,Defender
26486,Chinedu Ede,1987.0,Germany,Attack
26574,Masoud Shojaei,1984.0,Iran,Midfield
26633,Ali Al-Habsi,1981.0,Oman,Goalkeeper
26669,Ragnar Klavan,1985.0,Estonia,Defender
26721,Lucas Biglia,1986.0,Argentina,Midfield
26763,Abou Diaby,1986.0,France,Midfield
26764,Bacary Sagna,1983.0,France,Defender
26801,Hernán Pellerano,1984.0,Argentina,Defender
26878,Tobias Werner,1985.0,Germany,Attack
26946,Robert Koren,1980.0,Slovenia,Midfield
27114,Younès Kaboul,1986.0,France,Defender
27292,Daniel Larsson,1987.0,Sweden,Attack
27300,Rolando,1985.0,Portugal,Defender
27305,Mathieu Bodmer,1982.0,France,Midfield
27306,Mathieu Debuchy,1985.0,France,Defender
27307,Nicolas Fauvergue,1984.0,France,Attack
27374,Sidnei,1989.0,Brazil,Defender
27389,Kévin Gameiro,1987.0,France,Attack
27390,Florent Ghisolfi,1985.0,France,Midfield
27394,Alex Song,1987.0,Cameroon,Midfield
27448,Marcos Angeleri,1983.0,Argentina,Defender
27453,Diego Colotto,1981.0,Argentina,Defender
27470,Stéphane Mbia,1986.0,Cameroon,Midfield
27471,Diego Capel,1988.0,Spain,Attack
27486,Kiko Casilla,1986.0,Spain,Goalkeeper
27487,Francisco Molinero,1985.0,Spain,Defender
27490,Jean-Louis Leca,1985.0,France,Goalkeeper
27493,Iván Cuéllar,1984.0,Spain,Goalkeeper
27505,Markus Rosenberg,1982.0,Sweden,Attack
27511,Gary Cahill,1985.0,England,Defender
27554,Manuel Pamic,1986.0,Croatia,Defender
27577,Clint Dempsey,1983.0,United States,Attack
27611,Stephan Schröck,1986.0,Philippines,Midfield
27614,James Morrison,1986.0,Scotland,Midfield
27659,Martin Cranie,1986.0,England,Defender
27661,Lisandro López,1983.0,Argentina,Attack
27683,Jesús Vázquez,1980.0,Spain,Midfield
27800,Atsuto Uchida,1988.0,Japan,Defender
27805,Eljero Elia,1987.0,Netherlands,Attack
27807,Daniele Padelli,1985.0,Italy,Goalkeeper
27900,Mensur Mujdza,1984.0,Bosnia-Herzegovina,Defender
27924,Antonio Rukavina,1984.0,Serbia,Defender
27941,Danijel Subasic,1984.0,Croatia,Goalkeeper
27992,Luka Modrić,1985.0,Croatia,Midfield
28002,Damià Abella,1982.0,Spain,Defender
28003,Lionel Messi,1987.0,Argentina,Attack
28005,Joan Verdú,1983.0,Spain,Midfield
28007,Luca Anania,1980.0,Italy,Goalkeeper
28020,Massimo Gobbi,1980.0,Italy,Defender
28021,Samir Handanovic,1984.0,,Goalkeeper
28022,Alessandro Lucarelli,1977.0,Italy,Defender
28026,Massimo Paci,1978.0,Italy,Defender
28027,Nicola Pavarini,1974.0,Italy,Goalkeeper
28031,Marco Zambelli,1985.0,Italy,Defender
28140,Max Gradel,1987.0,Cote d'Ivoire,Attack
28163,Francisco Rodríguez,1981.0,Mexico,Defender
28171,Chory Castro,1984.0,Uruguay,Attack
28245,Kenwyne Jones,1984.0,Trinidad and Tobago,Attack
28252,Alban Meha,1986.0,Kosovo,Midfield
28260,Álvaro Arbeloa,1983.0,Spain,Defender
28261,José Manuel Jurado,1986.0,Spain,Midfield
28285,Dani Pacheco,1991.0,Spain,Midfield
28307,Jonathan Brison,1983.0,France,Defender
28318,Pape Diakhaté,1984.0,Senegal,Defender
28328,Julien Féret,1982.0,France,Midfield
28335,Christophe Jallet,1983.0,France,Defender
28336,Mile Jedinak,1984.0,Australia,Midfield
28356,Denis Petric,1988.0,Slovenia,Goalkeeper
28396,Edin Dzeko,1986.0,Bosnia-Herzegovina,Attack
28511,David Gigliotti,1985.0,France,Attack
28683,Gojko Kacar,1987.0,Serbia,Midfield
28705,Dusan Veskovac,1986.0,Serbia,Defender
28810,Nedum Onuoha,1986.0,England,Defender
28817,Gabriele Perico,1984.0,Italy,Defender
28818,Luca Belingheri,1983.0,Italy,Midfield
28827,Alessandro Gazzi,1983.0,Italy,Midfield
28828,Gabriele Aldegani,1976.0,Italy,Goalkeeper
28833,Andrea Coda,1985.0,Italy,Defender
28841,Davide Moro,1982.0,Italy,Midfield
28845,Andrea Raggi,1984.0,Italy,Defender
28851,Manuel Coppola,1982.0,Italy,Midfield
28855,Raffaele Palladino,1984.0,Italy,Attack
28862,Michael Agazzi,1984.0,Italy,Goalkeeper
28868,Tiberio Guarente,1985.0,Italy,Midfield
28878,Ryan Nelsen,1977.0,New Zealand,Defender
28935,Paolo Dellafiore,1985.0,Italy,Defender
28936,Riccardo Meggiorini,1985.0,Italy,Attack
28947,Gonzalo Castro,1987.0,Germany,Midfield
28973,Steven Davis,1985.0,Northern Ireland,Midfield
28984,Sol Bamba,1985.0,Cote d'Ivoire,Defender
28987,Roy Contout,1985.0,French Guiana,Attack
28990,Charlie Adam,1985.0,Scotland,Midfield
29016,Christopher Samba,1984.0,Congo,Defender
29035,Ederson,1986.0,Brazil,Midfield
29051,Manolo Reina,1985.0,Spain,Goalkeeper
29055,Jesús Gámez,1985.0,Spain,Defender
29061,Javier Baraja,1980.0,Spain,Midfield
29065,Abel Gómez,1982.0,Spain,Midfield
29091,Nenê,1981.0,Brazil,Midfield
29122,Anthony Annan,1986.0,Ghana,Midfield
29124,Aritz Aduriz,1981.0,Spain,Attack
29152,Danny Graham,1985.0,England,Attack
29158,Andrew Taylor,1986.0,England,Defender
29159,Ross Turnbull,1985.0,England,Goalkeeper
29170,Javier Camuñas,1980.0,Spain,Attack
29178,Nino,1980.0,Spain,Attack
29187,Pedro Ríos,1981.0,Spain,Attack
29193,Rubén Suárez,1979.0,Spain,Attack
29208,Davide Succi,1981.0,Italy,Attack
29213,Andreas Granqvist,1985.0,Sweden,Defender
29220,Dorge Kouemaha,1983.0,Cameroon,Attack
29237,Stefan Babovic,1987.0,Serbia,Midfield
29241,Thiago Silva,1984.0,Brazil,Defender
29260,Giorgio Chiellini,1984.0,Italy,Defender
29280,Jérémy Blayac,1983.0,France,Attack
29311,Mounir Obbadi,1983.0,Morocco,Midfield
29316,Cyril Théréau,1983.0,France,Attack
29351,Bocundji Ca,1986.0,Guinea-Bissau,Midfield
29356,Dwight Tiendalli,1985.0,Netherlands,Defender
29364,João Moutinho,1986.0,Portugal,Midfield
29377,Ibson,1983.0,Brazil,Midfield
29391,Michael McGovern,1984.0,Northern Ireland,Goalkeeper
29401,Sami Khedira,1987.0,Germany,Midfield
29424,Paulinho,1986.0,Brazil,Attack
29434,Yohan Cabaye,1986.0,France,Midfield
29559,Guillermo Ochoa,1985.0,Mexico,Goalkeeper
29594,Graziano Pellè,1985.0,Italy,Attack
29604,Riccardo Cazzola,1985.0,Italy,Midfield
29605,Daniel Ciofani,1985.0,Italy,Attack
29692,Lukasz Fabianski,1985.0,Poland,Goalkeeper
29712,John Ruddy,1986.0,England,Goalkeeper
29835,Jakub Blaszczykowski,1985.0,Poland,Attack
29865,Julian Schuster,1985.0,Germany,Midfield
29962,Daniele Dessena,1987.0,Italy,Midfield
29974,Patrick McCarthy,1983.0,Ireland,Defender
29975,Andrew Surman,1986.0,England,Midfield
29993,Sven Bender,1989.0,Germany,Midfield
29997,Heinrich Schmidtgal,1985.0,Kazakhstan,Defender
30059,Lars Bender,1989.0,Germany,Midfield
30070,Niko Bungert,1986.0,Germany,Defender
30097,Xabier Castillo,1986.0,Spain,Defender
30308,Ivo Ilicevic,1986.0,Croatia,Attack
30321,Óscar Trejo,1988.0,Argentina,Midfield
30332,Daniele Capelli,1986.0,Italy,Defender
30333,Marco Motta,1986.0,Italy,Defender
30379,Kaspars Gorkss,1981.0,Latvia,Defender
30418,Marcus Berg,1986.0,Sweden,Attack
30456,Marc Wilson,1987.0,Ireland,Defender
30505,Zé Love,1987.0,Brazil,Attack
30584,Juan Manuel Vargas,1983.0,Peru,Defender
30593,Michael Bradley,1987.0,United States,Midfield
30638,Sergio Floccari,1981.0,Italy,Attack
30654,Adrián Ricchiuti,1978.0,Argentina,Attack
30666,Haris Medunjanin,1985.0,Bosnia-Herzegovina,Midfield
30670,Vurnon Anita,1989.0,Curacao,Midfield
30677,Gustavo Cabral,1985.0,Argentina,Defender
30687,Maxi Moralez,1987.0,Argentina,Midfield
30690,Sergio Romero,1987.0,Argentina,Goalkeeper
30697,Ron Vlaar,1985.0,Netherlands,Defender
30698,Jonathan Martins Pereira,1986.0,France,Defender
30739,Mikel John Obi,1987.0,Nigeria,Midfield
30747,Emiliano Armenteros,1986.0,Argentina,Attack
30749,Mariano Barbosa,1984.0,Argentina,Goalkeeper
30757,Renato Civelli,1983.0,Argentina,Defender
30758,Darío Cvitanich,1984.0,Argentina,Attack
30767,Gabriel Paletta,1986.0,Italy,Defender
30782,Santiago Gentiletti,1985.0,Argentina,Defender
30802,Óscar Díaz,1984.0,Spain,Attack
30825,Marco Ruben,1986.0,Argentina,Attack
30846,Emmanuel Culio,1983.0,Argentina,Midfield
30853,Mariano Izco,1983.0,Argentina,Midfield
30873,Germán Denis,1981.0,Argentina,Attack
30882,Cristian Llama,1986.0,Argentina,Midfield
30929,Gabriel Peñalba,1984.0,Argentina,Midfield
30942,Mike Frantz,1986.0,Germany,Midfield
30982,Chu-young Park,1985.0,"Korea, South",Attack
31007,Zlatko Junuzovic,1987.0,Austria,Midfield
31041,Fabian Johnson,1987.0,United States,Attack
31050,Damien Perquis,1984.0,Poland,Defender
31064,Lionel Cappone,1979.0,France,Goalkeeper
31067,Jonathan de Guzmán,1987.0,Netherlands,Midfield
31069,Charles Diers,1981.0,France,Midfield
31089,Barel Mouko,1979.0,Congo,Goalkeeper
31095,Nuri Sahin,1988.0,Turkey,Midfield
31101,Mickaël Tacalfred,1981.0,Guadeloupe,Defender
31123,Benjamin Gorka,1984.0,Germany,Defender
31159,Martin Harnik,1987.0,Austria,Attack
31169,Bernd Nehrig,1986.0,Germany,Midfield
31173,Jan Rosenthal,1986.0,Germany,Attack
31182,Andreas Beck,1987.0,Germany,Defender
31208,Éloge Enza-Yamissi,1983.0,Central African Republic,Midfield
31216,Tobias Levels,1986.0,Germany,Defender
31218,Johannes van den Bergh,1986.0,Germany,Defender
31316,Silvestre Varela,1985.0,Portugal,Attack
31451,Torsten Oehrl,1986.0,Germany,Attack
31514,Markus Suttner,1987.0,Austria,Defender
31535,Nick Proschwitz,1986.0,Germany,Attack
31552,Scott Sinclair,1989.0,England,Attack
31553,Danny Fox,1986.0,Scotland,Defender
31570,Georg Niedermeier,1986.0,Germany,Defender
31579,Adam Johnson,1987.0,England,Attack
31599,Norman Theuerkauf,,Germany,Midfield
31610,Sebastian Tyrala,1988.0,Poland,Midfield
31642,Geoff Cameron,1985.0,United States,Defender
31645,Anderson,1988.0,Brazil,Midfield
31653,Tobias Sippel,1988.0,Germany,Goalkeeper
31720,Sebastian Larsson,1985.0,Sweden,Midfield
31751,Robert Zillner,1985.0,Germany,Midfield
31773,Olivier Veigneau,1985.0,France,Defender
31776,Oleksandr Yakovenko,1987.0,Ukraine,Attack
31835,Mark Noble,1987.0,England,Midfield
31864,Christopher Nöthe,1988.0,Germany,Attack
31868,Ivan Paurevic,1991.0,Croatia,Midfield
31909,Toni Kroos,1990.0,Germany,Midfield
31910,Felix Kroos,1991.0,Germany,Midfield
31952,Guillaume Gillet,1984.0,Belgium,Midfield
32113,Armando Izzo,1992.0,Italy,Defender
32207,Marcel Heller,1986.0,Germany,Midfield
32213,Naldo,1982.0,Brazil,Defender
32273,Lukasz Zaluska,1982.0,Poland,Goalkeeper
32467,Ivan Rakitic,1988.0,Croatia,Midfield
32522,Antonio Barragán,1987.0,Spain,Defender
32568,Pedro Geromel,1985.0,Brazil,Defender
32617,Micah Richards,1988.0,England,Defender
32618,Assani Lukimya,1986.0,DR Congo,Defender
32622,Patrick Ebert,1987.0,Germany,Attack
32711,Patrick Herrmann,1991.0,Germany,Attack
32779,Max Grün,1987.0,Germany,Goalkeeper
32816,Danilo,1984.0,Brazil,Defender
32845,Moritz Stoppelkamp,1986.0,Germany,Attack
32966,Angelo,1981.0,Brazil,Defender
33027,Tim Krul,1988.0,Netherlands,Goalkeeper
33042,Migjen Basha,1987.0,Albania,Midfield
33046,Cabral,1988.0,Switzerland,Midfield
33065,Dean Hammond,1983.0,England,Midfield
33078,Florian Jungwirth,1989.0,Germany,Defender
33195,Jan Mucha,1982.0,Slovakia,Goalkeeper
33210,Przemyslaw Tyton,1987.0,Poland,Goalkeeper
33218,Luca Cigarini,1986.0,Italy,Midfield
33249,Owen Garvan,1988.0,Ireland,Midfield
33337,Goran Karanovic,1987.0,Switzerland,Attack
33343,Danijel Milicevic,1986.0,Bosnia-Herzegovina,Midfield
33349,Ferdinando Sforzini,1984.0,Italy,Attack
33357,Miranda,1984.0,Brazil,Defender
33442,Boukary Dramé,1985.0,Senegal,Defender
33447,Ahmed Kantari,1985.0,Morocco,Defender
33448,Cristian Rodríguez,1985.0,Uruguay,Midfield
33465,Raïs M'Bolhi,1986.0,Algeria,Goalkeeper
33478,Cheik Tioté,1986.0,Cote d'Ivoire,Midfield
33481,Gervinho,1987.0,Cote d'Ivoire,Attack
33484,Leon Barnett,1985.0,England,Defender
33507,Lukas Jutkiewicz,1989.0,England,Attack
33535,Valdet Rama,1987.0,Albania,Attack
33544,Antonio Valencia,1985.0,Ecuador,Defender
33571,Lorenzo De Silvestri,1988.0,Italy,Defender
33572,Henrique,1983.0,Brazil,Defender
33639,Kevin Mirallas,1987.0,Belgium,Midfield
33648,Fábio Coentrão,1988.0,Portugal,Defender
33706,Nani,1986.0,Portugal,Attack
33713,Theo Walcott,1989.0,England,Attack
33718,François Marque,1983.0,France,Defender
33729,Stefano Celozzi,1988.0,Germany,Defender
33763,Massimo Coda,1988.0,Italy,Attack
33781,Vito Mannone,1988.0,Italy,Goalkeeper
33783,Armand Traoré,1989.0,Senegal,Defender
33785,Ryan Taylor,1984.0,England,Defender
33822,Jimmy Kébé,1984.0,Mali,Attack
33829,José Fonte,1983.0,Portugal,Defender
33831,Modou Sougou,1984.0,Senegal,Attack
33847,Kevin Lejeune,1985.0,France,Midfield
33866,Steven Defour,1988.0,Belgium,Midfield
33873,Asmir Begovic,1987.0,Bosnia-Herzegovina,Goalkeeper
33905,Mohamed Fofana,1985.0,Mali,Defender
33907,Xavier Pentecôte,1986.0,France,Attack
33914,Mouhamadou Dabo,1986.0,France,Defender
33923,Blaise Matuidi,1987.0,France,Midfield
33925,Jessy Moulin,1986.0,France,Goalkeeper
33927,Benjamin Nivet,1977.0,France,Midfield
33935,Alejandro Alonso,1982.0,Argentina,Midfield
33942,Florian Marange,1986.0,France,Defender
33947,Rafinha,1985.0,Brazil,Defender
33951,Sébastien Bassong,1986.0,Cameroon,Defender
33952,Papiss Cissé,1985.0,Senegal,Attack
33953,Ricardo Faty,1986.0,Senegal,Midfield
33963,David Nugent,1985.0,England,Attack
34026,Siaka Tiéné,1982.0,Cote d'Ivoire,Defender
34053,Cheick N'Diaye,1985.0,Senegal,Goalkeeper
34060,Nejmeddin Daghfous,1986.0,Tunisia,Missing
34130,Tom Heaton,1986.0,England,Goalkeeper
34160,Jean-Jacques Pierre,1981.0,Haiti,Defender
34198,Andrea Masiello,1986.0,Italy,Defender
34211,Cristiano Del Grosso,1983.0,Italy,Defender
34232,Jan Hochscheidt,1987.0,Germany,Midfield
34239,Aleandro Rosi,1987.0,Italy,Defender
34283,Lazaros Christodoulopoulos,1986.0,Greece,Midfield
34285,Stelios Malezas,1985.0,Greece,Defender
34322,Sokratis Papastathopoulos,1988.0,Greece,Defender
34334,Enrico Alfonso,1988.0,Italy,Goalkeeper
34336,Andrea Costa,1986.0,Italy,Defender
34344,Cristian Zapata,1986.0,Colombia,Defender
34361,André Luiz,1980.0,Brazil,Defender
34370,Diego López,1981.0,Spain,Goalkeeper
34372,Landry N'Guémo,1985.0,Cameroon,Midfield
34409,Joe Ledley,1987.0,Wales,Midfield
34453,Birkir Bjarnason,1988.0,Iceland,Midfield
34495,Adriano,1984.0,Brazil,Defender
34527,Frantisek Rajtoral,1986.0,Czech Republic,Defender
34529,Ismaël Bangoura,1985.0,Guinea,Attack
34532,Jérémy Choplin,1985.0,France,Defender
34542,Marek Suchy,1988.0,Czech Republic,Defender
34543,Dusan Svento,1985.0,Slovakia,Defender
34553,Ivan Vargic,1987.0,Croatia,Goalkeeper
34557,Nicklas Bendtner,1988.0,Denmark,Attack
34559,Matthew Connolly,1987.0,England,Defender
34561,Johan Djourou,1987.0,Switzerland,Defender
34564,Xisco,1986.0,Spain,Attack
34572,Mario Mandzukic,1986.0,Croatia,Attack
34579,Srdjan Lakic,1983.0,Croatia,Attack
34593,Serdar Tasci,1987.0,Germany,Defender
34601,Raúl García,1986.0,Spain,Attack
34672,Joey O'Brien,1986.0,Ireland,Defender
34691,Stephen Ward,1985.0,Ireland,Defender
34758,Banel Nicolita,1985.0,Romania,Attack
34783,Ken Ilsö,1986.0,Denmark,Midfield
34784,Lasse Schöne,1986.0,Denmark,Midfield
34787,Julian Baumgartlinger,1988.0,,Midfield
34838,Stephen Ireland,1986.0,Ireland,Midfield
34870,Roberto Soldado,1985.0,Spain,Attack
34909,Simone Bentivoglio,1985.0,Italy,Midfield
34944,Konstantinos Mitroglou,1988.0,Greece,Attack
35035,Roland Lamah,1987.0,Belgium,Attack
35047,Axel Witsel,1989.0,Belgium,Midfield
35099,Steven Fletcher,1987.0,Scotland,Attack
35183,Stefan Aigner,1987.0,Germany,Attack
35193,Kevin Doyle,1983.0,Ireland,Attack
35207,Marco Reus,1989.0,Germany,Midfield
35208,Marcel Schmelzer,1988.0,Germany,Defender
35242,Beto,1982.0,Portugal,Goalkeeper
35247,Vieirinha,1986.0,Portugal,Defender
35249,Stefano Okaka,1989.0,Italy,Attack
35251,Marko Marin,1989.0,Germany,Midfield
35383,Júnior Díaz,1983.0,Costa Rica,Defender
35405,Marc Pfitzner,1984.0,Germany,Midfield
35413,Lewis Grabban,1988.0,Jamaica,Attack
35416,David McGoldrick,1987.0,Ireland,Attack
35448,Cezary Wilk,1986.0,Poland,Midfield
35462,Jordi Codina,1982.0,Spain,Goalkeeper
35491,Mariano Andújar,1983.0,Argentina,Goalkeeper
35493,Stephan Fürstner,1987.0,Germany,Midfield
35512,Javier Paredes,1982.0,Spain,Defender
35515,Iriney,1981.0,Brazil,Midfield
35518,David Silva,1986.0,Spain,Midfield
35532,Javi Acuña,1988.0,Paraguay,Attack
35536,Toño,1979.0,Spain,Goalkeeper
35537,Felipe Melo,1983.0,Brazil,Midfield
35539,Mehdi Lacen,1984.0,Algeria,Midfield
35540,Víctor Casadesús,1985.0,Spain,Attack
35541,Roberto Santamaría,1985.0,Spain,Goalkeeper
35546,Rafita,1982.0,Spain,Defender
35548,Fernando Amorebieta,1985.0,Venezuela,Defender
35560,Mikel González,1985.0,Spain,Defender
35562,Ángel Lafita,1984.0,Spain,Attack
35564,Fernando Llorente,1985.0,Spain,Attack
35571,José Enrique,1986.0,Spain,Defender
35600,Miguel Flaño,1984.0,Spain,Defender
35645,Kamil Vacek,1987.0,Czech Republic,Midfield
35664,Mesut Özil,1988.0,Germany,Midfield
35703,Robert Acquafresca,1987.0,Italy,Attack
35733,Francesco Pisano,1986.0,Italy,Defender
35743,Fabio Ceravolo,1987.0,Italy,Attack
35747,Simone Missiroli,1986.0,Italy,Midfield
35748,Dennis Oliech,1985.0,Kenya,Attack
35773,Carlos Vela,1989.0,Mexico,Attack
35805,Rinaldo Cruzado,1984.0,Peru,Midfield
35852,Victor Obinna,1987.0,Nigeria,Attack
35853,Daniele Paponi,1988.0,Italy,Attack
35855,Cameron Jerome,1986.0,England,Attack
35865,Andrea Consigli,1987.0,Italy,Goalkeeper
35871,Fernando Tissone,1986.0,Argentina,Midfield
35872,Änis Ben-Hatira,1988.0,Tunisia,Midfield
35934,Slobodan Rajković,1989.0,Serbia,Defender
35939,Ezequiel Garay,1986.0,Argentina,Defender
36039,Pavle Ninkov,1985.0,Serbia,Defender
36139,Dušan Tadić,1988.0,Serbia,Attack
36182,Max Kruse,1988.0,Germany,Attack
36207,Fin Bartels,1987.0,Germany,Attack
36233,Stanislav Manolev,1985.0,Bulgaria,Defender
36255,Mirko Boland,1987.0,Germany,Midfield
36284,Simon Terodde,1988.0,Germany,Attack
36291,Gaëtan Bong,1988.0,Cameroon,Defender
36293,Serge Gakpé,1987.0,Togo,Attack
36294,Julien Quercia,1986.0,France,Attack
36350,Javi García,1987.0,Spain,Midfield
36356,Marco Andreolli,1986.0,Italy,Defender
36371,Nikola Kalinic,1988.0,Croatia,Attack
36500,Ola Toivonen,1986.0,Sweden,Midfield
36529,Kevin McDonald,1988.0,Scotland,Midfield
36608,Graham Dorrans,1987.0,Scotland,Midfield
36756,Miguel Pallardó,1986.0,Spain,Midfield
36787,William Kvist,1985.0,Denmark,Midfield
36814,Chris Brunt,1984.0,Northern Ireland,Midfield
36827,Branislav Ivanovic,1984.0,Serbia,Defender
36859,Leon Clarke,1985.0,England,Attack
36861,Damien Delaney,1981.0,Ireland,Defender
36866,Billy Jones,1987.0,England,Defender
36881,Nemanja Pejcinovic,1987.0,Serbia,Defender
36884,Kyle Lafferty,1987.0,Northern Ireland,Attack
36898,Sascha Burchert,1989.0,Germany,Goalkeeper
36911,Fabrice Begeorgi,1987.0,France,Defender
36914,Sebastian Boenisch,1987.0,Poland,Defender
36939,Marc Pugh,1987.0,England,Attack
37011,Nathan Dyer,1987.0,England,Attack
37013,Sami Allagui,1986.0,Tunisia,Attack
37058,Somen Tchoyi,1983.0,Cameroon,Midfield
37124,McDonald Mariga,1987.0,Kenya,Midfield
37148,Gabriel Agbonlahor,1986.0,England,Attack
37152,Tommy Elphick,1987.0,England,Defender
37157,Stéphane Sessègnon,1984.0,Benin,Midfield
37171,Craig Gardner,1986.0,England,Midfield
37216,Ceyhun Gülselam,1987.0,Turkey,Midfield
37247,Vadim Demidov,1986.0,Norway,Defender
37278,Zeljko Brkic,1986.0,Serbia,Goalkeeper
37287,Tarik Elyounoussi,1988.0,Norway,Attack
37295,Perparim Hetemaj,1986.0,Finland,Midfield
37304,Shane Long,1987.0,Ireland,Attack
37337,Mario Suárez,1987.0,Spain,Defender
37363,Lee Cattermole,1988.0,England,Midfield
37388,Abel Aguilar,1985.0,Colombia,Midfield
37389,Daniel Osvaldo,1986.0,Italy,Attack
37397,José Crespo,1987.0,Spain,Defender
37399,Manu del Moral,1984.0,Spain,Attack
37403,Roberto,1986.0,Spain,Goalkeeper
37413,Alessandro Bernardini,1987.0,Italy,Defender
37418,Éder,1986.0,Italy,Attack
37442,Danny Simpson,1987.0,England,Defender
37460,Onyekachi Apam,1986.0,Nigeria,Defender
37501,Imanol Agirretxe,1987.0,Spain,Attack
37511,Ludovic Genest,1987.0,France,Midfield
37516,Larsen Touré,1984.0,Guinea,Attack
37526,Winston Reid,1988.0,New Zealand,Defender
37579,Alexandre Pato,1989.0,Brazil,Attack
37598,Rubinho,1982.0,Brazil,Goalkeeper
37633,Guillermo Rodríguez,1984.0,Uruguay,Defender
37647,Dimitri Payet,1987.0,France,Midfield
37666,Arturo Vidal,1987.0,Chile,Midfield
37712,Daniel Carriço,1988.0,Portugal,Defender
37760,Vincent Enyeama,1982.0,Nigeria,Goalkeeper
37787,Marvin Emnes,1988.0,Netherlands,Attack
37788,Philipp Hosiner,1989.0,Austria,Attack
37834,Felipe Caicedo,1988.0,Ecuador,Attack
37835,Drissa Diakité,1985.0,Mali,Defender
37838,Dejan Lovren,1989.0,Croatia,Defender
37852,Démé N'Diaye,1985.0,Senegal,Attack
37889,Enis Nadarevic,1987.0,Bosnia-Herzegovina,Attack
37892,Ion Ansotegi,1982.0,Spain,Defender
37906,David Cobeño,1982.0,Spain,Goalkeeper
37917,Nabil El Zhar,1986.0,Morocco,Attack
37918,Matías Fernández,1986.0,Chile,Midfield
37920,Kamil Grosicki,1988.0,Poland,Attack
37934,Hugo Rodallega,1985.0,Colombia,Attack
37941,Camilo Zúñiga,1985.0,Colombia,Defender
37957,Alex Bruce,1984.0,Northern Ireland,Defender
37966,Gabriel Cichero,1984.0,Venezuela,Defender
37981,Sebastian Prödl,1987.0,Austria,Defender
38000,Joseph Akpala,1986.0,Nigeria,Attack
38003,Alexander Büttner,1989.0,Netherlands,Defender
38073,Martin Olsson,1988.0,Sweden,Defender
38094,Lee Peltier,1986.0,England,Defender
38100,Michael Mancienne,1988.0,Seychelles,Defender
38124,Heinz Barmettler,1987.0,Dominican Republic,Defender
38145,Adrian Mariappa,1986.0,Jamaica,Defender
38253,Robert Lewandowski,1988.0,Poland,Attack
38266,Marc Torrejón,1986.0,Spain,Defender
38267,Mergim Mavraj,1986.0,Albania,Defender
38270,Sergio Sánchez,1986.0,Spain,Defender
38346,Thorsten Kirschbaum,1987.0,Germany,Goalkeeper
38360,Mevlüt Erdinc,1987.0,Turkey,Attack
38383,Danny Williams,1989.0,United States,Midfield
38388,Vadis Odjidja-Ofoe,1989.0,,Midfield
38410,Daniel Caligiuri,1988.0,Italy,Attack
38414,Ryan Donk,1986.0,Suriname,Defender
38415,Johannes Flum,1987.0,Germany,Midfield
38434,Daniel Schwaab,1988.0,Germany,Defender
38440,Christian Träsch,1987.0,Germany,Midfield
38473,Garry Bocaly,1988.0,Martinique,Defender
38497,Jeremain Lens,1987.0,Netherlands,Attack
38536,Razak Boukari,1987.0,Togo,Attack
38582,Walter Bressan,1981.0,Italy,Goalkeeper
38584,Ciro Capuano,1981.0,Italy,Defender
38591,Nicolas Frey,1984.0,France,Defender
38592,Juanito Gómez,1985.0,Argentina,Attack
38593,Marek Hamsik,1987.0,Slovakia,Midfield
38602,Nico Pulzetti,1984.0,Italy,Midfield
38607,Federico Di Francesco,1994.0,Italy,Attack
38746,Tomas Pekhart,1989.0,Czech Republic,Attack
38817,Sergio Tejera,1990.0,Spain,Midfield
38824,Davide Brivio,1988.0,Italy,Defender
38954,Fernando Gago,1986.0,Argentina,Midfield
38978,Christian Brüls,1988.0,,Midfield
39004,Juan Carlos,1987.0,Spain,Goalkeeper
39010,Jordi Gómez,1985.0,Spain,Midfield
39015,Ralf Fährmann,1988.0,Germany,Goalkeeper
39020,Benedikt Höwedes,1988.0,Germany,Defender
39025,Danny Latza,1989.0,Germany,Midfield
39027,Tayfun Pektürk,1988.0,Germany,Attack
39037,Rob Elliot,1986.0,Ireland,Goalkeeper
39049,Kei Kamara,1984.0,Sierra Leone,Attack
39073,Émerson,1986.0,Brazil,Defender
39087,Cata Díaz,1979.0,Argentina,Defender
39090,Fredy Guarín,1986.0,Colombia,Midfield
39094,Sebastian Langkamp,1988.0,Germany,Defender
39099,Rodrigo Palacio,1982.0,Argentina,Attack
39102,Sidney Sam,1988.0,Germany,Attack
39106,Ádám Szalai,1987.0,Hungary,Attack
39114,Lucas Mareque,1983.0,Argentina,Defender
39118,Juan Pablo Carrizo,1984.0,Argentina,Goalkeeper
39151,Augusto Fernández,1986.0,Argentina,Midfield
39152,Radamel Falcao,1986.0,Colombia,Attack
39153,Gonzalo Higuaín,1987.0,Argentina,Attack
39174,Khaled Adénon,1985.0,Benin,Defender
39198,Didier Ya Konan,1984.0,Cote d'Ivoire,Attack
39247,Tunay Torun,1990.0,Turkey,Attack
39256,Sebastián Leto,1986.0,Argentina,Attack
39259,Makoto Hasebe,1984.0,Japan,Defender
39306,Raphael Wolf,1988.0,Germany,Goalkeeper
39372,Mario Vrancic,1989.0,Bosnia-Herzegovina,Midfield
39378,Jozy Altidore,1989.0,United States,Attack
39381,Gareth Bale,1989.0,Wales,Attack
39426,Nicolai Müller,1987.0,Germany,Midfield
39471,Brad Guzan,1984.0,United States,Goalkeeper
39518,Ben Turner,1988.0,England,Defender
39532,Victor Anichebe,1988.0,Nigeria,Attack
39642,Bryan Ruiz,1985.0,Costa Rica,Midfield
39679,Marouane Fellaini,1987.0,Belgium,Midfield
39690,Danilo Soddimo,1987.0,Italy,Midfield
39700,Mark Gower,1978.0,England,Midfield
39705,Nicky Maynard,1986.0,England,Attack
39717,Diego Contento,1990.0,Germany,Defender
39724,Mehmet Ekici,1990.0,Turkey,Midfield
39728,Mats Hummels,1988.0,Germany,Defender
39732,Thomas Kraft,1988.0,Germany,Goalkeeper
39743,Sandro Wagner,1987.0,Germany,Attack
39783,Alejandro Alfaro,1986.0,Spain,Attack
39784,Hélder Barbosa,1987.0,Portugal,Attack
39799,Ivan Strinic,1987.0,Croatia,Defender
39828,Antonino Barillà,1988.0,Italy,Midfield
39829,Alessandro Bastrini,1987.0,Italy,Defender
39831,Leandro Greco,1986.0,Italy,Midfield
39883,Morgan Amalfitano,1985.0,France,Midfield
39893,Jérôme Le Moigne,1983.0,France,Midfield
39897,Michael Parkhurst,1984.0,United States,Defender
39906,Romain Danzé,1986.0,France,Defender
39907,Pape Diop,1986.0,Senegal,Midfield
39908,Rudy Gestede,1988.0,Benin,Attack
39909,Sylvain Marveaux,1986.0,France,Midfield
39910,Stéphane Ruffier,1986.0,France,Goalkeeper
39913,Ludovic Baal,1986.0,French Guiana,Defender
39914,Mathieu Coutadeur,1986.0,,Midfield
39917,Mamadou Samassa,1986.0,Mali,Attack
39918,Régis Gurtner,1986.0,France,Goalkeeper
39924,Anthony Robic,1986.0,France,Attack
39983,Leonardo Bonucci,1987.0,Italy,Defender
40014,Alaixys Romao,1984.0,Togo,Midfield
40034,Jens Grahl,1988.0,Germany,Goalkeeper
40043,Leon Britton,1982.0,England,Midfield
40074,Stefan Ilsanker,1989.0,Austria,Midfield
40116,Benjamin Kessel,1987.0,Germany,Defender
40204,Joe Hart,1987.0,England,Goalkeeper
40205,Demba Ba,1985.0,Senegal,Attack
40372,Borja Valero,1985.0,Spain,Midfield
40423,Claudio Bravo,1983.0,Chile,Goalkeeper
40428,Manuel Iturra,1984.0,Chile,Midfield
40429,Gonzalo Jara,1985.0,Chile,Defender
40433,Alexis Sánchez,1988.0,Chile,Attack
40442,Paco Montañés,1986.0,Spain,Attack
40446,Jirès Kembo Ekoko,1988.0,France,Attack
40456,Sandro Sirigu,1988.0,Germany,Midfield
40478,Roman Neustädter,1988.0,Russia,Defender
40567,Gareth McAuley,1979.0,Northern Ireland,Defender
40605,Enrico Valentini,1989.0,Germany,Defender
40611,Ryan Bertrand,1989.0,England,Defender
40612,Liam Bridcutt,1989.0,Scotland,Midfield
40613,Jack Cork,1989.0,England,Midfield
40614,Shaun Cummings,1989.0,Jamaica,Defender
40633,Milan Badelj,1989.0,Croatia,Midfield
40660,Alessandro Matri,1984.0,Italy,Attack
40680,Sven Ulreich,1988.0,Germany,Goalkeeper
40687,Mathieu Valbuena,1984.0,France,Midfield
40688,Fabrice Abriel,1979.0,France,Midfield
40790,Pablo Cáceres,1985.0,Uruguay,Defender
40822,Mauro Boselli,1985.0,Argentina,Attack
40888,Beñat Etxebarria,1987.0,Spain,Midfield
40928,Kamel Ghilas,1984.0,Algeria,Attack
40937,Elkin Soto,1980.0,Colombia,Midfield
40975,Marcos,1979.0,Brazil,Attack
40995,Neven Subotic,1988.0,Germany,Defender
41023,Dominic Maroh,1987.0,Slovenia,Defender
41063,Mustapha Diallo,1986.0,Senegal,Midfield
41112,Jose Cholevas,1984.0,Greece,Defender
41234,Kaká,1981.0,Brazil,Defender
41242,David N'Gog,1989.0,France,Attack
41261,Habib Habibou,1987.0,Central African Republic,Missing
41281,Nicolás Pareja,1984.0,Argentina,Defender
41311,Michele Paolucci,1986.0,Italy,Attack
41323,Andreas Luthe,1987.0,Germany,Goalkeeper
41355,Ricky van Wolfswinkel,1989.0,Netherlands,Attack
41369,Erik Jendrisek,1986.0,Slovakia,Attack
41384,Marko Arnautovic,1989.0,Austria,Attack
41414,Lucas Leiva,1987.0,Brazil,Midfield
41416,James McArthur,1987.0,Scotland,Midfield
41458,Robert Tesche,1987.0,Germany,Midfield
41507,Manuel Schmiedebach,1988.0,Germany,Midfield
41541,Danny Blum,1991.0,Germany,Attack
41663,Chinedu Obasi,1986.0,Nigeria,Attack
41665,Jonathan Parr,1988.0,Norway,Defender
41749,Modibo Diakité,1987.0,France,Defender
41818,Steve De Ridder,1987.0,Belgium,Midfield
41866,Constant Djakpa,1986.0,Cote d'Ivoire,Defender
41914,Davide Bassi,1985.0,Italy,Goalkeeper
41935,Lino Marzorati,1986.0,Italy,Defender
41982,Radja Nainggolan,1988.0,,Midfield
41989,Francesco Valiani,1980.0,Italy,Midfield
42029,Blazej Augustyn,1988.0,Poland,Defender
42033,Philipp Bargfrede,1989.0,Germany,Midfield
42044,Dennis Diekmeier,1989.0,Germany,Defender
42072,Tobias Kempe,1989.0,Germany,Midfield
42079,Sebastian Mielitz,1989.0,Germany,Goalkeeper
42086,Timo Perthel,1989.0,Germany,Defender
42198,Sone Aluko,1989.0,Nigeria,Attack
42203,Fabian Lustenberger,1988.0,Switzerland,Defender
42205,Yann Sommer,1988.0,Switzerland,Goalkeeper
42234,Havard Nordtveit,1990.0,Norway,Defender
42267,Nabil Dirar,1986.0,Morocco,Attack
42284,Jay Tabb,1984.0,Ireland,Midfield
42318,Konstantin Engel,1988.0,Kazakhstan,Defender
42345,Giuseppe Vives,1980.0,Italy,Midfield
42373,Diego Alves,1985.0,Brazil,Goalkeeper
42411,Fraizer Campbell,1987.0,England,Attack
42412,Jonny Evans,1988.0,Northern Ireland,Defender
42413,Darron Gibson,1987.0,Ireland,Midfield
42417,Takayuki Morimoto,1988.0,Japan,Attack
42460,Ivan Perišić,1989.0,Croatia,Attack
42463,Timo Gebhart,,Germany,Midfield
42466,Oumar Sissoko,1987.0,Mali,Goalkeeper
42513,Gary Hooper,1988.0,England,Attack
42678,Salvatore Bocchetti,1986.0,Italy,Defender
42710,Toby Alderweireld,1989.0,Belgium,Defender
42714,Mehdi Carcela-González,1989.0,Morocco,Attack
42735,Sven Kums,1988.0,Belgium,Midfield
42744,Samir Ujkani,1988.0,Kosovo,Goalkeeper
42751,Roger Johnson,1983.0,England,Defender
42783,André Hahn,1990.0,Germany,Attack
42920,Fran Mérida,1990.0,Spain,Midfield
42935,Nikolaos Karabelas,1984.0,Greece,Defender
42936,Nils Petersen,1988.0,Germany,Attack
42952,Moritz Hartmann,1986.0,Germany,Attack
42974,Kevin Kratz,1987.0,Germany,Midfield
43003,Nacho Monreal,1986.0,Spain,Defender
43012,Djiby Fall,1985.0,Senegal,Attack
43082,Nicola Belmonte,1987.0,Italy,Defender
43084,Gaetano Berardi,1988.0,Switzerland,Defender
43193,Elliott Bennett,1988.0,Jamaica,Midfield
43206,Massimiliano Carlini,1986.0,Italy,Attack
43217,Pierluigi Frattali,1985.0,Italy,Goalkeeper
43237,Massimo Zappino,1981.0,Italy,Goalkeeper
43242,Alain Traoré,1988.0,Burkina Faso,Midfield
43250,Jan Vertonghen,1987.0,Belgium,Defender
43256,Paul Baysse,1988.0,France,Defender
43257,Romain Brégerie,1986.0,France,Defender
43261,Gabriel Obertan,1989.0,France,Attack
43264,Benoît Trémoulinas,1985.0,France,Defender
43266,Stephen Quinn,1986.0,Ireland,Midfield
43271,Andrea Luci,1985.0,Italy,Midfield
43274,Stefan Reinartz,1989.0,Germany,Midfield
43411,Roberto Colombo,1975.0,Italy,Goalkeeper
43458,Clément Chantôme,1987.0,France,Midfield
43512,Ömer Toprak,1989.0,Türkiye,Defender
43530,Adam Lallana,1988.0,England,Midfield
43722,Mauricio Isla,1988.0,Chile,Defender
43759,Luigi Bruins,1987.0,Netherlands,Midfield
43760,Kévin Constant,1987.0,Guinea,Midfield
43763,Erik Pieters,1988.0,Netherlands,Defender
43845,Yannick Djaló,1986.0,Portugal,Attack
43847,Ronny,1986.0,Brazil,Midfield
43848,Miguel Veloso,1986.0,Portugal,Midfield
43853,Chris Gunter,1989.0,Wales,Defender
43886,Moustapha Sall,1985.0,Senegal,Defender
43907,André-Pierre Gignac,1985.0,France,Attack
43942,Issiar Dia,1987.0,Senegal,Attack
43960,Rudy Mater,1980.0,France,Defender
43975,Mody Traoré,1980.0,France,Defender
43984,Daniel Brosinski,1988.0,Germany,Defender
44012,David García,1982.0,Spain,Defender
44017,Javi Martínez,1988.0,Spain,Midfield
44027,Ikechukwu Uche,1984.0,Nigeria,Attack
44045,Kévin Monnet-Paquet,1988.0,France,Attack
44058,Wojciech Szczesny,1990.0,Poland,Goalkeeper
44059,Ervin Zukanovic,1987.0,Bosnia-Herzegovina,Defender
44062,Antonio Adán,1987.0,Spain,Goalkeeper
44065,Esteban Granero,1987.0,Spain,Midfield
44068,Juan Mata,1988.0,Spain,Midfield
44069,Pedro Mosquera,1988.0,Spain,Midfield
44072,Marcos Tébar,1986.0,Spain,Midfield
44073,Adrián González,1988.0,Spain,Midfield
44136,Domenico Criscito,1986.0,Italy,Defender
44139,Juan Albín,1986.0,Uruguay,Midfield
44162,Miralem Pjanić,1990.0,Bosnia-Herzegovina,Midfield
44227,Ivan Kelava,1988.0,Croatia,Goalkeeper
44281,Adriano Russo,1987.0,Italy,Defender
44317,Bojan Jokic,1986.0,Slovenia,Defender
44327,Andrea Ranocchia,1988.0,Italy,Defender
44336,Simon Laner,1984.0,Italy,Midfield
44352,Luis Suárez,1987.0,Uruguay,Attack
44373,Guilherme Siqueira,1986.0,Brazil,Defender
44412,Bruno Soriano,1984.0,Spain,Midfield
44417,Cédric Mongongu,1989.0,DR Congo,Defender
44420,Stefan Radu,1986.0,Romania,Defender
44466,Sebastian Rode,1990.0,Germany,Midfield
44501,Marcelo,1988.0,Brazil,Defender
44514,Federico Piovaccari,1984.0,Italy,Attack
44521,Kevin Großkreutz,1988.0,Germany,Defender
44567,Tobias Mikkelsen,1986.0,Denmark,Attack
44594,Felix Wiedwald,1990.0,Germany,Goalkeeper
44607,Tom Mickel,1989.0,Germany,Goalkeeper
44624,Dieumerci Mbokani,1985.0,DR Congo,Attack
44625,Maor Melikson,1984.0,Israel,Attack
44674,Giovani dos Santos,1989.0,Mexico,Attack
44675,Bojan Krkic,1990.0,Spain,Attack
44679,Jean-Baptiste Pierazzi,1985.0,France,Midfield
44686,Yannick Cahuzac,1985.0,France,Midfield
44687,Johan Cavalli,1981.0,France,Midfield
44688,Gilles Cioni,1984.0,France,Defender
44699,Antunes,1987.0,Portugal,Defender
44700,Paulão,1982.0,Brazil,Defender
44709,Paolo De Ceglie,1986.0,Italy,Defender
44713,Christian Clemens,1991.0,Germany,Attack
44716,Claudio Marchisio,1986.0,Italy,Midfield
44720,Matti Lund Nielsen,1988.0,Denmark,Midfield
44727,Grégory Bettiol,1986.0,France,Attack
44735,Aythami Artiles,1986.0,Spain,Defender
44741,Beram Kayal,1988.0,Israel,Midfield
44760,Itay Shechter,1987.0,Israel,Attack
44779,Diego Costa,1988.0,Spain,Attack
44792,Kieran Gibbs,1989.0,England,Defender
44794,Henri Lansbury,1990.0,England,Midfield
44832,Alberto Frison,1988.0,Italy,Goalkeeper
44834,Andrea Poli,1989.0,Italy,Midfield
44855,Dame N'Doye,1985.0,Senegal,Attack
44859,Jonathan Vila,1986.0,Spain,Midfield
44860,Javi Chica,1985.0,Spain,Defender
44913,Simeon Jackson,1987.0,Canada,Attack
44966,Adrián López,1987.0,Spain,Defender
44983,Dan Gosling,1990.0,England,Midfield
45026,Rui Patrício,1988.0,Portugal,Goalkeeper
45082,Diego Gómez,1984.0,Argentina,Midfield
45121,Loïc Rémy,1987.0,France,Attack
45124,Medhi Benatia,1987.0,Morocco,Defender
45146,Mario Balotelli,1990.0,Italy,Attack
45166,Joël Sami,1984.0,DR Congo,Defender
45168,Bakaye Traoré,1985.0,Mali,Midfield
45178,Valentin Stocker,1989.0,Switzerland,Attack
45184,Grzegorz Krychowiak,1990.0,Poland,Midfield
45185,Tomasz Kupisz,1990.0,Poland,Attack
45235,Arnaud Maire,1979.0,France,Defender
45237,Julian Palmieri,1986.0,France,Defender
45254,Youssef Adnane,1985.0,France,Attack
45256,Jean-Sylvain Babin,1986.0,Martinique,Defender
45259,Alharbi El Jadeyaoui,1986.0,Morocco,Attack
45272,Youssouf Mulumbu,1987.0,DR Congo,Midfield
45287,Adel Taarabt,1989.0,Morocco,Midfield
45305,Miguel Torres,1986.0,Spain,Defender
45314,Federico Fazio,1987.0,Argentina,Defender
45319,Gabriel Mercado,1987.0,Argentina,Defender
45320,Ángel Di María,1988.0,Argentina,Attack
45330,Claudio Yacob,1987.0,Argentina,Midfield
45333,James McCarthy,1990.0,Ireland,Midfield
45335,Alberto Bueno,1988.0,Spain,Attack
45383,Adrián López,1988.0,Spain,Attack
45389,Samuel Di Carmine,1988.0,Italy,Attack
45395,Jonathan Howson,1988.0,England,Midfield
45403,André Ayew,1989.0,Ghana,Attack
45448,Felipe Lopes,1987.0,Brazil,Defender
45464,Sercan Sararer,1989.0,Turkey,Midfield
45475,Mahamane Traoré,1988.0,Mali,Midfield
45494,Wayne Hennessey,1987.0,Wales,Goalkeeper
45509,Siem de Jong,1989.0,Netherlands,Midfield
45529,Said Ahmed Said,1993.0,Italy,Attack
45548,Gregory van der Wiel,1988.0,Netherlands,Defender
45565,Luca Antonelli,1987.0,Italy,Defender
45567,Jonathan Biabiany,1988.0,France,Attack
45581,Joel Obi,1991.0,Nigeria,Midfield
45593,Welliton,1986.0,Brazil,Attack
45599,Emiliano Insúa,1989.0,Argentina,Defender
45601,Martin Hansen,1990.0,Denmark,Goalkeeper
45623,George Boyd,1985.0,Scotland,Attack
45624,Aurélien Chedjou,1985.0,Cameroon,Defender
45631,Aaron McLean,1983.0,England,Attack
45639,Mubarak Wakaso,1990.0,Ghana,Midfield
45644,Juan Antonio,1988.0,Argentina,Attack
45646,Diego Buonanotte,1988.0,Argentina,Midfield
45653,Mateo Musacchio,1990.0,Argentina,Defender
45660,Eric-Maxim Choupo-Moting,1989.0,Cameroon,Attack
45662,Alexander Esswein,1990.0,Germany,Attack
45668,Konstantin Rausch,1990.0,Russia,Defender
45671,Cenk Tosun,1991.0,Türkiye,Attack
45672,Kevin Trapp,1990.0,Germany,Goalkeeper
45674,Mohamed Amsif,1989.0,Morocco,Goalkeeper
45683,Manuel Gulde,1991.0,Germany,Defender
45693,Glenn Murray,1983.0,England,Attack
45710,Sammir,1987.0,Croatia,Midfield
45717,Nenê,1983.0,Brazil,Attack
45760,Marco Stiepermann,1991.0,Germany,Midfield
45775,Nauzet Alemán,1985.0,Spain,Attack
45832,Ivan Santini,1989.0,Croatia,Attack
45846,Saidi Ntibazonkiza,1987.0,Burundi,Midfield
45861,Ryan Shawcross,1987.0,England,Defender
45882,Fabri,1987.0,Spain,Goalkeeper
45889,Pereirinha,1988.0,Portugal,Attack
45912,Sergio Álvarez,1986.0,Spain,Goalkeeper
45921,Luke Daniels,1988.0,England,Goalkeeper
46001,Moussa Sissoko,1989.0,France,Midfield
46006,Nicki Bille Nielsen,1988.0,Denmark,Attack
46007,Ronnie Schwartz,1989.0,Denmark,Attack
46060,Federico Melchiorri,1987.0,Italy,Attack
46062,Sotiris Ninis,1990.0,Greece,Midfield
46104,Stevan Jovetić,1989.0,Montenegro,Attack
46105,Ivan Radovanovic,1988.0,Serbia,Midfield
46106,Adam Le Fondre,1986.0,England,Attack
46110,Ljubomir Fejsa,1988.0,Serbia,Midfield
46154,Chris Martin,1988.0,Scotland,Attack
46156,Aleksandar Kolarov,1985.0,Serbia,Defender
46162,Nikola Djurdjic,1986.0,Serbia,Attack
46179,Mathias Fetsch,1988.0,Germany,Attack
46215,Javi Guerra,1982.0,Spain,Attack
46220,Pablo Hernández,1985.0,Spain,Midfield
46405,Lovre Kalinic,1990.0,Croatia,Goalkeeper
46413,Ante Budimir,1991.0,Croatia,Attack
46415,Duje Cop,1990.0,Croatia,Attack
46423,Hrvoje Milic,1989.0,Croatia,Defender
46473,Jakob Johansson,1990.0,Sweden,Midfield
46477,Mathias Ranégie,1984.0,Sweden,Attack
46552,Kamil Glik,1988.0,Poland,Defender
46580,Andrej Kramaric,1991.0,Croatia,Attack
46716,Idir Ouali,1988.0,Algeria,Attack
46728,Savvas Gentsoglou,1990.0,Greece,Midfield
46741,David Luiz,1987.0,Brazil,Defender
46791,Bakary Sako,1988.0,,Attack
46809,Juan Pablo Pino,1987.0,Colombia,Attack
46831,Modibo Maïga,1987.0,Mali,Attack
46894,Jagos Vukovic,1988.0,Serbia,Defender
46972,Teemu Pukki,1990.0,Finland,Attack
47005,Agim Ibraimi,1988.0,North Macedonia,Attack
47065,Filip Djordjevic,1987.0,Serbia,Attack
47082,Daniel Sturridge,1989.0,England,Attack
47085,Nenad Tomovic,1987.0,Serbia,Defender
47184,Gabriel Torje,1989.0,Romania,Attack
47285,Ibrahima Traoré,1988.0,Guinea,Attack
47344,Eyong Enoh,1986.0,Cameroon,Midfield
47435,Andi Lila,1986.0,Albania,Midfield
47513,Mato Jajalo,1988.0,Bosnia-Herzegovina,Midfield
47543,Eren Derdiyok,1988.0,,Attack
47544,Michel Morganella,1989.0,Switzerland,Defender
47587,Tony Jantschke,1990.0,Germany,Defender
47592,Fagner,1989.0,Brazil,Defender
47646,Marco Biagianti,1984.0,Italy,Midfield
47647,Gorka Elustondo,1987.0,Spain,Midfield
47648,Dani Estrada,1987.0,Spain,Defender
47653,Rincón,1987.0,Brazil,Defender
47659,Costel Pantilimon,1987.0,Romania,Goalkeeper
47713,Mamadou Sakho,1990.0,France,Defender
47722,Casto,1982.0,Spain,Goalkeeper
47768,Alex Pearce,1988.0,Ireland,Defender
47893,William Vainqueur,1988.0,France,Midfield
47995,Jason Puncheon,1986.0,England,Midfield
48002,Angelo Ogbonna,1988.0,Italy,Defender
48003,Christian Puggioni,1981.0,Italy,Goalkeeper
48015,Lukas Hradecky,1989.0,Finland,Goalkeeper
48066,Andy Carroll,1989.0,England,Attack
48078,Sam Vokes,1989.0,Wales,Attack
48081,Christian Strohdiek,1988.0,Germany,Defender
48119,Danijel Aleksic,1991.0,Serbia,Midfield
48164,Slobodan Medojevic,1990.0,Serbia,Midfield
48280,Edinson Cavani,1987.0,Uruguay,Attack
48294,Bolaño,1985.0,Spain,Defender
48298,Lars Stindl,1988.0,Germany,Midfield
48678,Marius Alexe,1990.0,Romania,Attack
48740,Milos Ninkovic,1984.0,Serbia,Midfield
48805,Mads Albaek,1990.0,Denmark,Midfield
48859,Simon Kjær,1989.0,Denmark,Defender
48870,Jonas Lössl,1989.0,Denmark,Goalkeeper
48931,Henrique Sereno,1985.0,Portugal,Defender
48950,Jordan Rhodes,1990.0,Scotland,Attack
48974,Luiz Adriano,1987.0,Brazil,Attack
49101,Gary Taylor-Fletcher,1981.0,England,Attack
49144,Erik Friberg,1986.0,Sweden,Midfield
49239,Guido Burgstaller,1989.0,Austria,Attack
49275,Albin Ekdal,1989.0,Sweden,Midfield
49319,Mark Bunn,1984.0,England,Goalkeeper
49327,Bradley Johnson,1987.0,England,Midfield
49347,Mitchell Langerak,1988.0,Australia,Goalkeeper
49409,James Perch,1985.0,England,Midfield
49499,Georginio Wijnaldum,1990.0,Netherlands,Midfield
49500,Roberto Rosales,1988.0,Venezuela,Defender
49501,Elias Kachunga,1992.0,DR Congo,Attack
49521,Francesco Bolzoni,1989.0,Italy,Midfield
49542,Billy Sharp,1986.0,England,Attack
49655,Rickie Lambert,1982.0,England,Attack
49693,Andreas Weimann,1991.0,Austria,Attack
49723,Timothy Chandler,1990.0,United States,Defender
49730,Sebastian Jung,1990.0,Germany,Defender
49734,Jan Kirchhoff,1990.0,Germany,Defender
49755,Dale Stephens,1989.0,England,Midfield
49795,Dejan Lekic,1985.0,Serbia,Attack
49802,Ivan Obradovic,1988.0,Serbia,Defender
49804,Jordan Lotiès,1984.0,France,Defender
49867,Lukas Schmitz,1988.0,Germany,Defender
49872,Djamel Bakar,1989.0,Comoros,Attack
50057,Aaron Ramsey,1990.0,Wales,Midfield
50135,Nikita Rukavytsya,1987.0,Australia,Attack
50142,Vincent Bessat,1985.0,France,Defender
50143,Jonas,1984.0,Brazil,Attack
50174,Danny Rose,1990.0,England,Defender
50199,Stephan Hain,1988.0,Germany,Attack
50201,Christian Benteke,1990.0,Belgium,Attack
50202,Eden Hazard,1991.0,Belgium,Attack
50219,Simon Mignolet,1988.0,Belgium,Goalkeeper
50303,Tim Matavz,1989.0,Slovenia,Attack
50355,Fedor Smolov,1990.0,Russia,Attack
50362,Fabian Delph,1989.0,England,Midfield
50413,Deniz Kadah,1986.0,Turkey,Attack
50477,Yohan Benalouane,1987.0,Tunisia,Defender
50487,Christian Santos,1988.0,Venezuela,Attack
50512,Anthony Modeste,1988.0,France,Attack
50570,Ezequiel Lavezzi,1985.0,Argentina,Attack
50577,Pierre Bengtsson,1988.0,Sweden,Defender
50587,Linus Hallenius,1989.0,Sweden,Attack
50935,Chicharito,1988.0,Mexico,Attack
50987,Maurice Edu,1986.0,United States,Midfield
51030,Maxime Baca,1983.0,France,Defender
51035,Johny Placide,1988.0,Haiti,Goalkeeper
51040,Alexander Kacaniklic,1991.0,Sweden,Attack
51046,Héctor Moreno,1988.0,Mexico,Defender
51053,Daniel Davari,1988.0,Iran,Goalkeeper
51058,Licá,1988.0,Portugal,Attack
51069,Stefan Kutschke,1988.0,Germany,Attack
51088,Ignacio Scocco,1985.0,Argentina,Attack
51100,Peter Pekarík,1986.0,Slovakia,Defender
51106,Jan Washausen,1988.0,Germany,Midfield
51118,Adil Rami,1985.0,France,Defender
51152,Aleksandar Mitrović,1994.0,Serbia,Attack
51168,Jens Hegeler,1988.0,Germany,Midfield
51174,Fernando,1987.0,Brazil,Midfield
51176,Marcel Risse,1989.0,Germany,Attack
51186,Nicolás Spolli,1983.0,Argentina,Defender
51190,Marc Vucinovic,,Germany,Missing
51226,Carlos Sánchez,1986.0,Colombia,Midfield
51282,Mamadou Bah,1988.0,Guinea,Midfield
51283,Rémi Gomis,1984.0,Senegal,Midfield
51285,Simon Zenke,1988.0,Nigeria,Attack
51318,Matthew Briggs,1991.0,Guyana,Defender
51321,Darren Randolph,1987.0,Ireland,Goalkeeper
51325,Georg Margreitter,1988.0,Austria,Defender
51346,Michael Lang,1991.0,Switzerland,Defender
51356,Raúl Bobadilla,1987.0,Paraguay,Attack
51369,Fabien Robert,1989.0,France,Midfield
51383,Manuel Arana,1984.0,Spain,Attack
51426,Markel Bergara,1986.0,Spain,Midfield
51452,Joe Allen,1990.0,Wales,Midfield
51457,Guillermo Molins,1988.0,Sweden,Attack
51471,Mateo Kovacic,1994.0,Croatia,Midfield
51474,Mikel Rico,1984.0,Spain,Midfield
51489,Aritz López Garai,1980.0,Spain,Midfield
51504,Jaime Jiménez,1980.0,Spain,Goalkeeper
51510,Ángel Rodríguez,1987.0,Spain,Attack
51528,Bruno Saltor,1980.0,Spain,Defender
51532,Kike Sola,1986.0,Spain,Attack
51535,Domingo Cisma,1982.0,Spain,Defender
51540,Henri Saivet,1990.0,Senegal,Midfield
51542,Julien Toudic,1985.0,France,Attack
51545,Mario Bermejo,1978.0,Spain,Attack
51547,Mané,1981.0,Spain,Defender
51550,Carlos Bellvís,1985.0,Spain,Defender
51559,Mikel Arruabarrena,1983.0,Spain,Attack
51587,Pedro León,1986.0,Spain,Attack
51663,Pedro Alcalá,1989.0,Spain,Defender
51667,Kiko Olivas,1988.0,Spain,Defender
51676,Ermin Bicakcic,1990.0,Bosnia-Herzegovina,Defender
51681,Chico Flores,1987.0,Spain,Defender
51710,Sergio Asenjo,1989.0,Spain,Goalkeeper
51713,Sisi González,1986.0,Spain,Midfield
51730,Jamie Murphy,1989.0,Scotland,Attack
51736,Marco Mancosu,1988.0,Italy,Midfield
51972,Robbie Kruse,1988.0,Australia,Attack
51977,Pavao Pervan,1987.0,Austria,Goalkeeper
52027,Thierry Doubai,1988.0,Cote d'Ivoire,Midfield
52059,Zanka,1990.0,Denmark,Defender
52112,Georges Mandjeck,1988.0,Cameroon,Midfield
52119,Patrick van Aanholt,1990.0,Netherlands,Defender
52136,Davide Di Gennaro,1988.0,Italy,Midfield
52188,Robert Gucher,1991.0,Austria,Midfield
52200,Dominik Kaiser,1988.0,Germany,Midfield
52209,Steeven Langil,1988.0,Martinique,Attack
52246,Kolbeinn Sigthórsson,1990.0,Iceland,Attack
52266,Walter Gargano,1984.0,Uruguay,Midfield
52312,Sebastian Giovinco,1987.0,Italy,Attack
52328,Gonzalo Bergessio,1984.0,Argentina,Attack
52345,Didier Digard,1986.0,France,Midfield
52348,Benjamin Hübner,1989.0,Germany,Defender
52403,Dimitrios Siovas,1988.0,Greece,Defender
52428,Joaquín Larrivey,1984.0,Argentina,Attack
52432,Felipe Mattioni,1988.0,Brazil,Defender
52469,Mikel San José,1989.0,Spain,Midfield
52495,Chris Basham,1988.0,England,Defender
52513,Henrique,1986.0,Brazil,Defender
52530,Sven Schipplock,1988.0,Germany,Attack
52570,Fraser Forster,1988.0,England,Goalkeeper
52585,James Troisi,1988.0,Australia,Midfield
52595,Fabian Frei,1989.0,Switzerland,Midfield
52647,Júlio César,1986.0,Brazil,Goalkeeper
52744,Sébastien Wüthrich,1990.0,Switzerland,Midfield
52746,Nill De Pauw,1990.0,DR Congo,Attack
52769,Willian,1988.0,Brazil,Attack
52830,Adam Matuszczyk,1989.0,Poland,Midfield
52893,Carlão,1986.0,Brazil,Defender
52897,Hernanes,1985.0,Brazil,Midfield
52903,Nicolás Bertolo,1986.0,Argentina,Attack
52910,Josué,1979.0,Brazil,Midfield
52918,André Dias,1979.0,Brazil,Defender
52920,Marcelo,1987.0,Brazil,Defender
52999,Renan,1986.0,Brazil,Midfield
53058,Renato Augusto,1988.0,Brazil,Midfield
53077,Alberto Botía,1989.0,Spain,Defender
53173,Philipp Wollscheid,1989.0,Germany,Defender
53238,Sergey Krivets,1986.0,Belarus,Midfield
53239,Jonathan Pereira,1987.0,Spain,Attack
53288,Marquinho,1986.0,Brazil,Midfield
53293,Manu Fernández,1986.0,Spain,Goalkeeper
53301,Marc Valiente,1987.0,Spain,Defender
53306,Guy Ndy Assembé,1986.0,Cameroon,Goalkeeper
53309,Jeffrén,1988.0,Venezuela,Midfield
53332,Juan Forlín,1988.0,Argentina,Defender
53350,Egor Filipenko,1988.0,Belarus,Defender
53359,Evandro,1986.0,Brazil,Midfield
53360,Jay Rodríguez,1989.0,England,Attack
53399,Adamo Coulibaly,1981.0,France,Attack
53400,Dominick Drexler,1990.0,Germany,Midfield
53408,Fabian Giefer,1990.0,Germany,Goalkeeper
53418,Kevin Kampl,1990.0,Slovenia,Midfield
53437,Bastian Oczipka,1989.0,Germany,Defender
53477,Jonathan Cristaldo,1989.0,Argentina,Attack
53523,Marco Torsiglieri,1988.0,Argentina,Defender
53533,Carlos Zambrano,1989.0,Peru,Defender
53534,Julian Koch,1990.0,Germany,Midfield
53536,Tolgay Arslan,1990.0,Germany,Midfield
53602,Marvin Bakalorz,1989.0,Germany,Midfield
53622,İlkay Gündoğan,1990.0,Germany,Midfield
53669,Matthias Ostrzolek,1990.0,Germany,Defender
53696,Lars Unnerstall,1990.0,Germany,Goalkeeper
54137,Caiuby,1988.0,Brazil,Attack
54149,Jonathan,1986.0,Brazil,Defender
54155,Mariano,1986.0,Brazil,Defender
54170,Ramires,1987.0,Brazil,Midfield
54183,Maicosuel,1986.0,Brazil,Attack
54217,Raúl Fernández,1988.0,Spain,Goalkeeper
54231,Isma López,1990.0,Spain,Defender
54235,Iker Muniain,1992.0,Spain,Attack
54245,Markel Susaeta,1987.0,Spain,Attack
54275,André Santos,1983.0,Brazil,Defender
54312,Felipe Santana,1986.0,Brazil,Defender
54383,John Fleck,1991.0,Scotland,Midfield
54488,Nicolás Bianchi Arce,1987.0,Argentina,Defender
54576,Sebastián Blanco,1988.0,Argentina,Midfield
54581,Ilija Nestorovski,1990.0,North Macedonia,Attack
54659,Holger Badstuber,1989.0,Germany,Defender
54774,Miguel de las Cuevas,1986.0,Spain,Attack
54775,Magnus Wolff Eikrem,1990.0,Norway,Attack
54781,Nicolás Otamendi,1988.0,Argentina,Defender
54794,Facundo Parra,1985.0,Argentina,Attack
54818,Egidio Arévalo Ríos,1982.0,Uruguay,Midfield
54845,Gabriel Hauche,1986.0,Argentina,Attack
54846,Fabian Holland,1990.0,Germany,Defender
54859,Álvaro Pereira,1985.0,Uruguay,Defender
54890,Leonardo Ulloa,1986.0,Argentina,Attack
54906,Matteo Darmian,1989.0,Italy,Defender
54916,Jonathan Rossini,1989.0,Switzerland,Defender
54921,Massimo Volta,1987.0,Italy,Defender
54928,Diego Godín,1986.0,Uruguay,Defender
54929,Leandro Castán,1986.0,Brazil,Defender
54933,Gilles Sunu,1991.0,Togo,Midfield
54935,Martín Cáceres,1987.0,Uruguay,Defender
54964,Patrick Ziegler,1990.0,Germany,Defender
54984,Diego Perotti,1988.0,Argentina,Attack
54996,João Victor,1988.0,Brazil,Midfield
55000,Vincenzo Fiorillo,1990.0,Italy,Goalkeeper
55001,Matteo Rubin,1987.0,Italy,Defender
55042,Diego Rigonato,1988.0,Brazil,Midfield
55044,Abraham Gneki Guié,1986.0,Cote d'Ivoire,Attack
55046,Benjamin Angoua,1986.0,Cote d'Ivoire,Defender
55089,Oliver Baumann,1990.0,Germany,Goalkeeper
55099,Nicolas Höfler,1990.0,Germany,Midfield
55114,Oliver Sorg,1990.0,Germany,Defender
55125,Chris Löwe,1989.0,Germany,Defender
55135,Cristian Álvarez,1985.0,Argentina,Goalkeeper
55156,Milton Caraglio,1988.0,Argentina,Attack
55213,Mario Paglialunga,1988.0,Argentina,Midfield
55215,Javier Pastore,1989.0,Argentina,Midfield
55237,Oswaldo Vizcarrondo,1984.0,Venezuela,Defender
55240,Mauro dos Santos,1989.0,Argentina,Defender
55247,Ádám Bogdán,1987.0,Hungary,Goalkeeper
55282,Ciprian Tatarusanu,1986.0,Romania,Goalkeeper
55291,Scott Arfield,1988.0,Canada,Midfield
55385,Granddi N'Goyi,1988.0,DR Congo,Midfield
55409,Younousse Sankharé,1989.0,Senegal,Midfield
55472,Rafael Marques,1983.0,Brazil,Defender
55508,Lewis Holtby,1990.0,Germany,Midfield
55510,Marco Höger,1989.0,Germany,Midfield
55512,Wilson Kamavuaka,1990.0,DR Congo,Midfield
55519,Christoph Moritz,1990.0,Germany,Midfield
55595,Benjamin Mokulu,1989.0,DR Congo,Attack
55597,Marcel Correia,1989.0,Portugal,Defender
55619,Nordin Amrabat,1987.0,Morocco,Attack
55687,Ritchie De Laet,1988.0,Belgium,Defender
55709,Emmanuel Mayuka,1990.0,Zambia,Attack
55735,Henrikh Mkhitaryan,1989.0,Armenia,Midfield
55742,Harry Arter,1989.0,Ireland,Midfield
55751,Samuel Armenteros,1990.0,Sweden,Attack
55769,Danilo D'Ambrosio,1988.0,Italy,Defender
55801,Marco Sau,1987.0,Italy,Attack
55854,Cristian Ansaldi,1986.0,Argentina,Defender
55866,Sebastián Dubarbier,1986.0,Argentina,Defender
55870,Mauro Formica,1988.0,Argentina,Midfield
55884,Pablo Pérez,1985.0,Argentina,Midfield
55895,Leonel Vangioni,1987.0,Argentina,Defender
55911,Adrián Calello,1987.0,Argentina,Midfield
55932,Carlos Matheu,1985.0,Argentina,Defender
55957,Álvaro González,1984.0,Uruguay,Midfield
55993,Pablo Álvarez,1984.0,Argentina,Defender
55997,José María Basanta,1984.0,Argentina,Defender
56036,Luís Neto,1988.0,Portugal,Defender
56046,Daniel Candeias,1988.0,Portugal,Attack
56059,Lucas Wilchez,1983.0,Argentina,Midfield
56066,Enzo Pérez,1986.0,Argentina,Midfield
56067,Pablo Piatti,1989.0,Argentina,Attack
56100,Leon Balogun,1988.0,Nigeria,Defender
56134,Javi Fuego,1984.0,Spain,Midfield
56294,Jérémy Grimm,1987.0,France,Midfield
56331,Bas Dost,1989.0,Netherlands,Attack
56416,Dries Mertens,1987.0,Belgium,Attack
56435,Roger,1985.0,Brazil,Midfield
56510,André Fomitschow,1990.0,Germany,Defender
56513,Oliver Kragl,1990.0,Germany,Midfield
56543,Jesús Rueda,1987.0,Spain,Defender
56609,Eros Pisano,1987.0,Italy,Defender
56693,Raffaele Bianco,1987.0,Italy,Midfield
56703,Simone Padoin,1984.0,Italy,Midfield
56711,Almog Cohen,1988.0,Israel,Midfield
56762,Pasquale Schiattarella,1987.0,Italy,Midfield
56777,Luísinho,1985.0,Portugal,Defender
56778,Joris Delle,1990.0,France,Goalkeeper
56790,Nenad Krsticic,1990.0,Serbia,Midfield
56794,Fabien Lemoine,1987.0,France,Midfield
56795,Cheikh M'Bengue,1988.0,Senegal,Defender
56802,Vincent Muratori,1987.0,France,Defender
56806,Vincent Nogueira,1988.0,France,Midfield
56807,Kévin Olimpa,1988.0,Martinique,Goalkeeper
56808,Quentin Othon,1988.0,France,Midfield
56809,Alexandre Oukidja,1988.0,Algeria,Goalkeeper
56810,Adrien Silva,1989.0,Portugal,Midfield
56815,Alexandre Raineau,1986.0,France,Defender
56817,Fabiano Santacroce,1986.0,Italy,Defender
56818,Morgan Schneiderlin,1989.0,France,Midfield
56820,Jérémy Sorbon,1983.0,France,Defender
56827,Anthony Weber,1987.0,France,Defender
56830,Sebastien De Maio,1987.0,France,Defender
56831,Juan Neira,1989.0,Argentina,Midfield
56841,Michelangelo Albertazzi,1991.0,Italy,Defender
56853,Federico Casarini,1989.0,Italy,Midfield
56854,Nicolò Cherubin,1986.0,Italy,Defender
56872,Andy King,1988.0,Wales,Midfield
56889,Francesco Della Rocca,1987.0,Italy,Midfield
56903,Diego Fabbrini,1990.0,Italy,Attack
56912,Levan Mchedlidze,1990.0,Georgia,Attack
56921,Alberto Pelagotti,1989.0,Italy,Goalkeeper
57051,Sebastian Rudy,1990.0,Germany,Midfield
57071,Péter Gulácsi,1990.0,Hungary,Goalkeeper
57079,Jack Rodwell,1991.0,England,Midfield
57091,Hanno Behrens,1990.0,Germany,Midfield
57110,Anthony Mounier,1987.0,France,Attack
57134,Matthieu Dreyer,1989.0,France,Goalkeeper
57135,Claude Dielna,1987.0,France,Defender
57144,Chahir Belghazouani,1986.0,Morocco,Attack
57162,Sofiane Feghouli,1989.0,Algeria,Midfield
57170,Féthi Harek,1982.0,Algeria,Defender
57186,Bakary Koné,1988.0,Burkina Faso,Defender
57207,Jordon Mutch,1991.0,England,Midfield
57208,Felipe Saad,1983.0,Brazil,Defender
57213,Damien Tibéri,1985.0,France,Midfield
57216,Ismaël Traoré,1986.0,Cote d'Ivoire,Defender
57229,Paulinho,1988.0,Brazil,Midfield
57275,Oussama Assaidi,1988.0,Morocco,Attack
57280,Giacomo Bonaventura,1989.0,Italy,Midfield
57285,Simone Colombi,1991.0,Italy,Goalkeeper
57295,Moussa Koné,1990.0,Cote d'Ivoire,Midfield
57337,Karim Aït-Fana,1989.0,Morocco,Attack
57342,Paul Alo'o Efoulou,1983.0,Cameroon,Attack
57343,Kévin Anin,1986.0,France,Midfield
57348,Thomas Ayasse,1987.0,France,Midfield
57349,Jonathan Ayité,1985.0,Togo,Attack
57354,Giuseppe Bellusci,1989.0,Italy,Defender
57355,Fahid Ben Khalfallah,1982.0,Tunisia,Attack
57358,Arnold Bouka Moutou,1988.0,Congo,Defender
57359,Emmanuel Bourgaud,1987.0,France,Midfield
57367,Johann Carrasso,1988.0,France,Goalkeeper
57370,Damien Da Silva,1988.0,France,Defender
57372,Lucas Deaux,1988.0,France,Midfield
57376,Antoine Devaux,1985.0,France,Midfield
57383,Brahim Ferradj,1987.0,Algeria,Defender
57389,Luigi Giorgi,1987.0,Italy,Midfield
57402,Charles Kaboré,1988.0,Burkina Faso,Midfield
57403,Foued Kadir,1983.0,Algeria,Midfield
57404,Jean-Armel Kana-Biyik,1989.0,Cameroon,Defender
57410,Yann Kermorgant,1981.0,France,Attack
57420,Lamine Koné,1989.0,Cote d'Ivoire,Defender
57423,Florin Gardos,1988.0,Romania,Defender
57449,Jamel Saihi,1987.0,Tunisia,Midfield
57466,Thiago Xavier,1983.0,Brazil,Midfield
57467,Romain Thomas,1988.0,France,Defender
57480,Mapou Yanga-Mbiwa,1989.0,France,Defender
57488,Simon Dawkins,1987.0,Jamaica,Attack
57500,César Azpilicueta,1989.0,Spain,Defender
57510,Aldo Angoula,1981.0,France,Defender
57515,Aly Cissokho,1987.0,France,Defender
57522,Andrés Fernández,1986.0,Spain,Goalkeeper
57525,Romain Genevois,1987.0,Haiti,Defender
57545,Johann Ramaré,1984.0,France,Midfield
57598,Klaus Gjasula,1989.0,Albania,Midfield
57643,Marcello Gazzola,1985.0,Italy,Defender
57644,Lys Gomis,1989.0,Senegal,Goalkeeper
57693,Mario Fernández,1988.0,Spain,Goalkeeper
57723,Iván Marcano,1987.0,Spain,Defender
57785,Roberto Canella,1988.0,Spain,Defender
57791,Diego Castro,1982.0,Spain,Attack
57800,Roberto Fernández,1979.0,Spain,Goalkeeper
57808,Natxo Insa,1986.0,Malaysia,Midfield
57816,Alberto Lora,1987.0,Spain,Midfield
57818,Míchel Madera,1985.0,Spain,Midfield
57825,Jorge Molina,1982.0,Spain,Attack
57842,Christopher Schindler,1990.0,Germany,Defender
57845,Tobias Strobl,1990.0,Germany,Midfield
57866,Adrián Colunga,1984.0,Spain,Attack
57876,Laure,1985.0,Spain,Defender
57895,Denys Oliynyk,1987.0,Ukraine,Attack
57922,Cristian Bustos,1983.0,Spain,Midfield
57935,Álvaro Giménez,1991.0,Spain,Attack
57941,Samuel Llorca,1985.0,Spain,Defender
57943,Aarón Ñíguez,1989.0,Spain,Attack
57944,Sergio Pelegrín,1979.0,Spain,Defender
57950,David Rodríguez,1986.0,Spain,Attack
57961,Edu Albacar,1979.0,Spain,Defender
57995,Daniel Didavi,1990.0,Germany,Midfield
58000,Artem Fedetskyi,1985.0,Ukraine,Defender
58001,Miku Fedor,1985.0,Venezuela,Attack
58009,Javi Flores,1986.0,Spain,Midfield
58013,Apoño,1984.0,Spain,Midfield
58064,Jonathan López,1981.0,Spain,Goalkeeper
58070,Diego Maínz,1982.0,Spain,Defender
58074,Carlos Martínez,1986.0,Spain,Defender
58076,Piti,1981.0,Spain,Midfield
58097,John Bostock,1992.0,Trinidad and Tobago,Midfield
58112,Omar Ramos,1988.0,Spain,Midfield
58115,Yoel Rodríguez,1988.0,Spain,Goalkeeper
58124,Julian Schieber,,Germany,Attack
58163,Boris Vukcevic,1990.0,Germany,Attack
58178,David Abraham,1986.0,Argentina,Defender
58205,André Schürrle,1990.0,Germany,Attack
58281,Simão,1988.0,Mozambique,Defender
58295,Petar Skuletic,1990.0,Serbia,Attack
58330,Víctor Díaz,1988.0,Spain,Defender
58341,Javi Varas,1982.0,Spain,Goalkeeper
58345,Jonathas,1989.0,Brazil,Attack
58358,Thomas Müller,1989.0,Germany,Attack
58361,Wilson Palacios,1984.0,Honduras,Midfield
58379,Maximilian Beister,,Germany,Attack
58396,Christian Groß,1989.0,Germany,Midfield
58405,Artem Kravets,1989.0,Ukraine,Attack
58426,Douglas,1990.0,Brazil,Defender
58437,Dani Schahin,1989.0,Germany,Attack
58474,Nikola Vujadinovic,1986.0,Montenegro,Defender
58489,Kyriakos Papadopoulos,1992.0,Greece,Defender
58497,Alberto García,1985.0,Spain,Goalkeeper
58500,Alfredo Morales,1990.0,United States,Midfield
58516,Lucas Barrios,1984.0,Paraguay,Attack
58576,Miguel Layún,1988.0,Mexico,Defender
58774,José Manuel Casado,1986.0,Spain,Defender
58789,Lolo,1984.0,Spain,Midfield
58799,Salva Sevilla,1984.0,Spain,Midfield
58818,Claudio Beauvue,1988.0,Guadeloupe,Attack
58864,Pierre-Emerick Aubameyang,1989.0,Gabon,Attack
58874,Ignacio Camacho,1990.0,Spain,Midfield
58884,Nacho Fernández,1990.0,Spain,Defender
58890,Gary Kagelmacher,1988.0,Uruguay,Defender
58949,Yevgen Konoplyanka,1989.0,Ukraine,Midfield
58970,Yevgen Shakhov,1990.0,Ukraine,Midfield
58993,Junior Hoilett,1990.0,Canada,Attack
58995,Anthony Jung,1991.0,Germany,Defender
59016,David Alaba,1992.0,Austria,Defender
59027,Roman Bürki,1990.0,Switzerland,Goalkeeper
59032,Aleksandar Dragovic,1991.0,Austria,Defender
59054,Lukas Hinterseer,1991.0,Austria,Attack
59059,Muhammed Ildiz,1991.0,Austria,Midfield
59082,Heinz Lindner,1990.0,Austria,Goalkeeper
59196,Philipp Zulechner,1990.0,Austria,Attack
59238,Marwin Hitz,1987.0,Switzerland,Goalkeeper
59248,Miguel Lopes,1986.0,Portugal,Defender
59323,Cristhian Stuani,1986.0,Uruguay,Attack
59340,Iago Falque,1990.0,Spain,Attack
59343,Manu Herrera,1981.0,Spain,Goalkeeper
59344,Asier Illarramendi,1990.0,Spain,Midfield
59349,Diego Mariño,1990.0,Spain,Goalkeeper
59375,David Zurutuza,1986.0,Spain,Midfield
59377,David de Gea,1990.0,Spain,Goalkeeper
59491,Anton Putilo,1987.0,Belarus,Midfield
59527,Jon Echaide,1988.0,Spain,Defender
59529,Pavol Farkas,1985.0,Slovakia,Defender
59551,Ángel Montoro,1988.0,Spain,Midfield
59558,Emilio Nsue,1989.0,Equatorial Guinea,Defender
59561,Dani Parejo,1989.0,Spain,Midfield
59597,Maciej Rybus,1989.0,Poland,Defender
59606,Craig Cathcart,1989.0,Northern Ireland,Defender
59631,Nacer Chadli,1989.0,Belgium,Attack
59641,Denis Odoi,1988.0,Ghana,Defender
59699,Simone Iacoponi,1987.0,Italy,Defender
59783,Franco Di Santo,1989.0,Argentina,Attack
59791,Jorge Teixeira,1986.0,Portugal,Defender
59866,Victor Moses,1990.0,Nigeria,Midfield
59938,Elderson,1988.0,Nigeria,Defender
59950,Damien Le Tallec,1990.0,France,Midfield
59957,Benjamin Moukandjo,1988.0,Cameroon,Attack
60026,Ronny Philp,1989.0,Romania,Defender
60028,Edgar Prib,1989.0,Germany,Midfield
60128,Luca Rossettini,1985.0,Italy,Defender
60289,Rajko Brezancic,1989.0,Serbia,Defender
60394,Philipp Klement,1992.0,Germany,Midfield
60444,Thiago Alcántara,1991.0,Spain,Midfield
60445,Jonathan dos Santos,1990.0,Mexico,Midfield
60517,Yacine Brahimi,1990.0,Algeria,Attack
60525,Yoann Court,1990.0,France,Attack
60530,Kévin Diaz,1988.0,France,Midfield
60534,Sebastian Eriksson,1989.0,Sweden,Midfield
60539,Lamine Gassama,1989.0,Senegal,Defender
60540,Valère Germain,1990.0,France,Attack
60542,Maxime Gonalons,1989.0,France,Midfield
60543,Mathieu Gorgelin,1990.0,France,Goalkeeper
60551,Lossémy Karaboué,1988.0,Cote d'Ivoire,Midfield
60558,Maxime Le Marchand,1989.0,France,Defender
60561,Anthony Lopes,1990.0,Portugal,Goalkeeper
60567,Francesco Migliore,1988.0,Italy,Defender
60570,Yohan Mollo,1989.0,France,Attack
60573,Yann M'Vila,1990.0,France,Midfield
60577,Nicolas N'Koulou,1990.0,Cameroon,Defender
60578,Prince Oniangué,1988.0,Congo,Midfield
60583,Jérémy Pied,1989.0,France,Defender
60588,Abdoul Camara,1990.0,Guinea,Attack
60591,Yannick Sagbo,1988.0,Cote d'Ivoire,Attack
60599,Samuel Souprayen,1989.0,France,Defender
60602,Yohann Thuram,1988.0,Guadeloupe,Goalkeeper
60603,Kévin Théophile-Catherine,1989.0,Martinique,Defender
60604,Eric Tié Bi,1990.0,Cote d'Ivoire,Midfield
60607,Pierrick Valdivia,1988.0,France,Midfield
60632,Theodor Gebre Selassie,1986.0,Czech Republic,Defender
60732,Denis Tonucci,1988.0,Italy,Defender
60744,Daryl Janmaat,1989.0,Netherlands,Defender
60761,Taleb Tawatha,1992.0,Israel,Defender
60779,Igor Martínez,1989.0,Spain,Midfield
60790,Toni Sunjic,1988.0,Bosnia-Herzegovina,Defender
60885,Marco Estrada,1983.0,Chile,Midfield
60889,Gary Medel,1987.0,Chile,Midfield
60890,Fabián Orellana,1986.0,Chile,Attack
60957,Sebastian Polter,1991.0,Germany,Attack
60990,Bruno Ecuele Manga,1988.0,Gabon,Defender
61087,Karim Bellarabi,1990.0,Germany,Attack
61253,José Callejón,1987.0,Spain,Attack
61344,Borja Viguera,1987.0,Spain,Attack
61358,Filippo Porcari,1984.0,Italy,Midfield
61375,Garra Dembélé,1986.0,Mali,Attack
61401,Vincenzo Rennella,1988.0,Italy,Attack
61447,Jem Karacan,1989.0,Turkey,Midfield
61449,Senad Lulic,1986.0,Bosnia-Herzegovina,Midfield
61464,Karim Yoda,1988.0,France,Attack
61511,Camillo Ciano,1990.0,Italy,Attack
61546,Facundo Roncaglia,1987.0,Argentina,Defender
61559,Hope Akpan,1991.0,Nigeria,Midfield
61560,Marc Albrighton,1989.0,,Midfield
61561,Barry Bannan,1989.0,Scotland,Midfield
61568,Jack Collison,1988.0,Wales,Midfield
61572,Chris Herd,1989.0,Australia,Midfield
61573,Jonathan Hogg,1988.0,England,Midfield
61575,Eric Lichaj,1988.0,United States,Defender
61583,Eunan O'Kane,1990.0,Ireland,Midfield
61588,Jordan Spence,1990.0,England,Defender
61591,Zoltán Stieber,1988.0,Hungary,Midfield
61592,James Tomkins,1989.0,England,Defender
61637,Emmanuel Rivière,1990.0,Martinique,Attack
61644,Jack Colback,1989.0,England,Midfield
61651,Jordan Henderson,1990.0,England,Midfield
61653,Conor Hourihane,1991.0,Ireland,Midfield
61682,Amine Chermiti,1987.0,Tunisia,Attack
61694,Neil Etheridge,1990.0,Philippines,Goalkeeper
61711,Callum McManaman,1991.0,England,Attack
61743,André Santos,1989.0,Portugal,Midfield
61751,Antonio Mazzotta,1989.0,Italy,Defender
61757,Nicola Rigoni,1990.0,Italy,Midfield
61770,Emanuele Terranova,1987.0,Italy,Defender
61783,Mirko Eramo,1989.0,Italy,Midfield
61786,Guido Marilungo,1989.0,Italy,Attack
61812,Yuri Berchiche,1990.0,Spain,Defender
61814,David Button,1989.0,England,Goalkeeper
61819,Charlie Daniels,1986.0,England,Defender
61832,Jake Livermore,1989.0,England,Midfield
61834,Ryan Mason,1991.0,England,Midfield
61841,Adam Smith,1991.0,England,Defender
61842,Andros Townsend,1991.0,England,Attack
61863,Edgar Cani,1989.0,Albania,Attack
61869,Raúl Goni,1988.0,Spain,Defender
61887,Federico Macheda,1991.0,Italy,Attack
61891,Fábio,1990.0,Brazil,Defender
61892,Rafael,1990.0,Brazil,Defender
61901,Mohammed Abdellaoue,1985.0,Norway,Attack
61989,Michael Esser,1987.0,Germany,Goalkeeper
62008,Stefan Johansen,1991.0,Norway,Midfield
62013,Anders Konradsen,1990.0,Norway,Midfield
62049,Mame Diouf,1987.0,Senegal,Attack
62052,Shane Ferguson,1991.0,Northern Ireland,Midfield
62094,James Tavernier,1991.0,England,Defender
62121,Odion Ighalo,1989.0,Nigeria,Attack
62144,Antoñito,1987.0,Spain,Defender
62240,Maynor Figueroa,1983.0,Honduras,Defender
62351,Abdoulaye Bamba,1990.0,Cote d'Ivoire,Defender
62379,Cristian Pasquato,1989.0,Italy,Attack
62415,Panagiotis Tachtsidis,1991.0,Greece,Midfield
62611,Sergio Mora,1979.0,Spain,Midfield
62638,Nathan Baker,1991.0,England,Defender
62642,Nathan Delfouneso,1991.0,England,Attack
62688,Scott Dann,1987.0,England,Defender
62713,Ryder Matos,1993.0,Brazil,Attack
62716,Michele Camporese,1992.0,Italy,Defender
62735,Pietro Iemmello,1992.0,Italy,Attack
62751,Giuseppe De Luca,1991.0,Italy,Attack
62800,Adam Hlousek,1988.0,Czech Republic,Defender
62913,Lillo Castellano,1989.0,Spain,Defender
62915,Álvaro Domínguez,1989.0,Spain,Defender
62920,Víctor Ruiz,1989.0,Spain,Defender
62941,Jordi Figueras,1987.0,Spain,Defender
62945,Luis Hernández,1989.0,Spain,Defender
63022,Jan Moravek,1989.0,Czech Republic,Midfield
63040,Oier Sanjurjo,1986.0,Spain,Midfield
63056,Roberto Torres,1989.0,Spain,Midfield
63186,Roberto Soriano,1991.0,Italy,Midfield
63200,Ashley Barnes,1989.0,England,Attack
63209,Ádám Pintér,1988.0,Hungary,Defender
63226,Jules Goda,1989.0,Cameroon,Goalkeeper
63252,Tomas Hubocan,1985.0,Slovakia,Defender
63265,Igor Lewczuk,1985.0,Poland,Defender
63285,Kagisho Dikgacoi,1984.0,South Africa,Midfield
63290,Víctor Sánchez,1987.0,Spain,Midfield
63293,Tiago Pinto,1988.0,Portugal,Defender
63342,Leroy Fer,1990.0,Netherlands,Midfield
63384,Adrian Nikci,1989.0,Switzerland,Attack
63463,Daniel Wass,1989.0,Denmark,Midfield
63494,Étienne Capoue,1988.0,France,Midfield
63531,Kwadwo Asamoah,1988.0,Ghana,Midfield
63689,Fran Rico,1987.0,Spain,Midfield
63695,Dani Benítez,1987.0,Spain,Attack
63706,Mikel Saizar,1983.0,Spain,Goalkeeper
63723,David Lombán,1987.0,Spain,Defender
63737,Petr Jiracek,1986.0,Czech Republic,Midfield
63821,Aron Gunnarsson,1989.0,Iceland,Midfield
63824,Libor Kozak,1989.0,Czech Republic,Attack
63833,Jiloan Hamad,1990.0,Iraq,Midfield
63846,Anele Ngcongca,1987.0,South Africa,Defender
63899,Josef Husbauer,1990.0,Czech Republic,Midfield
63955,Vaclav Pilar,1988.0,Czech Republic,Midfield
63965,Michael Rabusic,1989.0,Czech Republic,Attack
64000,Tomáš Vaclík,1989.0,Czech Republic,Goalkeeper
64134,Néstor Araújo,1991.0,Mexico,Defender
64147,Zouhaier Dhaouadi,1988.0,Tunisia,Attack
64229,Mihai Roman,1984.0,Romania,Attack
64248,Florian Trinks,1992.0,Germany,Midfield
64308,Brown Ideye,1988.0,Nigeria,Attack
64339,Pizzi,1989.0,Portugal,Midfield
64363,Dani Castellano,1987.0,Spain,Defender
64399,Vicente Guaita,1987.0,Spain,Goalkeeper
64411,Juanfran Moreno,1988.0,Spain,Defender
64419,Joan Tomás,1985.0,Spain,Attack
64484,Manucho,1983.0,Angola,Attack
64545,Sebastián Fernández,1985.0,Uruguay,Attack
64598,Bernardo Espinosa,1989.0,Colombia,Defender
64791,Süleyman Koc,1989.0,Germany,Attack
64793,Leonardo Pavoletti,1988.0,Italy,Attack
64992,Issam El Adoua,1986.0,Morocco,Midfield
65060,Borja Gómez,1988.0,Spain,Defender
65177,Khalid Sekkat,1984.0,Morocco,Defender
65230,Sergio Busquets,1988.0,Spain,Midfield
65233,Teerasil Dangda,1988.0,Thailand,Attack
65237,Andreu Fontàs,1989.0,Spain,Defender
65239,Jorge Morcillo,1986.0,Spain,Defender
65243,Abraham González,1985.0,Spain,Midfield
65255,Timm Klose,1988.0,Switzerland,Defender
65263,Jordi Masip,1989.0,Spain,Goalkeeper
65266,Rubén Miño,1989.0,Spain,Goalkeeper
65278,Pedro,1987.0,Spain,Attack
65301,Xavi Torres,1986.0,Spain,Midfield
65318,Jaume Costa,1988.0,Spain,Defender
65331,Míchel Herrero,1988.0,Spain,Midfield
65467,Vicente Iborra,1988.0,Spain,Midfield
65477,Troy Deeney,1988.0,England,Attack
65489,Javi Castellano,1987.0,Spain,Midfield
65635,Karamoko Cissé,1988.0,Guinea,Attack
65781,Daniel Opare,1990.0,Ghana,Defender
65921,Henri Bienvenu,1988.0,Cameroon,Attack
65929,Matías Rodríguez,1986.0,Argentina,Defender
65976,Hal Robson-Kanu,1989.0,Wales,Attack
65992,Kermit Erasmus,1990.0,South Africa,Attack
66005,Amir Abrashi,1990.0,Albania,Midfield
66022,Innocent Emeghara,1989.0,Switzerland,Attack
66052,Ermir Lenjani,1989.0,Albania,Defender
66058,Admir Mehmedi,1991.0,Switzerland,Attack
66099,Carles Planas,1991.0,Spain,Defender
66100,Oriol Romeu,1991.0,Spain,Midfield
66106,Sergio Canales,1991.0,Spain,Midfield
66109,Fabio Daprelà,1991.0,Switzerland,Defender
66110,Jon Gaztañaga,1991.0,Spain,Midfield
66112,Keko Gontán,1991.0,Spain,Missing
66219,Kyle Naughton,1988.0,England,Defender
66280,Cristobal Jorquera,1988.0,Chile,Midfield
66319,Ammar Jemal,1987.0,Tunisia,Defender
66333,Ahmed Elmohamady,1987.0,Egypt,Defender
66360,Daniele Ragatzu,1991.0,Italy,Attack
66386,Samuel Bouhours,1987.0,France,Defender
66398,Wilfried Moimbé,1988.0,France,Defender
66407,Sloan Privat,1989.0,French Guiana,Attack
66413,Franck Tabanou,1989.0,France,Defender
66415,Abdou Traoré,1988.0,Mali,Midfield
66521,Keisuke Honda,1986.0,Japan,Midfield
66550,Ángel Rangel,1982.0,Spain,Defender
66736,Lisandro Magallán,1993.0,Argentina,Defender
66783,Charlison Benschop,1989.0,Curacao,Attack
66788,Kafoumba Coulibaly,1985.0,Cote d'Ivoire,Midfield
66791,Diallo Guidileye,1989.0,Mauritania,Midfield
66923,Luke Freeman,1992.0,England,Midfield
66926,Moussa Gueye,1989.0,Senegal,Attack
66934,Cheikhou Kouyaté,1989.0,Senegal,Midfield
66960,Ignacio Fideleff,1989.0,Argentina,Defender
66994,Gary Madine,1990.0,England,Attack
67063,Danny Welbeck,1990.0,England,Attack
67080,Víctor Laguardia,1989.0,Spain,Defender
67082,Vitolo,1989.0,Spain,Attack
67084,Fabián Monzón,1987.0,Argentina,Defender
67089,Juan Cala,1989.0,,Defender
67090,Dídac Vilà,1989.0,Spain,Defender
67202,Aaron Wilbraham,1979.0,England,Attack
67211,Sam Baldock,1989.0,England,Attack
67252,Ryan Bennett,1990.0,England,Defender
67283,Ben Hamer,1987.0,England,Goalkeeper
67303,Russell Martin,1986.0,Scotland,Defender
67322,Anthony Pilkington,1988.0,Ireland,Attack
67339,David Stockdale,1985.0,England,Goalkeeper
67346,Marc Tierney,1985.0,England,Defender
67355,Ashley Williams,1984.0,Wales,Defender
67369,Nick Blackman,1989.0,Barbados,Attack
67416,Neil Taylor,1989.0,Wales,Defender
67421,Kyle Bartley,1991.0,England,Defender
67542,Erik Morán,1991.0,Spain,Midfield
67544,Dani Nieto,1991.0,Spain,Attack
67546,Jorge Pulido,1991.0,Spain,Defender
67548,Rubén Rochina,1991.0,Spain,Attack
67556,Milan Djuric,1990.0,Bosnia-Herzegovina,Attack
67639,Andrey Galabinov,1988.0,Bulgaria,Attack
67685,Marco Fabián,1989.0,Mexico,Midfield
67721,Mohammed Rabiu,1989.0,Ghana,Midfield
67808,Borja García,1990.0,Spain,Midfield
67823,Damián Musto,1987.0,Argentina,Midfield
67850,Andreas Ludwig,1990.0,Germany,Midfield
67864,Maurício,1988.0,Brazil,Defender
67866,Brayan Angulo,1989.0,Colombia,Defender
67869,Marco Terrazzino,1991.0,Germany,Attack
67920,Ganso,1989.0,Brazil,Midfield
68033,Steven Zuber,1991.0,Switzerland,Attack
68183,David Meyler,1989.0,Ireland,Midfield
68283,Vujadin Savic,1990.0,Serbia,Defender
68290,Neymar,1992.0,Brazil,Midfield
68306,Alberto Paloschi,1990.0,Italy,Attack
68390,Séamus Coleman,1988.0,Ireland,Defender
68410,Stefanos Kapino,1994.0,Greece,Goalkeeper
68645,Martín Montoya,1991.0,Spain,Defender
68718,Yoann Touzghar,1986.0,Tunisia,Attack
68815,Felipe Trevizan,1987.0,Brazil,Defender
68863,Mauro Icardi,1993.0,Argentina,Attack
68864,Kevin Strootman,1990.0,Netherlands,Midfield
68868,Guido Milán,1987.0,Argentina,Defender
69001,Giedrius Arlauskis,1987.0,Lithuania,Goalkeeper
69006,Lacina Traore,1990.0,Cote d'Ivoire,Attack
69015,Andriy Yarmolenko,1989.0,Ukraine,Attack
69101,Saber Khalifa,1986.0,Tunisia,Attack
69246,Préjuce Nakoulma,1987.0,Burkina Faso,Attack
69374,Adem Ljajic,1991.0,Serbia,Midfield
69396,Zhi Gin Lam,1991.0,Germany,Midfield
69436,Mateo Pavlovic,1990.0,Croatia,Defender
69609,José Alberto Cañas,1987.0,Spain,Midfield
69611,Javi Jiménez,1987.0,Spain,Goalkeeper
69633,Christian Eriksen,1992.0,Denmark,Midfield
69646,Jens Stryger,1991.0,Denmark,Defender
69653,Garath McCleary,1987.0,Jamaica,Attack
69660,Jonás Ramalho,1993.0,Angola,Defender
69751,Jordi Alba,1989.0,Spain,Defender
69819,Baba,1988.0,Senegal,Attack
70131,Ondrej Celustka,1989.0,Czech Republic,Defender
70203,Zé Eduardo,1991.0,Brazil,Midfield
70243,Marcel Halstenberg,1991.0,Germany,Defender
70245,Ignasi Miquel,1992.0,Spain,Defender
70280,Peniel Mlapa,1991.0,Togo,Attack
70285,Jonathan Schmid,1990.0,France,Defender
70411,Darko Lazović,1990.0,Serbia,Midfield
70689,Filippo Falco,1992.0,Italy,Attack
70767,Roman Zozulya,1989.0,Ukraine,Attack
70789,Michu,1986.0,Spain,Attack
70890,Sergio Mantecón,1980.0,Spain,Midfield
70898,Chechu Dorado,1982.0,Spain,Defender
70934,Nolito,1986.0,Spain,Attack
70946,Xisco Campos,1982.0,Spain,Defender
70950,Mohamed Diamé,1987.0,Senegal,Midfield
71002,Carlos Caballero,1984.0,Spain,Midfield
71019,Bartosz Salamon,1991.0,Poland,Defender
71020,Luciano Becchio,1983.0,Argentina,Attack
71096,Róger Espinoza,1986.0,Honduras,Midfield
71107,Brek Shea,1990.0,United States,Midfield
71204,Javi Moyano,1986.0,Spain,Defender
71206,Nauzet Pérez,1985.0,Spain,Goalkeeper
71271,Adrián San Miguel,1987.0,Spain,Goalkeeper
71273,Stefan Scepovic,1990.0,Serbia,Attack
71292,Jonjo Shelvey,1992.0,England,Midfield
71302,Gianluca Musacci,1987.0,Italy,Midfield
71394,Carlos Carmona,1987.0,Spain,Attack
71548,Anaitz Arbilla,1987.0,Spain,Defender
71559,Xabi Etxeita,1987.0,Spain,Defender
71570,Iago Herrerín,1988.0,Spain,Goalkeeper
71571,Ander Iturraspe,1989.0,Spain,Midfield
71579,Iñigo Pérez,1988.0,Spain,Midfield
71601,Txema Añibarro,1979.0,Spain,Defender
71671,Oriol Riera,1986.0,Spain,Attack
71801,Dani Giménez,1983.0,Spain,Goalkeeper
71835,Jon Ander Serantes,1989.0,Spain,Goalkeeper
71840,Gaizka Toquero,1984.0,Spain,Attack
71904,Antonio Amaya,1983.0,Spain,Defender
71905,Coke,1987.0,Spain,Defender
71918,David Ferreiro,1988.0,Spain,Attack
72047,Iago Aspas,1987.0,Spain,Attack
72087,Andres Tuñez,1987.0,Venezuela,Defender
72121,Johan Gastien,1988.0,France,Midfield
72189,Álex Bergantiños,1985.0,Spain,Midfield
72195,Juan Domínguez,1990.0,,Midfield
72201,Hugo Fraile,1987.0,Spain,Attack
72203,Juanan,1987.0,Spain,Defender
72237,Mervan Çelik,1990.0,Sweden,Attack
72274,Vasco Regini,1990.0,Italy,Defender
72286,Héctor Rodas,1988.0,Spain,Defender
72310,Javi López,1986.0,Spain,Defender
72315,Javi Márquez,1986.0,Spain,Midfield
72319,Marc Pedraza,1987.0,Spain,Midfield
72415,Manuel Lucena,1982.0,Spain,Defender
72422,Mamadou Samassa,1990.0,Mali,Goalkeeper
72441,Rafael Tolói,1990.0,Italy,Defender
72457,Rasmus Jönsson,1990.0,Sweden,Attack
72462,Luciano Narsingh,1990.0,Netherlands,Midfield
72471,Nahuel Valentini,1988.0,Argentina,Defender
72476,Bernd Leno,1992.0,Germany,Goalkeeper
72479,Clément Grenier,1991.0,,Midfield
72519,Bobby Wood,1992.0,United States,Attack
72522,Luuk de Jong,1990.0,Netherlands,Attack
72578,Mauro Goicoechea,1988.0,Uruguay,Goalkeeper
72587,Ribair Rodríguez,1987.0,Uruguay,Midfield
72638,Yohandry Orozco,1991.0,Venezuela,Midfield
72768,Nélson Oliveira,1991.0,Portugal,Attack
72779,Álvaro Cejudo,1984.0,Spain,Attack
72792,Niko Gießelmann,1991.0,Germany,Defender
72857,Pedro Mendes,1990.0,Portugal,Defender
72883,Hans Martínez,1987.0,Chile,Defender
72935,Raúl Rodríguez,1987.0,Spain,Defender
73013,Pierre-Michel Lasogga,1991.0,Germany,Attack
73048,Ivan Martic,1990.0,Switzerland,Defender
73067,Adam Clayton,1989.0,England,Midfield
73076,José María López Silva,1983.0,Spain,Attack
73083,Franco Zuculini,1990.0,Argentina,Midfield
73090,Vid Belec,1990.0,Slovenia,Goalkeeper
73092,Rene Krhin,1990.0,Slovenia,Midfield
73097,Omar El Kaddouri,1990.0,Morocco,Midfield
73120,Ahmed Kashi,1988.0,Algeria,Midfield
73180,Martín Mantovani,1984.0,Argentina,Defender
73185,Lucas Pérez,1988.0,Spain,Attack
73215,Joan Oriol,1986.0,Spain,Defender
73222,Eloi Amagat,1985.0,Spain,Midfield
73244,José Carlos,1987.0,Spain,Midfield
73250,Mario Gaspar,1990.0,Spain,Defender
73257,Nagore,1980.0,Spain,Defender
73269,Javier Matilla,1988.0,Spain,Midfield
73314,Jordi Xumetra,1985.0,Spain,Attack
73319,Alberto de la Bella,1985.0,Spain,Defender
73323,Jo Inge Berget,1990.0,Norway,Midfield
73333,Vegar Hedenstad,1991.0,Norway,Defender
73396,David Ospina,1988.0,Colombia,Goalkeeper
73408,Matías Campos Toro,1989.0,Chile,Defender
73457,Aleksandar Pesic,1992.0,Serbia,Attack
73458,Anthony Lippini,1988.0,France,Defender
73482,James Chester,1989.0,Wales,Defender
73484,Tom Cleverley,1989.0,England,Midfield
73491,Danny Drinkwater,1990.0,England,Midfield
73517,Ørjan Nyland,1990.0,Norway,Goalkeeper
73522,Matty James,1991.0,England,Midfield
73547,Oliver Norwood,1991.0,Northern Ireland,Midfield
73636,Hernán Pérez,1989.0,Paraguay,Attack
73734,Steven Nzonzi,1988.0,France,Midfield
73782,Adrián Ramos,1986.0,Colombia,Attack
73786,Pablo Armero,1986.0,Colombia,Defender
73794,Duván Zapata,1991.0,Colombia,Attack
73846,Paul-José Mpoku,1992.0,DR Congo,Midfield
73858,Adrià Carmona,1992.0,Spain,Attack
73926,Davide Faraoni,1991.0,Italy,Defender
74088,Declan Rudd,1991.0,England,Goalkeeper
74223,Jack Wilshere,1992.0,England,Midfield
74228,Marc Muniesa,1992.0,Spain,Defender
74229,Koke,1992.0,Spain,Midfield
74230,Pablo Sarabia,1992.0,Spain,Midfield
74232,Matías Aguirregaray,1989.0,Uruguay,Defender
74253,Henry Giménez,1986.0,Uruguay,Attack
74294,Nemanja Gudelj,1991.0,Serbia,Midfield
74295,Aleksandar Ignjovski,1991.0,Serbia,Midfield
74297,Gaël Kakuta,1991.0,DR Congo,Midfield
74300,Luka Milivojevic,1991.0,Serbia,Midfield
74314,Edimar,1986.0,Brazil,Defender
74418,Jackson Martínez,1986.0,Colombia,Attack
74448,Andrea Rispoli,1988.0,Italy,Defender
74557,Raúl Baena,1989.0,Spain,Midfield
74590,Sandro,1989.0,Brazil,Midfield
74602,József Varga,1988.0,Hungary,Midfield
74615,Abdelhamid El Kaoutari,1990.0,Morocco,Defender
74641,İsmail Köybaşı,1989.0,Türkiye,Defender
74667,Dorlan Pabón,1988.0,Colombia,Attack
74683,Nemanja Matić,1988.0,Serbia,Midfield
74684,Édouard Butin,1988.0,France,Attack
74687,Dominik Furman,1992.0,Poland,Midfield
74709,Emmanuel Imorou,1988.0,Benin,Defender
74768,Adlène Guédioura,1985.0,Algeria,Midfield
74810,Ben Mee,1989.0,England,Defender
74821,Franco Mussis,1992.0,Argentina,Midfield
74842,Mario Götze,1992.0,Germany,Midfield
74857,Marc-André ter Stegen,1992.0,Germany,Goalkeeper
74869,Francis Coquelin,1991.0,France,Midfield
74943,Juraj Kucka,1987.0,Slovakia,Midfield
74954,Saúl Berjón,1986.0,Spain,Attack
74956,Marcel Büchel,1991.0,Liechtenstein,Midfield
74960,Martin Dúbravka,1989.0,Slovakia,Goalkeeper
74996,Izet Hajrovic,1991.0,,Attack
75058,William Matheus,1990.0,Brazil,Defender
75076,Everton Luiz,1988.0,Brazil,Midfield
75096,Helder,1988.0,Brazil,Defender
75127,Ezequiel Muñoz,1990.0,Argentina,Defender
75224,Magno Novaes,1983.0,Brazil,Goalkeeper
75238,Iñigo López,1982.0,Spain,Defender
75282,François Bellugou,1987.0,France,Midfield
75287,Seydou Doumbia,1987.0,Cote d'Ivoire,Attack
75314,Pedro Morales,1985.0,Chile,Midfield
75327,Marco Calderoni,1989.0,Italy,Defender
75411,Carlo Pinsoglio,1990.0,Italy,Goalkeeper
75442,Nico Gaitán,1988.0,Argentina,Midfield
75446,Pablo de Blasis,1988.0,Argentina,Midfield
75458,Robin Olsen,1990.0,Sweden,Goalkeeper
75471,Yannick Bolasie,1989.0,DR Congo,Attack
75489,Niclas Füllkrug,1993.0,Germany,Attack
75615,Douglas Costa,1990.0,Brazil,Attack
75640,Artur Sobiech,1990.0,Poland,Attack
75645,Maurice Dalé,1985.0,France,Attack
75680,Thomas Bertels,1986.0,Germany,Defender
75816,Miroslav Stevanovic,1990.0,Bosnia-Herzegovina,Midfield
75820,Juan Aguilera,1985.0,Spain,Midfield
75852,Miiko Albornoz,1990.0,Chile,Defender
75890,Kristoffer Nordfeldt,1989.0,Sweden,Goalkeeper
75921,Christopher Trimmel,1987.0,Austria,Defender
75942,Tomás Rincón,1988.0,Venezuela,Midfield
76032,Aridai Cabrera,1988.0,Spain,Attack
76055,Ronny Rodelin,1989.0,France,Attack
76061,Sime Vrsaljko,1992.0,Croatia,Defender
76076,Eñaut Zubikarai,1984.0,Spain,Goalkeeper
76077,Ricardo Álvarez,1988.0,Argentina,Midfield
76092,Willians,1986.0,Brazil,Midfield
76163,Franco Vázquez,1989.0,Argentina,Midfield
76273,Manu García,1986.0,Spain,Midfield
76277,Laurent Koscielny,1985.0,France,Defender
76285,Toño,1986.0,Spain,Goalkeeper
76293,Giovanni Sio,1989.0,Cote d'Ivoire,Attack
76329,Marcelo Estigarribia,1987.0,Paraguay,Midfield
76386,Mustapha Yatabaré,1986.0,,Attack
76387,Carlos Carmona,1987.0,Chile,Midfield
76406,Abdelkader Ghezzal,1984.0,Algeria,Attack
76467,Kiko Femenía,1991.0,Spain,Defender
76560,Haris Vuckic,1992.0,Slovenia,Attack
76598,Matías Cabrera,1986.0,Uruguay,Midfield
76608,Abel Hernández,1990.0,Uruguay,Attack
76699,Adrián Gunino,1989.0,Uruguay,Defender
76701,Diego Ifrán,1987.0,Uruguay,Attack
76743,Marcelo Silva,1989.0,Uruguay,Defender
76746,Damián Suárez,1988.0,Uruguay,Defender
76799,Miguel Britos,1985.0,Uruguay,Defender
76895,Simone Pasa,1994.0,Italy,Midfield
76902,Fernandinho,1985.0,Brazil,Attack
76924,Felipe Pardo,1990.0,Colombia,Attack
76984,Braian Rodríguez,1986.0,Uruguay,Attack
77001,Rajiv van La Parra,1991.0,Netherlands,Attack
77003,Tino Costa,1985.0,Argentina,Midfield
77026,Raúl Albentosa,1988.0,Spain,Defender
77100,Lucas Moura,1992.0,Brazil,Attack
77108,Jérôme Gondorf,1988.0,Germany,Midfield
77207,Gilberto García,1987.0,Colombia,Defender
77259,Anders Christiansen,1990.0,Denmark,Midfield
77262,Michel Macedo,1990.0,Brazil,Defender
77274,Matt Phillips,1991.0,Scotland,Attack
77329,Will Buckley,1989.0,England,Attack
77348,Julien Cétout,1988.0,France,Defender
77383,Eiji Kawashima,1983.0,Japan,Goalkeeper
77395,Erwin Zelazny,1991.0,France,Goalkeeper
77544,George Friend,1987.0,England,Defender
77559,Dean Moxey,1986.0,England,Defender
77563,Samuel Sahin-Radlinger,1992.0,Austria,Goalkeeper
77603,Dejan Lazarevic,1990.0,Slovenia,Attack
77707,Emre Çolak,1991.0,Turkey,Midfield
77708,Geoffroy Serey Dié,1984.0,Cote d'Ivoire,Midfield
77720,Iván Pillud,1986.0,Argentina,Defender
77737,Alfred N'Diaye,1990.0,Senegal,Midfield
77740,Alassane Touré,1989.0,France,Defender
77745,Lalaïna Nomenjanahary,1986.0,Madagascar,Midfield
77760,Victor Wanyama,1991.0,Kenya,Midfield
77809,Julian Korb,1992.0,Germany,Defender
77812,Christoph Zimmermann,1993.0,Germany,Defender
77825,Etrit Berisha,1989.0,Albania,Goalkeeper
77826,Ryad Boudebouz,1990.0,Algeria,Midfield
77828,Mathieu Dossevi,1988.0,Togo,Attack
77834,Marvin Martin,1988.0,France,Midfield
77835,Delvin N'Dinga,1988.0,Congo,Midfield
77910,Alessandro Bruno,1983.0,Italy,Midfield
77920,Immanuel Höhn,1991.0,Germany,Defender
77932,Jefferson Montero,1989.0,Ecuador,Attack
77947,Soufian Benyamina,1990.0,Germany,Attack
77974,Floyd Ayité,1988.0,Togo,Attack
78082,Cheick Diabaté,1988.0,Mali,Attack
78339,Rafał Gikiewicz,1987.0,Poland,Goalkeeper
78553,Bamba Anderson,1988.0,Brazil,Defender
78590,Kamil Wilczek,1988.0,Poland,Attack
78917,Julien Faussurier,1987.0,France,Defender
78950,Sonny Kittel,1993.0,Germany,Attack
78959,Martin Kelly,1990.0,England,Defender
78966,Daniel Ayala,1990.0,Spain,Defender
79027,Davy Pröpper,1991.0,Netherlands,Midfield
79110,Fodé Koita,1990.0,Guinea,Attack
79242,Gabriel,1992.0,Brazil,Goalkeeper
79352,Quique González,1990.0,Spain,Attack
79355,Hajime Hosogai,1986.0,Japan,Midfield
79377,Genki Haraguchi,1991.0,Japan,Midfield
79422,Keylor Navas,1986.0,Costa Rica,Goalkeeper
79470,Mike Havenaar,1987.0,Japan,Attack
79501,Daniel Ginczek,1991.0,Germany,Attack
79503,Lasse Sobiech,1991.0,Germany,Defender
79510,Thiago Cionek,1986.0,Poland,Defender
79522,Yuto Nagatomo,1986.0,Japan,Defender
79642,Shinji Okazaki,,Japan,Attack
79643,Genki Omae,1989.0,Japan,Attack
79723,Sean Morrison,1991.0,England,Defender
79893,Yannis Salibur,1991.0,France,Attack
79960,Alex Sandro,1991.0,Brazil,Defender
79967,Simon Zoller,1991.0,Germany,Attack
80009,Odaïr Fortes,1987.0,Cape Verde,Attack
80031,Darío Lezcano,1990.0,Paraguay,Attack
80036,Thomas Fontaine,1991.0,Madagascar,Defender
80060,Willi Evseev,1992.0,Germany,Midfield
80158,Luigi Vitale,1987.0,Italy,Defender
80173,Frédéric Sammaritano,1986.0,France,Midfield
80191,Mehdi Mostefa,1983.0,Algeria,Midfield
80197,Salomón Rondón,1989.0,Venezuela,Attack
80205,Jimmy Durmaz,1989.0,Sweden,Midfield
80293,Aïssa Mandi,1991.0,Algeria,Defender
80351,Josip Ilicic,1988.0,Slovenia,Midfield
80444,Philippe Coutinho,1992.0,Brazil,Midfield
80672,Roman Bezjak,1989.0,Slovenia,Attack
80894,Lukasz Skorupski,1991.0,Poland,Goalkeeper
81056,Dylan Gissi,1991.0,Switzerland,Defender
81190,Loïc Damour,1991.0,France,Midfield
81202,Craig Noone,1987.0,England,Attack
81386,Grégory Sertic,1989.0,France,Midfield
81396,Denis Alibec,1991.0,Romania,Attack
81433,Raul Rusescu,1988.0,Romania,Attack
81455,Juan Iturbe,1993.0,Paraguay,Attack
81460,Nolan Roux,1988.0,France,Attack
81512,Christian Kabasele,1991.0,Belgium,Defender
81532,Celso Borges,1988.0,Costa Rica,Midfield
81543,Paul Delecroix,1988.0,France,Goalkeeper
81663,Zargo Touré,1989.0,Senegal,Defender
81698,Georg Teigl,1991.0,Austria,Defender
81743,Fausto Rossi,1990.0,Italy,Midfield
81785,Shinji Kagawa,1989.0,Japan,Midfield
81789,Maya Yoshida,1988.0,Japan,Defender
81796,Sung-yueng Ki,1989.0,"Korea, South",Midfield
81801,Chung-yong Lee,1988.0,"Korea, South",Attack
81808,Wilfried Bony,1988.0,Cote d'Ivoire,Attack
81988,Sergi Enrich,1990.0,Spain,Attack
81998,Jaime Romero,1990.0,Spain,Attack
81999,Joselu,1990.0,Spain,Attack
82009,Kevin Volland,1992.0,Germany,Midfield
82018,Hendrick Zuck,1990.0,Germany,Defender
82048,Nicola Sansone,1991.0,Italy,Attack
82070,Diego Demme,1991.0,Germany,Midfield
82097,Christoph Kramer,1991.0,Germany,Midfield
82105,Joel Matip,1991.0,Cameroon,Defender
82110,Thanos Petsos,1991.0,Greece,Midfield
82113,Alexander Ring,1991.0,Finland,Midfield
82130,Gökhan Töre,1992.0,Türkiye,Attack
82243,Moritz Leitner,1992.0,Germany,Midfield
82281,Ivo Pinto,1990.0,Portugal,Defender
82324,Stoppila Sunzu,1989.0,Zambia,Defender
82350,Stefan Bell,1991.0,Germany,Defender
82361,Christian Mathenia,1992.0,Germany,Goalkeeper
82367,Petar Sliskovic,1991.0,Croatia,Attack
82389,Fallou Diagne,1989.0,Senegal,Defender
82442,Olivier Giroud,1986.0,France,Attack
82461,Yoric Ravet,1989.0,France,Attack
82503,Aridane Hernández,1989.0,Spain,Defender
82693,Angelo da Costa,1983.0,Brazil,Goalkeeper
82743,Alberto Pomini,1981.0,Italy,Goalkeeper
82751,Gaetano Masucci,1984.0,Italy,Attack
82863,Lukas Rupp,1991.0,Germany,Midfield
82873,Pascal Groß,1991.0,Germany,Midfield
82878,Robin Szarka,1991.0,Germany,Midfield
83002,Hiroki Sakai,1990.0,Japan,Defender
83132,Vincent Manceau,1989.0,France,Defender
83188,Marc Lais,,Germany,Midfield
83256,Özkan Yildirim,1993.0,Germany,Midfield
83368,Abdoul Wahid Sissoko,1990.0,Mali,Midfield
83409,Michele Cremonesi,1988.0,Italy,Defender
83430,Albert Adomah,1987.0,Ghana,Attack
83458,Mirco Antenucci,1984.0,Italy,Attack
83700,Panagiotis Vlachodimos,1991.0,Greece,Attack
83877,Diego Farias,1990.0,Brazil,Attack
83891,Felipe Seymour,1987.0,Chile,Midfield
83895,Marcelo Díaz,1986.0,Chile,Midfield
83910,Kalilou Traoré,1987.0,Mali,Midfield
83983,Lucas Mendes,1990.0,Qatar,Defender
84085,Timothée Kolodziejczak,1991.0,France,Defender
84133,Humberto Osorio,1988.0,Colombia,Attack
84150,Rafael Czichos,1990.0,Germany,Defender
84301,Benjamin André,1990.0,France,Midfield
84344,Davide Santon,1991.0,Italy,Defender
84435,Kevin Vogt,1991.0,Germany,Defender
84442,Leonardo Capezzi,1995.0,Italy,Midfield
84467,Rafael,1982.0,Brazil,Goalkeeper
84481,Éder,1987.0,Portugal,Attack
84511,Sílvio,1987.0,Portugal,Defender
84545,Marco Parolo,1985.0,Italy,Midfield
84622,Sinisa Andjelkovic,1986.0,Slovenia,Defender
84751,Luca Martinelli,1988.0,Italy,Defender
84765,Francesco Caputo,1987.0,Italy,Attack
84835,Emanuele Giaccherini,1985.0,Italy,Midfield
84845,Francesco Renzetti,1988.0,Italy,Defender
84846,Gianluca Sansone,1987.0,Italy,Attack
84870,Francisco Silva,1986.0,Chile,Midfield
84878,Ladislas Douniama,1986.0,Congo,Attack
84903,Mirko Valdifiori,1986.0,Italy,Midfield
84921,Lorenzo Ariaudo,1989.0,Italy,Defender
84938,Timo Horn,1993.0,Germany,Goalkeeper
84993,Daniel Heuer Fernandes,1992.0,Portugal,Goalkeeper
85066,Archimede Morleo,1983.0,Italy,Defender
85093,Eran Zahavi,1987.0,Israel,Attack
85148,Julian Draxler,1993.0,Germany,Attack
85164,Andre Hoffmann,1993.0,Germany,Defender
85177,Nathaniel Clyne,1991.0,England,Defender
85201,Patrick Rakovsky,1993.0,Germany,Goalkeeper
85208,Matteo Scozzarella,1988.0,Italy,Midfield
85240,Eugenio Lamanna,1989.0,Italy,Goalkeeper
85258,Mikel Balenziaga,1988.0,Spain,Defender
85288,Isco,1992.0,Spain,Midfield
85289,Jordi Amat,1992.0,Indonesia,Defender
85295,Iván Balliu,1992.0,Albania,Defender
85314,Oscar,1991.0,Brazil,Midfield
85324,Borja Bastón,1992.0,Spain,Attack
85352,Yunus Mallı,1992.0,Türkiye,Midfield
85357,Juan Muñiz,1992.0,Spain,Midfield
85365,Edu Ramos,1992.0,Spain,Midfield
85370,Sergi Roberto,1992.0,Spain,Midfield
85372,Enric Saborit,1992.0,Spain,Defender
85380,Andrea Seculin,1990.0,Italy,Goalkeeper
85383,Rubén Sobrino,1992.0,Spain,Attack
85393,Nicolas Viola,1989.0,Italy,Midfield
85475,Federico Fernández,1989.0,Argentina,Defender
85484,Alessandro Lambrughi,1987.0,Italy,Defender
85500,Juan Villar,1988.0,Spain,Attack
85528,Marco Silvestri,1991.0,Italy,Goalkeeper
85585,John Boye,1987.0,Ghana,Defender
85603,Matteo Ardemagni,1987.0,Italy,Attack
85605,Fabrizio Cacciatore,1986.0,Italy,Defender
85611,Mathis Bolly,1990.0,Cote d'Ivoire,Attack
85706,Enda Stevens,1990.0,Ireland,Defender
85789,Martin Hinteregger,1992.0,Austria,Defender
85791,Stefan Lainer,1992.0,Austria,Defender
85822,Florian Hübner,1991.0,Germany,Defender
85825,Jasmin Kurtic,1989.0,Slovenia,Midfield
85863,Gueïda Fofana,1991.0,France,Midfield
85864,Loris Karius,1993.0,Germany,Goalkeeper
85867,Nico Schulz,1993.0,Germany,Defender
85906,Danny da Costa,1993.0,Germany,Defender
85935,James McClean,1989.0,Ireland,Midfield
86074,Nunzio Di Roberto,1985.0,Italy,Attack
86079,Luca Siligardi,1988.0,Italy,Attack
86172,Mu Kanazaki,1989.0,Japan,Attack
86175,Hiroshi Kiyotake,1989.0,Japan,Midfield
86202,Antonio Rüdiger,1993.0,Germany,Defender
86784,Ricardo Rodríguez,1992.0,Switzerland,Defender
86792,Xherdan Shaqiri,1991.0,Switzerland,Midfield
86793,Gabriele Angella,1989.0,Italy,Defender
86848,Matthias Zimmermann,1992.0,Germany,Defender
86895,Aleksandar Stevanovic,1992.0,Germany,Midfield
86915,Mana Dembélé,1988.0,Mali,Attack
86916,Toni Leistner,1990.0,,Defender
86926,Alexander Merkel,1992.0,,Midfield
86930,Fabrice N'Sakala,1990.0,DR Congo,Defender
87162,Simon Makienok,1990.0,Denmark,Attack
87210,Davide Astori,1987.0,Italy,Defender
87282,Aleksandar Tonev,1990.0,Bulgaria,Attack
87409,Guillermo Sara,1987.0,Argentina,Goalkeeper
87422,Valentin Roberge,1987.0,Cyprus,Defender
87463,Marcelo Larrondo,1988.0,Argentina,Attack
87469,Cote,1989.0,Spain,Defender
87479,Alexander Söderlund,1987.0,Norway,Attack
87493,Diego Novaretti,1985.0,Argentina,Defender
87645,Bálint Bajner,1990.0,Hungary,Attack
87672,Junior Stanislas,1989.0,England,Attack
87856,Roderick Miranda,1991.0,Portugal,Defender
87884,Mário Rui,1991.0,Portugal,Defender
87893,Vasyl Pryima,1991.0,Ukraine,Defender
88067,Alejandro Faurlín,1986.0,Argentina,Midfield
88082,Silvio Romero,1988.0,Argentina,Attack
88103,James Rodríguez,1991.0,Colombia,Midfield
88262,Dedryck Boyata,1990.0,Belgium,Defender
88327,Bilal Ouali,1993.0,Algeria,Attack
88490,Aleix Vidal,1989.0,Spain,Attack
88528,Dani Hernández,1985.0,Venezuela,Goalkeeper
88542,Rubén Botta,1990.0,Argentina,Midfield
88590,Shkodran Mustafi,1992.0,Germany,Defender
88595,Mauro Vigorito,1990.0,Italy,Goalkeeper
88680,Luca Caldirola,1991.0,Italy,Defender
88682,Mattia De Sciglio,1992.0,Italy,Defender
88683,Mattia Destro,1991.0,Italy,Attack
88684,Giulio Donati,1990.0,Italy,Defender
88685,Antonio Donnarumma,1990.0,Italy,Goalkeeper
88706,Simone Romagnoli,1990.0,Italy,Defender
88712,Rodney Strasser,1990.0,Sierra Leone,Midfield
88713,Luca Tremolada,1991.0,Italy,Midfield
88721,Jeffrey Bruma,1991.0,Netherlands,Defender
88750,Nile Ranger,1991.0,England,Attack
88755,Kevin De Bruyne,1991.0,Belgium,Midfield
88909,Riccardo Saponara,1991.0,Italy,Midfield
88971,Jonathan Kodjia,1989.0,Cote d'Ivoire,Attack
89027,Fabián Rinaudo,1987.0,Argentina,Midfield
89215,Grenddy Perozo,1986.0,Venezuela,Defender
89231,Jóhann Berg Gudmundsson,1990.0,Iceland,Attack
89313,Eneko Bóveda,1988.0,Spain,Defender
89318,Borja Ekiza,1988.0,Spain,Defender
89325,Liassine Cadamuro,1988.0,Algeria,Defender
89330,Javi Ros,1990.0,Spain,Midfield
89450,Alexandre Coeff,1992.0,France,Defender
89473,Nacho Cases,1987.0,Spain,Midfield
89542,Janek Sternberg,1992.0,Germany,Defender
89591,Felix Klaus,1992.0,Germany,Attack
89592,Marvin Plattenhardt,1992.0,,Defender
89618,Xabi Irureta,1986.0,Spain,Goalkeeper
89637,William Rémy,1991.0,France,Defender
89643,Kévin Gomis,1989.0,France,Defender
89650,Johannes Geis,1993.0,Germany,Midfield
89659,Shawn Parker,1993.0,Germany,Attack
89701,Charles Aránguiz,1989.0,Chile,Midfield
89708,Junior Fernandes,1988.0,Chile,Attack
89718,Eduardo Vargas,1989.0,Chile,Attack
89726,Jon Aurtenetxe,1992.0,Spain,Defender
89733,Álex Fernández,1992.0,Spain,Midfield
89783,Carlos Labrín,1990.0,Chile,Defender
90024,Alfred Finnbogason,1989.0,Iceland,Attack
90118,Soufiane Bidaoui,1990.0,Morocco,Attack
90273,Román Golobart,1992.0,Spain,Defender
90294,Tripy Makonda,1990.0,France,Defender
90368,Yassine El Ghanassy,1990.0,Belgium,Attack
90466,Gylfi Sigurdsson,1989.0,Iceland,Midfield
90489,Santiago García,1988.0,Argentina,Defender
90583,Laurent Depoitre,1988.0,Belgium,Attack
90660,Héldon,1988.0,Cape Verde,Attack
90681,Eliaquim Mangala,1991.0,France,Defender
90836,Steve Cook,1991.0,England,Defender
90964,Joe Bennett,1990.0,England,Defender
91059,Joshua King,1992.0,Norway,Attack
91251,Cuco Martina,1989.0,Curacao,Defender
91317,Ashley Westwood,1990.0,England,Midfield
91415,Robert Beric,1991.0,Slovenia,Attack
91423,Vaclav Kadlec,1992.0,Czech Republic,Attack
91469,Kian Hansen,1989.0,Denmark,Defender
91716,Frederik Sörensen,1992.0,Denmark,Defender
91763,Pablo Hernández,1986.0,Chile,Midfield
91841,Ja-cheol Koo,1989.0,"Korea, South",Midfield
91845,Heung-min Son,1992.0,"Korea, South",Attack
91849,Thomas Delaney,1991.0,Denmark,Midfield
91885,Jesús Fernández,1988.0,Spain,Goalkeeper
91914,Davide Bertoncini,1991.0,Italy,Defender
91915,Luc Castaignos,1992.0,Netherlands,Attack
91931,Denys Boyko,1988.0,Ukraine,Goalkeeper
91956,Magaye Gueye,1990.0,Senegal,Attack
91970,Juan Cuadrado,1988.0,Colombia,Midfield
92109,Ryan Shotton,1988.0,England,Defender
92111,Orhan Ademi,1991.0,Switzerland,Attack
92141,Víctor Ibarbo,1990.0,Colombia,Attack
92180,Robert Mak,1991.0,Slovakia,Attack
92381,Sammy Ameobi,1992.0,England,Attack
92385,Yoann Andreu,1989.0,France,Defender
92469,Matt Ritchie,1989.0,Scotland,Midfield
92472,Akaki Gogia,1992.0,Germany,Attack
92569,Ousmane Coulibaly,1989.0,Mali,Defender
92571,Aaron Cresswell,1989.0,England,Defender
92572,Joel Ward,1989.0,England,Defender
92693,Darío Benedetto,1990.0,Argentina,Attack
92701,Vladimir Weiss,1989.0,Slovakia,Attack
92813,Víctor Pérez,1988.0,Spain,Midfield
92899,Marvin Zeegelaar,1990.0,,Defender
92947,Sergi Gómez,1992.0,Spain,Defender
93056,Emmanuel Frimpong,1992.0,Ghana,Midfield
93128,Kalidou Koulibaly,1991.0,Senegal,Defender
93142,Dani Torres,1989.0,Colombia,Midfield
93145,Adama Diomande,1990.0,Norway,Attack
93176,Marcos Rojo,1990.0,Argentina,Defender
93184,Nabil Bahoui,1991.0,Sweden,Attack
93309,Sambou Yatabaré,1989.0,Mali,Midfield
93330,Deivid,1989.0,Spain,Defender
93535,Michael Heinloth,1992.0,Germany,Defender
93552,Benedikt Saller,1992.0,Germany,Defender
93571,Florian Hartherz,1993.0,Germany,Midfield
93604,Lukas Kübler,1992.0,Germany,Defender
93626,Stuart O'Keefe,1991.0,England,Midfield
93658,Tim Albutat,1992.0,Germany,Midfield
93664,Abdelaziz Barrada,1989.0,Morocco,Midfield
93678,Gaëtan Charbonnier,1988.0,France,Attack
93690,Brice Dja Djedje,1990.0,Cote d'Ivoire,Midfield
93701,Christopher Glombard,1989.0,Martinique,Defender
93704,Josuha Guilavogui,1990.0,France,Midfield
93707,Christian Günter,1993.0,Germany,Defender
93720,Alexandre Lacazette,1991.0,France,Attack
93726,Paul Lasne,1989.0,France,Midfield
93730,Alexandre Letellier,1990.0,France,Goalkeeper
93732,Chris Mavinga,1991.0,DR Congo,Defender
93740,Willi Orbán,1992.0,Hungary,Defender
93744,Pape Paye,1990.0,France,Defender
93751,Kévin Rimane,1991.0,French Guiana,Defender
93758,Lamine Sané,1987.0,Senegal,Defender
93759,Matthieu Saunier,1990.0,France,Defender
93763,Alexander Schwolow,1992.0,Germany,Goalkeeper
93764,Malick Seck,1990.0,Senegal,Attack
93768,Richard Strebinger,1993.0,Austria,Goalkeeper
93795,Facundo Ferreyra,1991.0,Argentina,Attack
93805,Pelle Jensen,1992.0,Germany,Defender
93827,Steven Skrzybski,1992.0,Germany,Attack
93831,Tom Trybull,1993.0,Germany,Midfield
93841,Ben Zolinski,1992.0,Germany,Attack
93844,Leonardo Bittencourt,1993.0,Germany,Midfield
93853,Martin Kobylanski,1994.0,Germany,Midfield
93905,Muhamed Besic,1992.0,Bosnia-Herzegovina,Midfield
93922,Erik Durm,1992.0,Germany,Defender
93926,Johannes Wurtz,1992.0,Germany,Midfield
93935,Sergio Escudero,1989.0,Spain,Defender
93936,Kike García,1989.0,Spain,Attack
94005,Sead Kolasinac,1993.0,Bosnia-Herzegovina,Defender
94137,Kevin Möhwald,1993.0,Germany,Midfield
94167,Jerome Kiesewetter,1993.0,United States,Attack
94174,Christopher Avevor,1992.0,Germany,Defender
94199,Tolga Cigerci,1992.0,Türkiye,Midfield
94201,Robin Knoche,1992.0,Germany,Defender
94304,Goran Causic,1992.0,Serbia,Midfield
94305,Uros Cosic,1992.0,Serbia,Defender
94307,Filip Djuricic,1992.0,Serbia,Midfield
94308,Marko Dmitrovic,1992.0,Serbia,Goalkeeper
94414,Héctor Yuste,1988.0,Spain,Defender
94529,Stephan El Shaarawy,1992.0,Italy,Attack
94570,Manu Onwu,1988.0,Spain,Attack
94598,Stefan Wannenwetsch,,Germany,Midfield
94655,Jordan Bowery,1991.0,England,Attack
94674,Ilir Azemi,1992.0,Kosovo,Attack
94768,Rico Strieder,1992.0,Germany,Midfield
94783,Santiago Vergini,1988.0,Argentina,Defender
94807,Ognjen Vranjes,1989.0,Bosnia-Herzegovina,Defender
94936,Vincent Laurini,1989.0,France,Defender
94939,Uffe Bech,1993.0,Denmark,Attack
95182,Dragoș Grigore,1986.0,Romania,Defender
95280,Christian Cueva,1991.0,Peru,Midfield
95336,Hervé Lybohy,1983.0,Niger,Defender
95424,Kyle Walker,1990.0,England,Defender
95435,Connor Wickham,1993.0,England,Attack
95438,Marko Livaja,1993.0,Croatia,Attack
95480,Luso,1984.0,Spain,Midfield
95483,Abraham Minero,1986.0,Spain,Defender
95488,Edu Oriol,1986.0,Spain,Defender
95604,Gianni Bruno,1991.0,Belgium,Attack
95641,Darko Brasanac,1992.0,Serbia,Midfield
95680,Hervé Bazile,1990.0,Haiti,Attack
95732,Martin Braithwaite,1991.0,Denmark,Attack
95736,Leandro Chichizola,1990.0,Argentina,Goalkeeper
95755,Viktor Fischer,1994.0,Denmark,Attack
95810,Kieran Trippier,1990.0,England,Defender
95963,Germán Sánchez,1986.0,Spain,Defender
95976,Alex McCarthy,1989.0,England,Goalkeeper
96167,Amin Younes,1993.0,,Attack
96254,Pietro Terracciano,1990.0,Italy,Goalkeeper
96327,John Culma,1981.0,Colombia,Midfield
96341,Romelu Lukaku,1993.0,Belgium,Attack
96374,Tim Schraml,1993.0,Germany,Midfield
96454,Maxime Lestienne,1992.0,Belgium,Attack
96533,Youssef El Arabi,1987.0,Morocco,Attack
96540,Alfredo Ortuño,1991.0,Spain,Attack
96630,Ante Coric,1997.0,Croatia,Midfield
96718,Óscar de Marcos,1989.0,Spain,Defender
96754,Fabio Borini,1991.0,Italy,Attack
96758,Alessandro Crescenzi,1991.0,Italy,Defender
96806,Jacopo Sala,1991.0,Italy,Midfield
96828,Simone Zaza,1991.0,Italy,Attack
96853,Adrian Stoian,1991.0,Romania,Attack
98101,Marko Vesovic,1991.0,Montenegro,Defender
98240,Ciaran Clark,1989.0,Ireland,Defender
98249,Takashi Inui,1988.0,Japan,Attack
98262,Quentin Bernard,1989.0,France,Defender
98274,Jonathan Rivierez,1989.0,Martinique,Defender
98315,Walid Mesloub,1985.0,Algeria,Midfield
98322,Denis Cheryshev,1990.0,Russia,Attack
98334,Romain Alessandrini,1989.0,France,Attack
98349,Romain Hamouma,1987.0,France,Attack
98351,Kévin Bérigaud,1988.0,France,Attack
98356,Johann Durand,1981.0,France,Goalkeeper
98512,Serdar Gürler,1991.0,Türkiye,Attack
98596,John Guidetti,1992.0,Sweden,Attack
98888,Artur Ioniță,1990.0,Moldova,Midfield
99180,Federico Santander,1991.0,Paraguay,Attack
99189,Pelé,1991.0,Guinea-Bissau,Midfield
99227,Andrea Bertolacci,1991.0,Italy,Midfield
99232,Marco D'Alessandro,1991.0,Italy,Attack
99235,Niccolò Giannetti,1991.0,Italy,Attack
99254,Luigi Sepe,1991.0,Italy,Goalkeeper
99327,Isaac Cofie,1991.0,Ghana,Midfield
99331,Jannik Vestergaard,1992.0,Denmark,Defender
99343,Ander Herrera,1989.0,Spain,Midfield
99345,Ante Vukusic,1991.0,Croatia,Attack
99349,Julián Luque,1992.0,Spain,Midfield
99352,Rubén Pardo,1992.0,Spain,Midfield
99353,Portu,1992.0,Spain,Attack
99355,Víctor Álvarez,1993.0,Spain,Defender
99397,Karl Darlow,1990.0,Wales,Goalkeeper
99499,Rafael Martins,1989.0,Brazil,Attack
99523,Nícolas,1988.0,Brazil,Goalkeeper
99559,Alberto Perea,1990.0,Spain,Attack
99632,Cicinho,1986.0,Brazil,Defender
99922,Marc Bartra,1991.0,Spain,Defender
99924,Tano Bonnín,1990.0,Dominican Republic,Defender
99946,Mohamed Camara,1990.0,Guinea,Attack
100131,William Carvalho,1992.0,Portugal,Midfield
100497,Alejandro González,1988.0,Uruguay,Defender
100507,Juan Carlos Paredes,1987.0,Ecuador,Defender
100722,Lago Júnior,1990.0,Cote d'Ivoire,Attack
100986,Thomas Meunier,1991.0,Belgium,Defender
101118,Joel Robles,1990.0,Spain,Goalkeeper
101213,Pedro Obiang,1992.0,Equatorial Guinea,Midfield
101469,Gil,1987.0,Brazil,Defender
101500,Matej Vydra,1992.0,Czech Republic,Attack
101682,Scott Malone,1991.0,England,Defender
101742,Ángel Trujillo,1987.0,Spain,Defender
101913,Ramos Borges Emerson,1980.0,Brazil,Defender
101922,Fabio Pisacane,1986.0,Italy,Defender
102017,Jorginho,1991.0,Italy,Midfield
102132,Nicklas Helenius,1991.0,Denmark,Attack
102192,Luis Pedro Cavanda,1991.0,Belgium,Defender
102226,Thorgan Hazard,1993.0,Belgium,Midfield
102249,Maxwell Acosty,1991.0,Ghana,Attack
102258,Matthew Lowton,1989.0,England,Defender
102382,Michael Hefele,1990.0,Germany,Defender
102423,Leandro Cabrera,1991.0,Uruguay,Defender
102427,Sebastián Coates,1990.0,Uruguay,Defender
102470,Antonino Ragusa,1990.0,Italy,Attack
102558,Marco Verratti,1992.0,Italy,Midfield
102744,Sébastien Corchia,1990.0,France,Defender
102745,Luca Ceppitelli,1989.0,Italy,Defender
102750,Pietro De Giorgio,1983.0,Italy,Attack
102779,Yoann Wachter,1992.0,Gabon,Defender
102990,Fabrizio Grillo,1987.0,Italy,Defender
103004,Romulo Togni,1982.0,Brazil,Midfield
103054,Louis Poggi,1984.0,France,Midfield
103060,Gaëtan Belaud,1986.0,France,Defender
103064,Terrence Boyd,1991.0,United States,Attack
103310,Gotoku Sakai,1991.0,Japan,Defender
103427,Chris Smalling,1989.0,England,Defender
103547,Artjoms Rudnevs,1988.0,Latvia,Attack
103563,Tongo Doumbia,1989.0,Mali,Midfield
103565,Wahbi Khazri,1991.0,Tunisia,Attack
103667,Nicolai Lorenzoni,1992.0,Germany,Defender
103674,Campanharo,1992.0,Brazil,Midfield
103890,Luis Advíncula,1990.0,Peru,Defender
103916,Rafael Cabral,1990.0,Brazil,Goalkeeper
104124,Michail Antonio,1990.0,Jamaica,Attack
104223,Jordy Clasie,1991.0,Netherlands,Midfield
104290,Alessandro Iacobucci,1991.0,Italy,Goalkeeper
104414,Raphael Holzhauser,1993.0,Austria,Midfield
104466,Stefan Ristovski,1992.0,North Macedonia,Defender
104586,Lee Tomlin,1989.0,England,Attack
104597,Bram Nuytinck,1990.0,Netherlands,Defender
104725,Steve Morison,1983.0,Wales,Attack
104752,Konstantinos Manolas,1991.0,Greece,Defender
104941,Gedo,1984.0,Egypt,Attack
105388,Johan Martial,1991.0,France,Defender
105400,Romain Grange,1988.0,France,Midfield
105456,Fernando,1992.0,Brazil,Midfield
105470,Alisson,1992.0,Brazil,Goalkeeper
105521,Ciro Immobile,1990.0,Italy,Attack
105625,Fabio Sciacca,1989.0,Italy,Midfield
105892,Lucas Castro,1989.0,Argentina,Midfield
105899,Guido Pizarro,1990.0,Argentina,Midfield
106181,Jacques Zoua,1991.0,Cameroon,Attack
106225,Jérémy Cordoval,1990.0,Guadeloupe,Defender
106270,Florian Kainz,1992.0,Austria,Midfield
106306,Samuel Inkoom,1989.0,Ghana,Defender
106405,Jeffrey Gouweleeuw,1991.0,Netherlands,Defender
106825,Enzo Zidane,1995.0,France,Midfield
106837,Abdoulaye Ba,1991.0,Senegal,Defender
106872,Kevin Stöger,1993.0,Austria,Midfield
106987,Marcel Sabitzer,1994.0,Austria,Midfield
107010,Stefan Savic,1991.0,Montenegro,Defender
107184,Okan Aydin,1994.0,Turkey,Midfield
107350,Fraser Fyvie,1993.0,Scotland,Midfield
107427,Ikechi Anya,1988.0,Scotland,Midfield
107525,Facundo Bertoglio,1990.0,Argentina,Midfield
107574,Jonas Meffert,1994.0,Germany,Midfield
107617,Dionatan Teixeira,1992.0,Slovakia,Defender
107662,Ruben Gabrielsen,1992.0,Norway,Defender
107775,Frederik Rönnow,1992.0,Denmark,Goalkeeper
107958,Nicola Bellomo,1991.0,Italy,Midfield
108119,Aljaz Struna,1990.0,Slovenia,Defender
108354,Jordan Ayew,1991.0,Ghana,Attack
108390,Thibaut Courtois,1992.0,Belgium,Goalkeeper
108484,Emmanuel Badu,1990.0,Ghana,Midfield
108537,Jonas Hector,1990.0,Germany,Defender
108636,Nosa Igiebor,1990.0,Nigeria,Midfield
108650,Yuya Osako,1990.0,Japan,Attack
108725,Chris Wood,1991.0,New Zealand,Attack
108830,Aymen Abdennour,1989.0,Tunisia,Defender
108878,Adam Matthews,1992.0,Wales,Defender
108880,Koen Casteels,1992.0,Belgium,Goalkeeper
109008,Flávio Ferreira,1991.0,Portugal,Defender
109038,Dodô,1992.0,Brazil,Defender
109039,Loïc Poujol,1989.0,France,Midfield
109110,Nicolò Brighenti,1989.0,Italy,Defender
109256,Haris Seferovic,1992.0,,Attack
109436,Oliver Hüsing,1993.0,Germany,Defender
109598,Thomas Heurtaux,1988.0,France,Defender
109720,Joffrey Cuffaut,1988.0,France,Defender
109751,Onel Hernández,1993.0,Cuba,Attack
109792,Gianluca Korte,1990.0,Germany,Midfield
110036,Dominique Heintz,1993.0,Germany,Defender
110078,Eduardo,1989.0,Brazil,Midfield
110116,Jean-Christophe Bouet,1983.0,France,Goalkeeper
110268,Maka Mary,1989.0,France,Defender
110309,Lucas Orbán,1989.0,Argentina,Defender
110338,Luca Mora,1988.0,Italy,Midfield
110366,Sergio Araujo,1992.0,Argentina,Attack
110475,Dario Del Fabro,1995.0,Italy,Defender
110577,Damiano Zanon,1983.0,Italy,Defender
110622,Jonathan Mensah,1990.0,Ghana,Defender
110858,Benik Afobe,1993.0,DR Congo,Attack
110860,Luke Garbutt,1993.0,England,Defender
110861,Gary Gardner,1992.0,England,Midfield
110867,Jed Steer,1992.0,England,Goalkeeper
110868,Ryan Tunnicliffe,1992.0,England,Midfield
110923,Mattia Perin,1992.0,Italy,Goalkeeper
110925,Francesco Bardi,1992.0,Italy,Goalkeeper
110928,Lorenzo Crisetig,1993.0,Italy,Midfield
110931,Marco Fossati,1992.0,Italy,Midfield
111005,Frédéric Bulot,1990.0,Gabon,Attack
111026,Mathieu Peybernes,1990.0,France,Defender
111036,Mehdi Abeid,1992.0,Algeria,Midfield
111038,Dennis Appiah,1992.0,France,Defender
111039,Ishak Belfodil,1992.0,Algeria,Attack
111041,Zacharie Boucher,1992.0,France,Goalkeeper
111043,Pierrick Cros,1991.0,France,Goalkeeper
111048,Benjamin Jeannot,1992.0,France,Attack
111051,Nampalys Mendy,1992.0,Senegal,Midfield
111053,Yeni Ngbakoto,1992.0,DR Congo,Attack
111057,Idriss Saadi,1992.0,Algeria,Attack
111058,Arnaud Souquet,1992.0,France,Defender
111061,Alassane També,1992.0,Mali,Defender
111063,Atila Turan,1992.0,Turkey,Defender
111073,Ryan Allsop,1992.0,England,Goalkeeper
111078,Emil Forsberg,1991.0,Sweden,Attack
111082,Javier Aquino,1990.0,Mexico,Defender
111114,Kevin Long,1990.0,Ireland,Defender
111163,Gaël Angoula,1982.0,France,Defender
111196,Stefan de Vrij,1992.0,Netherlands,Defender
111227,Andrea Conti,1994.0,Italy,Defender
111275,Philipp Max,1993.0,Germany,Defender
111277,Tim Rieder,1993.0,Germany,Midfield
111283,Cédric Cambon,1986.0,France,Defender
111347,Lorenzo Tonelli,1990.0,Italy,Defender
111376,Massimo Bruno,1993.0,Belgium,Midfield
111422,Neeskens Kebano,1992.0,DR Congo,Attack
111433,Frédéric Veseli,1992.0,Albania,Defender
111438,Matteo Fedele,1992.0,Switzerland,Midfield
111455,Granit Xhaka,1992.0,Switzerland,Midfield
111482,Eric Bauthéac,1987.0,France,Attack
111494,John Tshibumbu,1989.0,DR Congo,Attack
111508,Allan Nyom,1988.0,Cameroon,Defender
111511,Matthieu Sans,1988.0,France,Defender
111524,Ahmed Hegazy,1991.0,Egypt,Defender
111527,Mathieu Duhamel,1984.0,France,Attack
111528,Anthony Gonçalves,1986.0,France,Midfield
111621,Dani Ojeda,1994.0,Spain,Attack
111627,Ryan Mendes,1990.0,Cape Verde,Attack
111630,Erik Lamela,1992.0,Argentina,Attack
111783,Alejandro Bedoya,1987.0,United States,Midfield
111819,Neto,1989.0,Brazil,Goalkeeper
111873,Emiliano Martínez,1992.0,Argentina,Goalkeeper
111881,Takashi Usami,1992.0,Japan,Attack
111893,Giancarlo González,1988.0,Costa Rica,Defender
111900,Ju-ho Park,1987.0,"Korea, South",Defender
111961,Suso,1993.0,Spain,Midfield
112022,Maxime Barthelmé,1988.0,France,Midfield
112052,Bruno Martins Indi,1992.0,Netherlands,Defender
112062,Júnior Caiçara,1989.0,,Defender
112302,Roberto Pereyra,1991.0,Argentina,Midfield
112343,Manolo Gabbiadini,1991.0,Italy,Attack
112465,Sérgio Oliveira,1992.0,Portugal,Midfield
112515,Marcos Alonso,1990.0,Spain,Defender
112552,Paul Papp,1989.0,Romania,Defender
112617,Philip Heise,1991.0,Germany,Defender
112663,Eliran Atar,1987.0,Israel,Attack
112666,Alessandro Longhi,1989.0,Italy,Defender
112668,Tomer Hemed,1987.0,Israel,Attack
112822,Karl-Johan Johnsson,1990.0,Sweden,Goalkeeper
112930,Benito Raman,1994.0,Belgium,Attack
112935,Mark Uth,1991.0,Germany,Attack
112962,Roger Carvalho,1986.0,Brazil,Defender
112988,Cédric Soares,1991.0,Portugal,Defender
113039,Niklas Hult,1990.0,Sweden,Defender
113045,Rubén Pérez,1989.0,Spain,Midfield
113133,Germán Pezzella,1991.0,Argentina,Defender
113612,Sergiu Suciu,1990.0,Romania,Midfield
113707,Rémy Cabella,1990.0,France,Midfield
114060,Enric Gallego,1986.0,Spain,Attack
114093,Greg Cunningham,1991.0,Ireland,Defender
114130,Fábio Espinho,1985.0,Portugal,Midfield
114282,Cristian López,1989.0,Spain,Attack
114340,Gabriel Silva,1991.0,Brazil,Defender
114341,Anselmo,1989.0,Brazil,Midfield
115333,Juanpe,1991.0,Spain,Defender
115382,Guilherme,1991.0,Qatar,Midfield
115507,Bruno Zuculini,1993.0,Argentina,Midfield
115763,Koray Günter,1994.0,Germany,Defender
115989,Dejan Stojanovic,1993.0,Austria,Goalkeeper
116088,Marius Bülter,1993.0,Germany,Attack
116272,Benedikt Röcker,,Germany,Defender
116648,Marcus Bettinelli,1992.0,England,Goalkeeper
116655,Alex Smith,1991.0,England,Midfield
116792,Stefan Lex,1989.0,Germany,Attack
116918,Azbe Jug,1992.0,Slovenia,Goalkeeper
117469,Paweł Olkowski,1990.0,Poland,Defender
117476,Levent Aycicek,1994.0,Germany,Attack
117478,Marnon Busch,1994.0,Germany,Defender
117509,Chris Philipps,1994.0,Luxembourg,Midfield
117518,Aykut Özer,1993.0,Turkey,Goalkeeper
117549,Rodri Ríos,1990.0,Spain,Attack
117674,Maximilian Arnold,1994.0,Germany,Midfield
117996,Phil Jones,1992.0,England,Defender
118008,Patrick Ekeng,1990.0,Cameroon,Midfield
118022,Younès Belhanda,1990.0,Morocco,Midfield
118078,Dickson Nwakaeme,1986.0,Nigeria,Attack
118196,Jean Zimmer,1993.0,Germany,Defender
118275,Maxime Blanc,1992.0,France,Midfield
118278,Xavier Chavalerin,1991.0,France,Midfield
118284,Jordan Ferri,1992.0,France,Midfield
118287,Rachid Ghezzal,1992.0,Algeria,Attack
118303,Mehdi Zeffane,1992.0,Algeria,Defender
118397,Alessandro Schöpf,1994.0,Austria,Midfield
118492,Hotaru Yamaguchi,1990.0,Japan,Midfield
118534,Michael Keane,1993.0,England,Defender
118535,Will Keane,1993.0,Ireland,Attack
118689,Leonardo Spinazzola,1993.0,Italy,Defender
118732,Pablo Chavarría,1988.0,Argentina,Attack
118847,Dominik Kohr,1994.0,Germany,Defender
118940,Ishmael Yartey,1990.0,Ghana,Attack
118997,Aitor Fernández,1991.0,Spain,Goalkeeper
119031,Kaan Ayhan,1994.0,Türkiye,Midfield
119044,Marcel Sobottka,1994.0,Germany,Midfield
119085,Loris Benito,1992.0,Switzerland,Defender
119115,Diego Falcinelli,1991.0,Italy,Attack
119120,Robert Leipertz,1993.0,Germany,Attack
119164,Ezequiel Schelotto,1989.0,Italy,Defender
119169,Aron Jóhannsson,1990.0,United States,Attack
119194,Noah Korczowski,1994.0,Germany,Defender
119211,Mitchell Weiser,1994.0,Germany,Defender
119213,Richmond Boakye,1993.0,,Attack
119228,Luis Muriel,1991.0,Colombia,Attack
119234,Karim Onisiwo,1992.0,Austria,Attack
119235,Carlos Bacca,1986.0,Colombia,Attack
119269,Shane Duffy,1992.0,Ireland,Defender
119277,Yannick Gerhardt,1994.0,Germany,Midfield
119296,Emre Can,1994.0,Germany,Defender
119355,Matteo Ciofani,1988.0,Italy,Defender
119366,Leonardo Blanchard,1988.0,Italy,Defender
119369,Federico Dionisi,1987.0,Italy,Attack
119537,Lorenzo Reyes,1991.0,Chile,Midfield
119555,Maurice Hirsch,1993.0,Germany,Midfield
119557,Kenan Karaman,1994.0,Turkey,Attack
119581,Marvin Wanitzek,1993.0,Germany,Midfield
119622,Javi Lara,1985.0,Spain,Midfield
119878,Toni Dovale,1990.0,Spain,Attack
119905,Hugo Mallo,1991.0,Spain,Defender
120091,Kassim Abdallah,1987.0,Comoros,Defender
120095,José Campaña,1993.0,Spain,Midfield
120175,Pavol Bajza,1991.0,Slovakia,Goalkeeper
120205,Michael Gregoritsch,1994.0,Austria,Attack
120206,Lukas Jäger,1994.0,Austria,Defender
120211,Maksym Koval,1992.0,Ukraine,Goalkeeper
120241,Jazz Richards,1991.0,Wales,Defender
120443,Santiago Arias,1992.0,Colombia,Defender
120458,Davide Bariti,1991.0,Italy,Attack
120565,Andre Gray,1991.0,Jamaica,Attack
120610,Diafra Sakho,1989.0,Senegal,Attack
120629,Alphonse Areola,1993.0,France,Goalkeeper
120630,Emmanuel Emenike,1987.0,Nigeria,Attack
120651,Vincent Le Goff,1989.0,France,Defender
120705,Juan Carlos,1988.0,Spain,Goalkeeper
120760,Jonathan Tinhan,1989.0,Benin,Attack
120785,Knowledge Musona,1990.0,Zimbabwe,Midfield
120834,Markus Mendler,1993.0,Germany,Attack
121236,Rob Hall,1993.0,England,Attack
121257,Adam Forshaw,1991.0,England,Midfield
121279,Tom Carroll,1992.0,England,Midfield
121280,Steven Caulker,1991.0,Sierra Leone,Defender
121324,John Egan,1992.0,Ireland,Defender
121385,Grant Hanley,1991.0,Scotland,Defender
121398,Tommy Smith,1992.0,England,Defender
121402,Ahmad Benali,1992.0,Libya,Midfield
121404,Omar Elabdellaoui,1991.0,Norway,Defender
121411,Joan Román,1993.0,Spain,Midfield
121477,Craig Dawson,1990.0,England,Defender
121483,Jan Oblak,1993.0,Slovenia,Goalkeeper
121528,Berkay Dabanli,1990.0,Germany,Defender
121686,Cristian Gamboa,1989.0,Costa Rica,Defender
121756,Rômulo,1987.0,Italy,Midfield
121985,Juan Jesus,1991.0,Brazil,Defender
121990,Wellington Silva,1993.0,Brazil,Attack
122011,Markus Henriksen,1992.0,Norway,Defender
122043,Héctor Herrera,1990.0,Mexico,Midfield
122116,Nicolas de Préville,1991.0,France,Attack
122153,Paul Pogba,1993.0,France,Midfield
122155,Willian José,1991.0,Brazil,Attack
122223,Sam Clucas,1990.0,England,Midfield
122374,Iheb Mbarki,1992.0,Tunisia,Defender
122538,Anthony Mfa Mezui,1991.0,Gabon,Goalkeeper
122582,Juan Fernando Quintero,1993.0,Colombia,Midfield
122675,Kevin Wimmer,1992.0,Austria,Defender
122676,Robert Zulj,1992.0,Austria,Midfield
122695,Martin Angha,1994.0,Switzerland,Defender
122797,Andy Delort,1991.0,Algeria,Attack
122835,Dorian Lévêque,1989.0,France,Defender
123021,François Moubandje,1990.0,Switzerland,Defender
123189,Mounir Bouziane,1991.0,France,Attack
123261,Vlad Chiricheș,1989.0,Romania,Midfield
123275,Tom Cairney,1991.0,Scotland,Midfield
123300,Samuel Atrous,1990.0,France,Goalkeeper
123305,Djakaridja Koné,1986.0,Burkina Faso,Midfield
123397,Collin Quaner,1991.0,Germany,Attack
123536,Simon Moore,1990.0,England,Goalkeeper
123682,Callum Wilson,1992.0,England,Attack
123742,Gastón Ramírez,1990.0,Uruguay,Midfield
123951,Aaron Mooy,1990.0,Australia,Midfield
124002,Biagio Meccariello,1991.0,Italy,Defender
124083,Ashton Götz,1993.0,Germany,Attack
124172,Danny Ward,1990.0,England,Attack
124173,Fabrizio Poli,1989.0,Italy,Defender
124244,Leonel Galeano,1991.0,Argentina,Defender
124384,João Silva,1990.0,Portugal,Attack
124410,Rani Khedira,1994.0,Tunisia,Midfield
124419,Odysseas Vlachodimos,1994.0,Greece,Goalkeeper
124422,Robin Yalçın,1994.0,Türkiye,Defender
124441,Sinan Tekerci,1993.0,Germany,Attack
124461,Mattia Maggio,1994.0,Italy,Attack
124495,Apostolos Vellios,1992.0,Greece,Attack
124502,Matthias Ginter,1994.0,Germany,Defender
124517,Sebastian Kerk,1994.0,Germany,Midfield
124550,Ola John,1992.0,Netherlands,Attack
124555,Cristiano Biraghi,1992.0,Italy,Defender
124559,Alen Stevanovic,1991.0,Serbia,Attack
124560,Samuele Longo,1992.0,Italy,Attack
124715,Nikola Maksimović,1991.0,Serbia,Defender
124732,John Brooks,1993.0,United States,Defender
124769,Luca Marrone,1990.0,,Defender
124785,Patrick Schorr,1994.0,Germany,Midfield
124891,Aras Özbiliz,1990.0,Armenia,Attack
124901,Benjamin Leroy,1989.0,France,Goalkeeper
124902,Khouma Babacar,1993.0,Senegal,Attack
124909,Davide Gavazzi,1986.0,Italy,Midfield
124911,Karim Laribi,1991.0,Tunisia,Midfield
124983,Bryan Oviedo,1990.0,Costa Rica,Defender
125019,Lisandro López,1989.0,Argentina,Defender
125020,José Luis Palomino,1990.0,Argentina,Defender
125103,Marvin Ducksch,1994.0,Germany,Attack
125172,Lukas Raeder,1993.0,Germany,Goalkeeper
125251,Iván Piris,1989.0,Paraguay,Defender
125314,Pontus Jansson,1991.0,Sweden,Defender
125409,Nathaniel Méndez-Laing,1992.0,Guatemala,Attack
125614,Sargis Adamyan,1993.0,Armenia,Attack
125714,Mark Flekken,1993.0,Netherlands,Goalkeeper
125735,Luis Fariña,1991.0,Argentina,Midfield
125781,Antoine Griezmann,1991.0,France,Attack
125783,Sanjin Prcic,1993.0,Bosnia-Herzegovina,Midfield
125858,Kerem Demirbay,1993.0,Germany,Midfield
125868,Pape Souaré,1990.0,Senegal,Defender
125931,Toño García,1989.0,Spain,Defender
126014,Leandro Bacuna,1991.0,Curacao,Midfield
126114,Lukas Spendlhofer,1993.0,Austria,Defender
126214,Mathew Leckie,1991.0,Australia,Attack
126252,Juan Rafael Fuentes,1990.0,Spain,Defender
126281,Alexander Hack,1993.0,Germany,Defender
126285,Sebastian Maier,1993.0,Germany,Midfield
126321,Carl Jenkinson,1992.0,England,Defender
126412,Ouasim Bouy,1993.0,Morocco,Midfield
126413,Jerson Cabral,1991.0,Cape Verde,Attack
126414,Hakan Çalhanoğlu,1994.0,Türkiye,Midfield
126422,Allan,1991.0,Brazil,Midfield
126516,Antonio Luna,1991.0,Spain,Defender
126528,Maxime Poundjé,1992.0,France,Defender
126530,Enzo Réale,1991.0,France,Midfield
126534,Salif Sané,1990.0,Senegal,Defender
126540,Samuel Umtiti,1993.0,France,Defender
126542,Mohamed Yattara,1993.0,Guinea,Attack
126552,Loïs Diony,1992.0,France,Attack
126557,Jonathan Gradit,1992.0,France,Defender
126600,Kenny McLean,1992.0,Scotland,Midfield
126625,Juankar,1990.0,Spain,Defender
126634,Francesco Rossi,1991.0,Italy,Goalkeeper
126638,Jeong-ho Hong,1989.0,"Korea, South",Defender
126643,Seok-yeong Yun,1990.0,"Korea, South",Defender
126656,Faouzi Ghoulam,1991.0,Algeria,Defender
126659,Loris Néry,1991.0,France,Defender
126662,David Alcibiade,1991.0,France,Defender
126664,Lucas Digne,1993.0,France,Defender
126665,Idrissa Gueye,1989.0,Senegal,Midfield
126673,Adama Soumaoro,1992.0,France,Defender
126681,Abdoulaye Diallo,1992.0,Senegal,Goalkeeper
126683,Tristan Dingomé,1991.0,Cameroon,Midfield
126687,Valentin Eysseric,1992.0,France,Midfield
126692,Yassine Jebbour,1991.0,Morocco,Defender
126697,Hicham M'Laab,1990.0,France,Midfield
126699,Vincent Pajot,1990.0,France,Midfield
126704,Slimane Sissoko,1991.0,France,Attack
126710,Layvin Kurzawa,1992.0,France,Defender
126711,Kévin Malcuit,1991.0,France,Defender
126716,Paco Alcácer,1993.0,Spain,Attack
126719,Juan Bernat,1993.0,Spain,Defender
126722,Edu Campabadal,1993.0,Spain,Defender
126729,Patric,1993.0,Spain,Defender
126731,Javi Noblejas,1993.0,Spain,Defender
126737,Juanmi,1993.0,Spain,Attack
126741,Jairo Morillas,1993.0,Spain,Attack
126746,Germán Parreño,1993.0,Spain,Goalkeeper
126748,Israel Puerto,1993.0,Spain,Defender
126751,Iñigo Ruiz de Galarreta,1993.0,Spain,Midfield
126767,Ali Ahamada,1991.0,Comoros,Goalkeeper
126796,Adrien Regattin,1991.0,Morocco,Attack
126910,Yassin El-Azzouzi,1983.0,France,Attack
126924,Guy N'Gosso,1985.0,Cameroon,Midfield
127032,Serge Aurier,1992.0,Cote d'Ivoire,Defender
127048,Cédric Bakambu,1991.0,DR Congo,Attack
127053,Rafaël Dias,1991.0,Portugal,Midfield
127073,Lionel Zouma,1993.0,Central African Republic,Defender
127074,Petrus Boumal,1993.0,Cameroon,Midfield
127075,Manuel Cabit,1993.0,Martinique,Defender
127076,Jérôme Roussillon,1993.0,Guadeloupe,Defender
127098,Anthony Koura,1993.0,Burkina Faso,Attack
127108,Florian Lejeune,1991.0,France,Defender
127128,Mathieu Deplagne,1991.0,France,Defender
127140,Jonathan Ligali,1991.0,France,Goalkeeper
127142,Jonas Martin,1990.0,France,Midfield
127143,Teddy Mezague,1990.0,France,Defender
127151,Hugo Rodriguez,1991.0,France,Midfield
127156,Téji Savanier,1991.0,France,Midfield
127160,Benjamin Stambouli,1990.0,France,Midfield
127177,Gaëtan Bussmann,1991.0,France,Defender
127181,Benjamin Lecomte,1991.0,France,Goalkeeper
127182,Thomas Monconduit,1991.0,France,Midfield
127187,Abdoulaye Doucouré,1993.0,Mali,Midfield
127188,Maxime Dupé,1993.0,France,Goalkeeper
127189,Geoffrey Kondogbia,1993.0,Central African Republic,Midfield
127192,Ferris N'Goma,1993.0,France,Midfield
127194,Yaya Sanogo,1993.0,France,Attack
127202,Matz Sels,1992.0,Belgium,Goalkeeper
127213,Alexi Peuget,1990.0,France,Midfield
127457,Álex López,1988.0,Spain,Midfield
127554,Nacho Martínez,1989.0,Spain,Defender
127573,Phillipp Mwene,1994.0,Austria,Defender
127610,Mexer,1988.0,Mozambique,Defender
127766,Yaya Banana,1991.0,Cameroon,Defender
127828,Diego Rodríguez,1989.0,Uruguay,Midfield
127837,Ibai Gómez,1989.0,Spain,Attack
127987,Carles Gil,1992.0,Spain,Midfield
128219,Javier Espinosa,1992.0,Spain,Midfield
128220,Luis Alberto,1992.0,Spain,Midfield
128223,Álvaro Morata,1992.0,Spain,Attack
128229,Robbie Brady,1992.0,Ireland,Midfield
128287,Derrick Williams,1993.0,Ireland,Defender
128295,Tito,1985.0,Spain,Defender
128375,Bo-kyung Kim,1989.0,"Korea, South",Midfield
128488,Alejandro Gálvez,1989.0,Spain,Defender
128895,Jak Alnwick,1993.0,England,Goalkeeper
128897,Saido Berahino,1993.0,Burundi,Attack
128899,Jack Butland,1993.0,England,Goalkeeper
128900,Nathaniel Chalobah,1994.0,England,Midfield
128901,Conor Coady,1993.0,England,Defender
128904,Ben Gibson,1993.0,England,Defender
128906,Liam Moore,1993.0,Jamaica,Defender
128907,Ravel Morrison,1993.0,Jamaica,Midfield
128909,Jack Robinson,1993.0,England,Defender
128910,George Thorne,1993.0,England,Midfield
128911,Tom Thorpe,1993.0,England,Defender
128912,Andre Wisdom,1993.0,England,Defender
128931,Giannis Fetfatzidis,1990.0,Greece,Attack
128969,Mathew Ryan,1992.0,Australia,Goalkeeper
129078,Nathan Redmond,1994.0,England,Attack
129085,Jores Okore,1992.0,Denmark,Defender
129129,João Pedro,1992.0,Italy,Attack
129248,Stefan Popescu,1993.0,Romania,Defender
129358,Marcin Kamiński,1992.0,Poland,Defender
129386,Zouhair Feddal,1989.0,Morocco,Defender
129444,David López,1989.0,Spain,Defender
129473,Rafinha,1993.0,Brazil,Midfield
129476,Gerard Deulofeu,1994.0,Spain,Attack
129495,Jorge Ortí,1993.0,Spain,Attack
129505,Marcello Trotta,1992.0,Italy,Attack
129513,Alexandru Maxim,1990.0,Romania,Midfield
129515,Chuli,1991.0,Spain,Attack
129554,Steven Berghuis,1991.0,Netherlands,Attack
129561,Sergey Chernik,1988.0,Belarus,Goalkeeper
129586,Joris Kayembe,1994.0,DR Congo,Defender
129588,Dennis Praet,1994.0,Belgium,Midfield
129593,Junior Malanda,1994.0,Belgium,Midfield
129627,Charlie Austin,1989.0,England,Attack
129674,Jeremy Toljan,1994.0,Germany,Defender
129679,Cheick Doukouré,1992.0,Cote d'Ivoire,Midfield
129688,Ryo Miyaichi,1992.0,Japan,Attack
129693,Gaku Shibasaki,1992.0,Japan,Midfield
129753,Víctor Rodríguez,1989.0,Spain,Midfield
129868,Cristian Battocchio,1992.0,Italy,Midfield
129893,Molla Wagué,1991.0,Mali,Defender
129990,Hyun-jun Suk,1991.0,"Korea, South",Attack
130108,Pajtim Kasami,1992.0,Switzerland,Midfield
130110,David Oberhauser,1990.0,France,Goalkeeper
130164,Jordan Pickford,1994.0,England,Goalkeeper
130172,Giuseppe Rizzo,1991.0,Italy,Midfield
130347,Filippo Boniperti,1991.0,Italy,Attack
130348,Roberto Crivello,1991.0,Italy,Defender
130353,Hördur Magnússon,1993.0,Iceland,Defender
130360,Simone Verdi,1992.0,Italy,Midfield
130365,Alessandro Florenzi,1991.0,Italy,Defender
130369,Stefano Pettinari,1992.0,Italy,Attack
130382,Jerry Mbakogu,1992.0,Nigeria,Attack
130388,Antonio Santurro,1992.0,Dominican Republic,Goalkeeper
130394,Gianluca Lapadula,1990.0,Peru,Attack
130485,Alfredo Donnarumma,1990.0,Italy,Attack
130756,Giannelli Imbula,1992.0,DR Congo,Midfield
130765,Stuart Armstrong,1992.0,Scotland,Midfield
131075,Francesco Acerbi,1988.0,Italy,Defender
131090,Diego Reyes,1992.0,Mexico,Defender
131098,Salvador Ichazo,1992.0,Uruguay,Goalkeeper
131101,Stiven Mendoza,1992.0,Colombia,Attack
131102,Jeison Murillo,1992.0,Colombia,Defender
131109,Gastón Brugman,1992.0,Uruguay,Midfield
131209,Ezequiel Cirigliano,1992.0,Argentina,Midfield
131248,Joel Campbell,1992.0,Costa Rica,Attack
131275,Choco Lozano,1993.0,Honduras,Attack
131480,Il-lok Yun,1992.0,"Korea, South",Attack
131505,Rodrigo,1991.0,Spain,Attack
131506,Samu Saiz,1991.0,Spain,Midfield
131561,Thomas Pledl,1994.0,Germany,Attack
131589,Billel Omrani,1993.0,Algeria,Attack
131667,Ramon Azeez,1992.0,Nigeria,Midfield
131694,Olarenwaju Kayode,1993.0,,Attack
131708,Kenneth Omeruo,1993.0,Nigeria,Defender
131709,Ogenyi Onazi,1992.0,Nigeria,Midfield
131731,Mehdi Bourabia,1991.0,Morocco,Midfield
131758,Jesse Joronen,1993.0,Finland,Goalkeeper
131789,Roberto Firmino,1991.0,Brazil,Attack
131918,Ziri Hammar,1992.0,Algeria,Attack
131951,Kevin Lasagna,1992.0,Italy,Attack
131978,Ross Barkley,1993.0,England,Midfield
131996,Bertrand Traoré,1995.0,Burkina Faso,Attack
132002,Jonny Mosquera,1991.0,Colombia,Midfield
132056,Fadil Sido,1993.0,Burkina Faso,Midfield
132098,Harry Kane,1993.0,England,Attack
132214,João Carlos Teixeira,1993.0,Portugal,Midfield
132323,Denis Streker,1991.0,Germany,Midfield
132414,Dolly Menga,1993.0,Angola,Attack
132529,Jin-su Kim,1992.0,"Korea, South",Defender
132921,Aday Benítez,1987.0,Spain,Defender
133078,Syam Ben Youssef,1989.0,Tunisia,Defender
133089,Felipe Gutiérrez,1990.0,Chile,Midfield
133179,Marten de Roon,1991.0,Netherlands,Midfield
133392,Billy Knott,1992.0,England,Midfield
133794,Edgar Méndez,1990.0,Spain,Attack
133964,Lorenzo Insigne,1991.0,Italy,Attack
134098,Raoul Loé,1989.0,Cameroon,Midfield
134270,Dan Burn,1992.0,England,Defender
134277,Julian Jeanvier,1992.0,Guinea,Defender
134294,Danny Ings,1992.0,England,Attack
134369,Andrea Tabanelli,1990.0,Italy,Midfield
134414,Tyler Blackett,1994.0,England,Defender
134424,Nick Powell,1994.0,England,Midfield
134425,Raheem Sterling,1994.0,England,Attack
134712,Billy Ketkeophomphone,1990.0,Laos,Attack
134883,Daniele Baselli,1992.0,Italy,Midfield
134936,Jesé,1993.0,,Attack
134983,Andrea La Mantia,1991.0,Italy,Attack
135057,André Carrillo,1991.0,Peru,Midfield
135208,Riza Durmisi,1994.0,Denmark,Defender
135213,Kenneth Zohore,1994.0,Denmark,Attack
135343,Fabian Schär,1991.0,Switzerland,Defender
135490,Lindsay Rose,1992.0,Mauritius,Defender
135492,Youssouf Sabaly,1993.0,Senegal,Defender
135560,Leonardo Melazzi,1991.0,Uruguay,Attack
135617,Thiago Mendes,1992.0,Brazil,Midfield
135747,Luca Lezzerini,1995.0,Italy,Goalkeeper
135853,Manuel Lanzini,1993.0,Argentina,Midfield
136054,Yuriy Yakovenko,1993.0,Ukraine,Attack
136091,Simone Calvano,1993.0,Italy,Midfield
136111,Nicola Leali,1993.0,Italy,Goalkeeper
136181,Havard Nielsen,1993.0,Norway,Attack
136308,Gerrit Wegkamp,1993.0,Germany,Attack
136501,Kadeem Harris,1993.0,England,Attack
136514,Charalampos Lykogiannis,1993.0,Greece,Defender
136589,Samba Diakité,1989.0,Mali,Midfield
136605,Carlos Carbonero,1990.0,Colombia,Midfield
136610,Papy Djilobodji,1988.0,Senegal,Defender
136647,Charalampos Mavrias,1994.0,Greece,Defender
137162,Cedrick,1992.0,DR Congo,Attack
137174,Alejandro Arribas,1989.0,Spain,Defender
137438,Sadio Diallo,1990.0,Guinea,Midfield
137616,Okay Yokuşlu,1994.0,Türkiye,Midfield
137648,Sverrir Ingi Ingason,1993.0,Iceland,Defender
137669,Jason Davidson,1991.0,Australia,Defender
137704,Miguel Ángel Guerrero,1990.0,Spain,Attack
137745,Marçal,1989.0,Brazil,Defender
137841,Romain Amalfitano,1989.0,France,Midfield
138049,Christophe Kerbrat,1986.0,France,Defender
138055,Haris Belkebla,1994.0,Algeria,Midfield
138110,Gino Peruzzi,1992.0,Argentina,Defender
138171,Mathias Autret,1991.0,,Midfield
138199,Christopher Maboulou,1990.0,Congo,Attack
138292,Boris Tashchy,1993.0,Ukraine,Attack
138335,Jakob Haugaard,1992.0,Denmark,Goalkeeper
138410,Pape Camara,1991.0,Senegal,Midfield
138584,Luka Krajnc,1994.0,Slovenia,Defender
138655,Chengdong Zhang,1989.0,China,Attack
138662,Álvaro Arroyo,1988.0,Spain,Defender
138800,Pablo Alcolea,1989.0,Spain,Goalkeeper
138803,Francisco Portillo,1990.0,Spain,Attack
138927,Daniel Carvajal,1992.0,Spain,Defender
138935,Sergio Álvarez,1992.0,Spain,Midfield
138949,Mohamed Larbi,1987.0,Tunisia,Midfield
139018,Mickaël Le Bihan,1990.0,France,Attack
139169,Claiton,1984.0,Brazil,Defender
139173,Achraf Lazaar,1992.0,Morocco,Defender
139208,Virgil van Dijk,1991.0,Netherlands,Defender
139278,Luca Zander,1995.0,Germany,Defender
139279,Nicolas Pallois,1987.0,France,Defender
139286,Férébory Doré,1989.0,Congo,Attack
139307,Raffaele Pucino,1991.0,Italy,Defender
139336,Paulo Oliveira,1992.0,Portugal,Defender
139396,Bruma,1994.0,Portugal,Attack
139434,Raúl Carnero,1989.0,Spain,Defender
139435,Dani Rodríguez,1988.0,Spain,Midfield
139440,José Núñez,1988.0,Paraguay,Attack
139449,Leandro Damião,1989.0,Brazil,Attack
139503,Enner Valencia,1989.0,Ecuador,Attack
139607,Guilherme,1991.0,Brazil,Midfield
139634,Ledian Memushaj,1986.0,Albania,Midfield
139895,Tomás Pina,1987.0,Spain,Midfield
139915,Aleksandar Katai,1991.0,Serbia,Midfield
139955,Emanuel Herrera,1987.0,Argentina,Attack
140082,Armando Sadiku,1991.0,Albania,Attack
140126,Fernando Aristeguieta,1992.0,Venezuela,Attack
140191,Ryan Fredericks,1992.0,England,Defender
140206,Ladislav Krejci,1992.0,Czech Republic,Midfield
140436,Lei Wu,1991.0,China,Attack
140497,Florentin Pogba,1990.0,Guinea,Defender
140559,Raffaele Maiello,1991.0,Italy,Midfield
140579,Josip Drmic,1992.0,Switzerland,Attack
140678,Johan Larsson,1990.0,Sweden,Defender
140748,Danilo Avelar,1989.0,Brazil,Defender
140757,Daniel Bessa,1993.0,Italy,Midfield
140776,Yannick Carrasco,1993.0,Belgium,Attack
140803,Anthony Limbombe,1994.0,Belgium,Attack
140804,Jordan Lukaku,1994.0,Belgium,Defender
140808,Davy Roef,1994.0,Belgium,Goalkeeper
141349,Liam O'Neil,1993.0,England,Midfield
141650,Larnell Cole,1993.0,England,Midfield
141654,Michele Fornasier,1993.0,Italy,Defender
141655,Zeki Fryers,1992.0,England,Defender
141660,Jesse Lingard,1992.0,England,Midfield
141828,Kara Mbodj,1989.0,Senegal,Defender
141832,José Carlos Álvarez,1992.0,Spain,Goalkeeper
141834,Cristian Tello,1991.0,Spain,Attack
141835,Álvaro Vázquez,1991.0,Spain,Attack
142021,Sergi Darder,1993.0,Spain,Midfield
142023,Guillermo Fernández,1993.0,Spain,Attack
142027,Pablo Hervías,1993.0,Spain,Attack
142031,Omar Mascarell,1993.0,Equatorial Guinea,Midfield
142033,Adrián Ortolá,1993.0,Spain,Goalkeeper
142281,Anthony Ujah,1990.0,Nigeria,Attack
142310,Willy Boly,1991.0,Cote d'Ivoire,Defender
142370,Mathías Abero,1990.0,Uruguay,Defender
142419,Raúl Navas,1988.0,Spain,Defender
142920,Aleksandar Trajkovski,1992.0,North Macedonia,Attack
143029,Stefan Mitrovic,1990.0,Serbia,Defender
143039,Damjan Djokovic,1990.0,Croatia,Midfield
143121,Melvyn Lorenzen,1994.0,Uganda,Attack
143424,Alex Oxlade-Chamberlain,1993.0,England,Midfield
143559,Matija Nastasić,1993.0,Serbia,Defender
143798,Pavel Kaderabek,1992.0,Czech Republic,Midfield
143812,Matías Vecino,1991.0,Uruguay,Midfield
143863,Martí Riverola,1991.0,Spain,Midfield
143891,Maximilian Philipp,1994.0,Germany,Attack
144028,Leandro Trossard,1994.0,Belgium,Attack
144143,Bartosz Bereszyński,1992.0,Poland,Defender
144303,Lazar Markovic,1994.0,Serbia,Attack
144688,Diogo Campos,1990.0,Brazil,Midfield
144779,Saphir Taïder,1992.0,Algeria,Midfield
145115,Valon Berisha,1993.0,Kosovo,Midfield
145416,Junior Tallo,1992.0,Cote d'Ivoire,Attack
145466,Tim Ream,1987.0,United States,Defender
145581,Afriyie Acquah,1992.0,Ghana,Midfield
145602,Nicolás Castillo,1993.0,Chile,Attack
145707,Danilo,1991.0,Brazil,Defender
145769,Sergio León,1989.0,Spain,Attack
145840,Trent Sainsbury,1992.0,Australia,Defender
145866,Munas Dabbur,1992.0,Israel,Attack
145918,Diogo Salomão,1988.0,Portugal,Attack
145922,Jon Flanagan,1993.0,England,Defender
145988,Wilfried Zaha,1992.0,Cote d'Ivoire,Attack
146096,Federico Palacios,1995.0,Germany,Midfield
146099,Remi Mulumba,1992.0,DR Congo,Midfield
146143,Zinédine Machach,1996.0,France,Midfield
146155,Hany Mukhtar,1995.0,Germany,Midfield
146163,Raphael Framberger,1995.0,Germany,Defender
146164,Max Meyer,1995.0,Germany,Midfield
146227,Jasper Cillessen,1989.0,Netherlands,Goalkeeper
146258,Jetro Willems,1994.0,Netherlands,Defender
146373,Antoine Rabillard,1995.0,France,Attack
146596,Amidu Salifu,1992.0,Ghana,Midfield
146660,Ronaldo,1990.0,Brazil,Midfield
146680,Andrea Barberis,1993.0,Italy,Midfield
146690,George Baldock,1993.0,Greece,Defender
146714,Tomas Koubek,1992.0,Czech Republic,Goalkeeper
146743,Luca Antei,1992.0,Italy,Defender
146752,Gianluca Caprari,1993.0,Italy,Attack
146795,Ryan Fraser,1994.0,Scotland,Attack
146799,Alberto Brignoli,1991.0,Italy,Goalkeeper
146805,Majeed Waris,1991.0,Ghana,Attack
146844,Kerim Frei,1993.0,Turkey,Attack
146854,Wissam Ben Yedder,1990.0,France,Attack
146889,Peter Ankersen,1990.0,Denmark,Defender
147031,Joel Untersee,1994.0,Switzerland,Defender
147034,Marco van Ginkel,1992.0,Netherlands,Midfield
147043,Michael Frey,1994.0,Switzerland,Attack
147049,Salim Khelifi,1994.0,Tunisia,Midfield
147051,Yvon Mvogo,1994.0,Switzerland,Goalkeeper
147078,Fran Vélez,1991.0,Spain,Defender
147094,José Izquierdo,1992.0,Colombia,Attack
147359,Jeremy Dudziak,1995.0,Germany,Defender
147396,Bruno Uvini,1991.0,Brazil,Defender
147483,Michaël Pereira,1987.0,France,Attack
147485,Louis Schaub,1994.0,Austria,Midfield
147487,Vincent Aboubakar,1992.0,Cameroon,Attack
147573,Sebastian Andersson,1991.0,Sweden,Attack
147602,Kwame Nsor,1992.0,Ghana,Attack
147846,Nicolas Isimat-Mirin,1991.0,France,Defender
148004,Alin Toșca,1992.0,Romania,Defender
148153,Lewis Dunk,1991.0,England,Defender
148208,Marian Sarr,1995.0,The Gambia,Defender
148209,Matti Steinmann,1995.0,Germany,Midfield
148252,Remo Freuler,1992.0,Switzerland,Midfield
148262,Jeff Hendrick,1992.0,Ireland,Midfield
148367,Christian Nørgaard,1994.0,Denmark,Midfield
148368,Divock Origi,1995.0,Belgium,Attack
148396,Abdoulay Diaby,1991.0,Mali,Attack
148455,Mohamed Salah,1992.0,Egypt,Attack
148597,Clément Maury,1985.0,France,Goalkeeper
148607,Facundo Píriz,1990.0,Uruguay,Midfield
148657,Tomas Kalas,1993.0,Czech Republic,Defender
148666,Naldo,1988.0,Brazil,Defender
148690,Andrés Escobar,1991.0,Colombia,Attack
148751,Bruno Peres,1990.0,Brazil,Defender
148754,Somália,1988.0,Brazil,Midfield
148928,Saúl Ñíguez,1994.0,Spain,Midfield
148955,Paul-Georges Ntep,1992.0,Cameroon,Attack
148967,Konstantinos Stafylidis,1993.0,Greece,Defender
149231,Fidel,1989.0,Spain,Attack
149237,Anthony Knockaert,1991.0,France,Attack
149239,Thomas Vincensini,1993.0,France,Goalkeeper
149249,Ewerton,1989.0,Brazil,Defender
149444,Saliou Ciss,1989.0,Senegal,Defender
149446,Bryan Dabo,1992.0,Burkina Faso,Midfield
149498,Gabriel Paulista,1990.0,Brazil,Defender
149525,Antonio Caracciolo,1990.0,Italy,Defender
149526,Marco Crimi,1990.0,Italy,Midfield
149540,Zakarya Bergdich,1989.0,Morocco,Defender
149551,Jonathan Delaplace,1986.0,France,Midfield
149577,Pablo,1991.0,Brazil,Defender
149652,Léo Lacroix,1992.0,Switzerland,Defender
149716,Ivan Cavaleiro,1993.0,Angola,Attack
149729,João Mário,1993.0,Portugal,Midfield
149752,Vitor Hugo,1991.0,Brazil,Defender
149829,Miha Zajc,1994.0,Slovenia,Midfield
149946,Raphael Martinho,1988.0,Brazil,Midfield
150948,Recio,1991.0,Spain,Midfield
151470,Nikola Vukcevic,1991.0,Montenegro,Midfield
151582,Ferhan Hasani,1990.0,North Macedonia,Midfield
151636,Marlon Ritter,1994.0,Germany,Midfield
152651,Terence Kongolo,1994.0,Netherlands,Defender
152733,Onur Bulut,1994.0,Türkiye,Defender
152873,Julien Vercauteren,1993.0,Belgium,Midfield
152963,Florian Niederlechner,1990.0,Germany,Attack
153022,Nicolás Blandi,1990.0,Argentina,Attack
153084,Leon Goretzka,1995.0,Germany,Midfield
153236,Vicente Gómez,1988.0,Spain,Midfield
153238,Jonathan Viera,1989.0,Spain,Midfield
153427,Bebé,1990.0,Cape Verde,Attack
153628,Lukas Fröde,1995.0,Germany,Midfield
153634,Marcel Hilßner,1995.0,Germany,Attack
153637,Mikael Ishak,1993.0,Sweden,Attack
153667,Bartłomiej Pawłowski,1992.0,Poland,Midfield
153678,Kingsley Schindler,1993.0,Ghana,Attack
153739,Ezequiel Calvente,1991.0,Spain,Attack
154059,Charles,1984.0,Brazil,Attack
154171,Benjamin Corgnet,1987.0,France,Midfield
154199,Wesley Lautoa,1987.0,Neukaledonien,Defender
154209,Romain Métanire,1990.0,Madagascar,Defender
154396,Danilo Soares,1991.0,Brazil,Defender
154819,Kwasi Wriedt,1994.0,Ghana,Attack
155233,Michael Harriman,1992.0,Ireland,Defender
155395,Salvador Agra,1991.0,Portugal,Attack
156487,Grégoire Puel,1992.0,France,Defender
156489,Lucas Veronese,1991.0,France,Goalkeeper
156501,Felipe,1989.0,Brazil,Defender
156617,Marcelo Brozović,1992.0,Croatia,Midfield
156618,Maxime Colin,1991.0,France,Defender
156639,Dan Nistor,1988.0,Romania,Midfield
156779,Erik Thommy,1994.0,Germany,Midfield
156799,Unai Albizua,1989.0,Spain,Defender
156808,Unai Bustinza,1992.0,Spain,Defender
156814,Javi Eraso,1990.0,Spain,Midfield
156892,Eder Vilarchao,1990.0,Spain,Midfield
156934,Tyias Browning,1994.0,China,Defender
156941,John Lundstram,1994.0,England,Midfield
156990,Marco Friedl,1998.0,Austria,Defender
157058,Ibrahim Sissoko,1991.0,Cote d'Ivoire,Midfield
157167,Hrvoje Milicevic,1993.0,Bosnia-Herzegovina,Defender
157368,Tom Ince,1992.0,England,Attack
157373,Vladlen Yurchenko,1994.0,Ukraine,Midfield
157484,Quentin Beunardeau,1994.0,France,Goalkeeper
157490,Michael Hector,1992.0,Jamaica,Defender
157491,Jordan Ikoko,1994.0,DR Congo,Defender
157494,Mory Koné,1994.0,France,Defender
157495,Benjamin Mendy,1994.0,France,Defender
157500,Lenny Nangis,1994.0,Guadeloupe,Attack
157501,M'Baye Niang,1994.0,Senegal,Attack
157506,Jeffrey Schlupp,1992.0,Ghana,Midfield
157507,Adrien Tamèze,1994.0,France,Midfield
157509,Kurt Zouma,1994.0,France,Defender
157635,Yussuf Poulsen,1994.0,Denmark,Attack
157849,Lukasz Teodorczyk,1991.0,Poland,Attack
158049,Hendrik Hansen,1994.0,Germany,Defender
158057,Ager Aketxe,1993.0,Spain,Midfield
158071,Sergio Mendigutxia,1993.0,Spain,Attack
158463,Lorenzo Lollo,1990.0,Italy,Midfield
158623,Cyrus Christie,1992.0,Ireland,Defender
158697,Gaël Bigirimana,1993.0,Burundi,Midfield
158703,Kieron Freeman,1992.0,Wales,Defender
158791,Sergio Postigo,1988.0,Spain,Defender
158795,David Timor,1989.0,Spain,Midfield
158810,Oscar Hiljemark,1992.0,Sweden,Midfield
158849,Jon Errasti,1988.0,Spain,Midfield
158863,Iñigo Martínez,1991.0,Spain,Defender
159026,Ricardo Kishna,1995.0,Netherlands,Attack
159037,Ronny Marcos,1993.0,Mozambique,Defender
159088,Robert Andrich,1994.0,Germany,Midfield
159142,Aderllan Santos,1989.0,Brazil,Defender
159162,Ylli Sallahi,1994.0,Austria,Defender
159239,Dennis Srbeny,1994.0,Germany,Attack
159288,Arlind Ajeti,1993.0,Albania,Defender
159337,Roberto Inglese,1991.0,Italy,Attack
159372,Felipe Anderson,1993.0,Brazil,Attack
159471,Serge Gnabry,1995.0,Germany,Attack
159522,Patrick Pflücke,1996.0,Germany,Midfield
159622,Adrien Trébel,1991.0,Madagascar,Midfield
159692,Moritz Bauer,1992.0,Austria,Defender
159720,Andelko Savic,1993.0,Switzerland,Attack
159773,Pablo Ceppelini,1991.0,Uruguay,Midfield
159778,Federico Rodríguez,1991.0,Uruguay,Attack
159844,Christopher Lenz,1994.0,Germany,Defender
159883,Ernesto Torregrossa,1992.0,Venezuela,Attack
159902,Amato Ciciretti,1993.0,Italy,Attack
160080,Yacouba Sylla,1990.0,Mali,Midfield
160182,José Ángel,1989.0,Spain,Defender
160217,Bryan Rabello,1994.0,Chile,Midfield
160222,Uros Spajic,1993.0,Serbia,Defender
160241,Kevin Akpoguma,1995.0,Nigeria,Defender
160285,Milos Jojic,1992.0,Serbia,Midfield
160348,Mesca,1993.0,Guinea-Bissau,Midfield
160357,Mario Sampirisi,1992.0,Italy,Defender
160380,Ibrahima Cissé,1994.0,Guinea,Midfield
160404,Marco da Silva,1992.0,France,Midfield
160438,Mohamed Elneny,1992.0,Egypt,Midfield
160471,Petar Brlek,1994.0,Croatia,Midfield
160506,Josip Radosevic,1994.0,Croatia,Midfield
160560,Gaetano Letizia,1990.0,Italy,Defender
160561,Fabio Lucioni,1987.0,Italy,Defender
160668,Antonio Colak,1993.0,Croatia,Attack
160670,Joe Gyau,1992.0,United States,Attack
160736,Noë Dussenne,1992.0,Belgium,Defender
160825,Antonio Balzano,1986.0,Italy,Defender
160910,Mahamadou N'Diaye,1990.0,Mali,Defender
160938,Marc Oliver Kempf,1995.0,Germany,Defender
160943,Marc Stendera,1995.0,Germany,Midfield
160954,Jannik Huth,1994.0,Germany,Goalkeeper
160963,Robin Zentner,1994.0,Germany,Goalkeeper
160968,Benno Schmitz,1994.0,Germany,Defender
160971,Leopold Zingerle,1994.0,Germany,Goalkeeper
160986,Matteo Bianchetti,1993.0,Italy,Defender
161011,Filip Kostić,1992.0,Serbia,Midfield
161056,Joshua Kimmich,1995.0,Germany,Midfield
161060,Streli Mamba,1994.0,Germany,Attack
161072,Baris Atik,1995.0,Turkey,Attack
161079,Julian Günther-Schmidt,1994.0,Germany,Midfield
161204,Julian Green,1995.0,United States,Midfield
161267,Josep Señé,1991.0,Spain,Midfield
161411,Francis Massampu,1991.0,France,Attack
161549,Tobias Pachonik,1995.0,Germany,Defender
161851,Fouad Rachid,1991.0,Comoros,Midfield
161869,Djibril Sidibé,1992.0,France,Defender
162029,Javier Manquillo,1994.0,Spain,Defender
162038,Raúl de Tomás,1994.0,Spain,Attack
162043,Iker Hernández,1994.0,Spain,Attack
162056,Gonzalo Melero,1994.0,Spain,Midfield
162063,Salva Ruiz,1995.0,Spain,Defender
162074,Álvaro Vadillo,1994.0,Spain,Attack
162079,Fede Vico,1994.0,Spain,Midfield
162434,Niklas Stark,1995.0,Germany,Defender
162551,Federico Serra,1997.0,Italy,Attack
162569,Josef Martínez,1993.0,Venezuela,Attack
162812,Cauly,1995.0,Brazil,Midfield
162952,Gaetano Monachello,1994.0,Italy,Attack
162959,Daniele Rugani,1994.0,Italy,Defender
162961,Valerio Verre,1994.0,Italy,Midfield
163053,Mame Thiam,1992.0,Senegal,Attack
163062,Luca Bittante,1993.0,Italy,Defender
163086,Cristiano Piccini,1992.0,Italy,Defender
163187,Giuseppe Prestia,1993.0,Italy,Defender
163216,Dimitri Bisoli,1994.0,Italy,Midfield
163222,Grégoire Defrel,1991.0,France,Attack
163223,Mirko Gori,1993.0,Italy,Midfield
163489,Riccardo Improta,1993.0,Italy,Attack
163568,Alfred Gomis,1993.0,Senegal,Goalkeeper
163582,Salvatore Molina,1992.0,Italy,Midfield
163600,Emanuele Suagher,1992.0,Italy,Defender
163639,Federico Ceccherini,1992.0,Italy,Defender
163647,Kastriot Dermaku,1992.0,Albania,Defender
163654,Kevin García,1989.0,Spain,Defender
163656,Connor Goldson,1992.0,England,Defender
163683,Manuel Pucciarelli,1991.0,Italy,Attack
163690,Franco Signorelli,1991.0,Venezuela,Midfield
163724,Laurent Jans,1992.0,Luxembourg,Defender
163744,Jack Stephens,1994.0,England,Defender
164055,David Juncà,1993.0,Spain,Defender
164091,Marco Capuano,1991.0,Italy,Defender
164108,Bruno Martella,1992.0,Italy,Defender
164230,Nicolas Benezet,1991.0,France,Attack
164231,Romario Benzar,1992.0,Romania,Defender
164236,Aurelian Chițu,1991.0,Romania,Attack
164265,Dong-won Ji,1991.0,"Korea, South",Attack
164277,Gen Shoji,1992.0,Japan,Defender
164451,Jeff Louis,1992.0,Haiti,Midfield
164477,Ezequiel Rescaldani,1992.0,Argentina,Attack
164478,Mohammed Abu,1991.0,Ghana,Midfield
164534,Francesco Forte,1993.0,Italy,Attack
164759,Paweł Wszołek,1992.0,Poland,Midfield
164770,Raphaël Varane,1993.0,France,Defender
164771,Jordan Veretout,1993.0,France,Midfield
164816,Javi Álamo,1988.0,Spain,Attack
164897,Jean-Christophe Bahebeck,1993.0,France,Attack
164912,Loïck Landre,1992.0,France,Defender
164913,Soualiho Meïté,1994.0,France,Midfield
164928,Ilan Boccara,1993.0,Israel,Midfield
164937,Clarck N'Sikulu,1992.0,DR Congo,Attack
165007,Denis Suárez,1994.0,Spain,Midfield
165008,Pablo Iñiguez,1994.0,Spain,Defender
165012,José Rodríguez,1994.0,Spain,Midfield
165331,Ondrej Petrak,1992.0,Czech Republic,Midfield
165351,Ali M'Madi,1990.0,Comoros,Attack
165381,Dario Zuparic,1992.0,Croatia,Defender
165400,Lloyd Palun,1988.0,Gabon,Defender
165467,Stole Dimitrievski,1993.0,North Macedonia,Goalkeeper
165472,Valmir Nafiu,1994.0,North Macedonia,Attack
165513,Berat Djimsiti,1993.0,Albania,Defender
165531,Jacopo Dezi,1992.0,Italy,Midfield
165722,Antonio Di Gaudio,1989.0,Italy,Attack
165724,Lorenzo Pasciuti,1989.0,Italy,Midfield
165793,Takumi Minamino,1995.0,Japan,Attack
165873,Federico Barba,1993.0,Italy,Defender
165894,Giammario Piscitella,1993.0,Italy,Attack
165895,Matteo Politano,1993.0,Italy,Attack
165900,Federico Viviani,1992.0,Italy,Midfield
166237,Leandro Paredes,1994.0,Argentina,Midfield
166240,Jürgen Locadia,1993.0,Curacao,Attack
166601,Niklas Süle,1995.0,Germany,Defender
166666,Jean Marie Dongou,1995.0,Cameroon,Attack
166683,Mamadou Sylla,1994.0,Senegal,Attack
167093,Aleksandar Pantic,1992.0,Serbia,Defender
167105,Lukas Lerager,1993.0,Denmark,Midfield
167189,Andreas Hirzel,1993.0,Switzerland,Goalkeeper
167228,Raúl Lizoain,1991.0,Spain,Goalkeeper
167268,Paddy McNair,1995.0,Northern Ireland,Defender
167291,Gabriel Pires,1993.0,Brazil,Midfield
167329,Alassane Pléa,1993.0,France,Attack
167393,James Husband,1994.0,England,Defender
167444,Luca Paganini,1993.0,Italy,Attack
167491,Stefano Sabelli,1993.0,Italy,Defender
167721,Chimy Ávila,1994.0,Argentina,Attack
167727,Andrea Belotti,1993.0,Italy,Attack
167741,Mattia Valoti,1993.0,Italy,Midfield
167791,Stefano Beltrame,1993.0,Italy,Attack
167796,Paolo Faragò,1993.0,Italy,Midfield
167798,Andrew Hjulsager,1995.0,Denmark,Midfield
167799,Pierre-Emile Højbjerg,1995.0,Denmark,Midfield
167850,Memphis Depay,1994.0,Netherlands,Attack
167859,Stefano Sturaro,1993.0,Italy,Midfield
167895,Luca Rizzo,1992.0,Italy,Midfield
168063,Filip Mladenovic,1991.0,Serbia,Defender
168088,Ádám Lang,1993.0,Hungary,Defender
168157,Leander Dendoncker,1995.0,Belgium,Midfield
168337,Ahmed Musa,1992.0,Nigeria,Attack
168416,David Ivan,1995.0,Slovakia,Midfield
168471,Renaud Emond,1991.0,Belgium,Attack
168536,Alhassan Wakaso,1992.0,Ghana,Midfield
168543,Levin Öztunali,1996.0,Germany,Midfield
168678,Marvin Schulz,1995.0,Germany,Midfield
168797,Sven Müller,1996.0,Germany,Goalkeeper
168933,Eddy Gnahoré,1993.0,France,Midfield
168944,Nikola Ninkovic,1994.0,Serbia,Midfield
168959,Nemanja Radoja,1993.0,Serbia,Midfield
168989,Silvan Widmer,1993.0,Switzerland,Defender
169052,Edenilson,1989.0,Brazil,Midfield
169090,El-Hadji Ba,1993.0,Mauritania,Midfield
169179,Alan Empereur,1994.0,Brazil,Defender
169249,Juan Sánchez Miño,1990.0,Argentina,Defender
169533,Alejandro Rodríguez,1991.0,Spain,Attack
169555,Callum Paterson,1994.0,Scotland,Attack
169801,Cauley Woodrow,1994.0,England,Attack
169880,Giovanni Di Lorenzo,1993.0,Italy,Defender
170321,Paul Dummett,1991.0,Wales,Defender
170322,Jonathan Williams,1993.0,Wales,Midfield
170460,Jessy Pi,1993.0,France,Midfield
170463,Marcel Tisserand,1993.0,DR Congo,Defender
170468,Kévin Beauverger,1993.0,France,Defender
170472,Dimitri Foulquier,1993.0,Guadeloupe,Defender
170475,Franck Héry,1993.0,France,Midfield
170478,Axel Ngando,1993.0,France,Midfield
170481,Jean-Daniel Akpa Akpro,1992.0,Cote d'Ivoire,Midfield
170495,Ismael Diomande,1992.0,Cote d'Ivoire,Midfield
170516,Tim Dierßen,1996.0,Germany,Midfield
170522,Yanni Regäsel,1996.0,Germany,Defender
170523,Mart Ristl,1996.0,Germany,Midfield
170527,Timo Werner,1996.0,Germany,Attack
170530,Sinan Kurt,1996.0,Germany,Attack
170544,Christophe Hérelle,1992.0,Martinique,Defender
170646,Ludwig Augustinsson,1994.0,Sweden,Defender
170767,André Poko,1993.0,Gabon,Midfield
170838,Salih Uçan,1994.0,Türkiye,Midfield
170895,Garry Rodrigues,1990.0,Cape Verde,Attack
170903,Steeve Yago,1992.0,Burkina Faso,Defender
170911,Donovan Léon,1992.0,French Guiana,Goalkeeper
170916,Loïc Puyo,1988.0,France,Midfield
170927,Simon Falette,1992.0,Guinea,Defender
170929,Massadio Haïdara,1992.0,Mali,Defender
170930,Junior Joachim,1992.0,France,Attack
170934,Mario Lemina,1993.0,Gabon,Midfield
170938,Bryan Pelé,1992.0,France,Midfield
170953,Stéphane Bahoken,1992.0,Cameroon,Attack
170957,Stéphan Raheriharimanana,1993.0,Madagascar,Midfield
170961,Thomas Delaine,1992.0,France,Defender
170962,Nicolas Saint-Ruf,1992.0,Guadeloupe,Defender
170963,Patrick Fradj,1992.0,France,Defender
170966,Jérémie Bela,1993.0,Angola,Attack
170968,Paul Charruau,1993.0,France,Goalkeeper
170976,Marvin Gakpa,1993.0,France,Midfield
170979,Paul Reulet,1994.0,France,Goalkeeper
170986,Raphaël Guerreiro,1993.0,Portugal,Defender
170994,Yrondu Musavu-King,1992.0,Gabon,Defender
171068,Hélder Lopes,1989.0,Portugal,Defender
171159,Leo Stulac,1994.0,Slovenia,Midfield
171165,Mamadou Koné,1991.0,Cote d'Ivoire,Attack
171167,Jairo Samperio,1993.0,Spain,Attack
171209,Branimir Hrgota,1993.0,Sweden,Attack
171234,Ben Reeves,1991.0,Northern Ireland,Midfield
171260,Jay Fulton,1994.0,Scotland,Midfield
171307,Joshua Brillante,1993.0,Australia,Midfield
171336,Souleymane Doukara,1991.0,Mauritania,Attack
171362,Pablo Insua,1993.0,Spain,Defender
171376,Alexander Milosevic,1992.0,Sweden,Defender
171399,Nicola Murru,1994.0,Italy,Defender
171408,Gaëtan Courtet,1989.0,France,Attack
171410,Prince Gouano,1993.0,France,Defender
171424,Riyad Mahrez,1991.0,Algeria,Attack
171557,Baissama Sankoh,1992.0,Guinea,Midfield
171679,Matt Doherty,1992.0,Ireland,Defender
172015,Fernando Pacheco,1992.0,Spain,Goalkeeper
172127,Tyronne,1991.0,Spain,Midfield
172128,José Manuel Fernández,1989.0,Spain,Defender
172142,Hernâni,1991.0,Portugal,Attack
172153,Mickaël Alphonse,1989.0,Guadeloupe,Defender
172168,Florian Kohls,1995.0,Germany,Midfield
172181,Diogo Figueiras,1991.0,Portugal,Defender
172333,Bill Tuiloma,1995.0,New Zealand,Defender
173483,Nahki Wells,1990.0,Bermuda,Attack
173491,Joel Pohjanpalo,1994.0,Finland,Attack
173504,James Tarkowski,1992.0,England,Defender
173589,Viktor Klonaridis,1992.0,Belgium,Attack
173832,Michael Doughty,1992.0,Wales,Midfield
173859,Davide Zappacosta,1992.0,Italy,Midfield
173900,Hélder Costa,1994.0,Angola,Attack
174089,Santy Ngom,1993.0,Senegal,Attack
174094,Morgan Sanson,1994.0,France,Midfield
174196,Kenny Lala,1991.0,France,Defender
174344,Fayçal Fajr,1988.0,Morocco,Midfield
174488,Marios Ikonomou,1992.0,Greece,Defender
174694,Rony Lopes,1995.0,Portugal,Attack
174706,Jonathan Zongo,1989.0,Burkina Faso,Attack
174733,Omar Colley,1992.0,The Gambia,Defender
174835,Adryan,1994.0,Brazil,Midfield
174859,Fausto Tienza,1990.0,Spain,Midfield
174915,Islam Slimani,1988.0,Algeria,Attack
175169,Bernard,1992.0,Brazil,Attack
175323,Óscar Duarte,1989.0,Costa Rica,Defender
175446,Jonny Otto,1994.0,Spain,Defender
175449,Moi Gómez,1994.0,Spain,Midfield
175709,Stefan Thesker,1991.0,Germany,Defender
175722,Eric Dier,1994.0,England,Defender
175745,Brad Smith,1994.0,Australia,Defender
175787,Cristian Lobato,1989.0,Spain,Attack
175792,André Ramalho,1992.0,Brazil,Defender
175836,Miguel Cifuentes,1990.0,Spain,Attack
175914,Álex Barrera,1991.0,Spain,Midfield
175921,Álex Menéndez,1991.0,Spain,Defender
175961,Ole Selnæs,1994.0,Norway,Midfield
176067,Borja Valle,1992.0,Spain,Attack
176130,Lorenzo Rosseti,1994.0,Italy,Attack
176133,Hernán Santana,1990.0,Spain,Midfield
176139,Mattia Bani,1993.0,Italy,Defender
176140,Rodrigo Ely,1993.0,Brazil,Defender
176285,Isaac Cuenca,1991.0,Spain,Attack
176298,Marc Fernández,1990.0,Spain,Attack
176485,Lucas Piazón,1994.0,Brazil,Midfield
176514,Rafał Wolski,1992.0,Poland,Midfield
176553,Aymeric Laporte,1994.0,Spain,Defender
176591,Jota Peleteiro,1991.0,Spain,Attack
176936,Julián Cuesta,1991.0,Spain,Goalkeeper
177046,Rubén Duarte,1995.0,Spain,Defender
177065,Florin Andone,1993.0,Romania,Attack
177231,Giulio Sanseverino,1994.0,Italy,Midfield
177321,Abdul Razak,1992.0,Cote d'Ivoire,Midfield
177452,Abdón Prats,1992.0,Spain,Attack
177467,Gerard Moreno,1992.0,Spain,Attack
177476,Nathan Aké,1995.0,Netherlands,Defender
177690,Miguel Trauco,1992.0,Peru,Defender
177779,Janik Haberer,1994.0,Germany,Midfield
177781,Georges Gope-Fenepej,1988.0,Neukaledonien,Midfield
177843,Domenico Berardi,1994.0,Italy,Attack
177847,Adnan Januzaj,1995.0,Belgium,Attack
177859,Tiago Ilori,1993.0,Portugal,Defender
177862,Charly Musonda Jr.,1996.0,Belgium,Attack
177907,Harry Maguire,1993.0,England,Defender
178019,Abdoulaye Keita,1994.0,Mali,Midfield
178024,Famoussa Kone,1994.0,Mali,Attack
178107,Michael Santos,1993.0,Uruguay,Attack
178187,Álex Alegría,1992.0,Spain,Attack
178313,Jean-Eudes Aholou,1994.0,Cote d'Ivoire,Midfield
178314,Victorien Angban,1996.0,Cote d'Ivoire,Midfield
178425,Dani García,1990.0,Spain,Midfield
178459,Davie Selke,1995.0,Germany,Attack
178540,Chaker Alhadhur,1991.0,Comoros,Defender
178614,Jean Michaël Seri,1991.0,Cote d'Ivoire,Midfield
179184,Michy Batshuayi,1993.0,Belgium,Attack
179408,Cheick Diarra,1992.0,Mali,Attack
179451,Donald Love,1994.0,Scotland,Defender
179634,Robert Bauer,1995.0,,Defender
179638,Lukas Görtler,1994.0,Germany,Midfield
179643,Vladimír Darida,1990.0,Czech Republic,Midfield
179757,Maximiliano Olivera,1992.0,Uruguay,Defender
179895,Josip Elez,1994.0,Croatia,Defender
180091,Charly Charrier,1986.0,France,Midfield
180704,Matheus Carvalho,1992.0,Brazil,Attack
180805,Zan Majer,1992.0,Slovenia,Midfield
181112,Sergi Samper,1995.0,Spain,Midfield
181136,Piotr Zielinski,1994.0,Poland,Midfield
181373,Antoine Conte,1994.0,Guinea,Defender
181375,Sébastien Haller,1994.0,Cote d'Ivoire,Attack
181378,Gaëtan Laborde,1994.0,France,Attack
181380,Arthur Masuaku,1993.0,DR Congo,Defender
181382,Abdoulaye Touré,1994.0,Guinea,Midfield
181477,Thievy Bifouma,1992.0,Congo,Attack
181547,Gonçalo Paciência,1994.0,Portugal,Attack
181579,James Ward-Prowse,1994.0,England,Midfield
181619,Robert Mazan,1994.0,Slovakia,Defender
181767,Marquinhos,1994.0,Brazil,Defender
181768,Hernani,1994.0,Brazil,Midfield
181778,Emerson,1994.0,Italy,Defender
181779,Wallace Oliveira,1994.0,Brazil,Defender
181781,Léo Bonatini,1994.0,Brazil,Attack
182201,Ally Samatta,1992.0,Tanzania,Attack
182312,Pape Sané,1991.0,Senegal,Attack
182323,Lucas Lima,1991.0,Brazil,Defender
182381,Quincy Promes,1992.0,Netherlands,Attack
182574,Jean-Paul Boëtius,1994.0,Netherlands,Midfield
182579,Karim Rekik,1994.0,Netherlands,Defender
182618,Tiemoué Bakayoko,1994.0,France,Midfield
182712,João Cancelo,1994.0,Portugal,Defender
182752,Marlon Frey,1996.0,Germany,Midfield
182811,Gaël Andonian,1995.0,Armenia,Defender
182813,Youssef Ben Ali,1995.0,Morocco,Attack
182814,Dorian Caddy,1995.0,France,Attack
182875,Jean-Charles Castelletto,1995.0,Cameroon,Defender
182877,Anthony Martial,1995.0,France,Attack
182889,Wylan Cyprien,1995.0,France,Midfield
182891,Thomas Didillon-Hödl,1995.0,France,Goalkeeper
182893,Seko Fofana,1995.0,Cote d'Ivoire,Midfield
182894,Jean-Philippe Gbamin,1995.0,Cote d'Ivoire,Defender
182898,Younès Kaabouni,1995.0,France,Midfield
182903,Zakarie Labidi,1995.0,France,Midfield
182904,Clément Lenglet,1995.0,France,Defender
182906,Mike Maignan,1995.0,France,Goalkeeper
182910,Hervin Ongenda,1995.0,France,Midfield
182913,Adrien Rabiot,1995.0,France,Midfield
182916,Wesley Saïd,1995.0,France,Attack
182923,Stefano Denswil,1993.0,Suriname,Defender
182932,Davy Klaassen,1993.0,Netherlands,Midfield
182962,Boubacar Sylla,1991.0,Mali,Defender
182963,Lass Bangoura,1992.0,Guinea,Attack
183029,Fabio Aveni,1994.0,Italy,Attack
183031,Koffi Djidji,1992.0,Cote d'Ivoire,Defender
183286,Diego Poyet,1995.0,Uruguay,Midfield
183288,Luke Shaw,1995.0,England,Defender
183299,Callum Robinson,1995.0,Ireland,Attack
183318,Jamaal Lascelles,1993.0,England,Defender
183321,Kevin Mbabu,1995.0,Switzerland,Defender
183334,Patrick Bamford,1993.0,England,Attack
183494,Issa Cissokho,1985.0,Senegal,Defender
183647,Álvaro González,1990.0,Spain,Defender
183720,Anwar El Ghazi,1995.0,Netherlands,Attack
183780,Paul Seguin,1995.0,Germany,Midfield
184133,Russell Canouse,1995.0,United States,Midfield
184218,Javi Hervás,1989.0,Spain,Midfield
184381,Shani Tarashaj,1995.0,Switzerland,Attack
184398,Stephen Kingsley,1994.0,Scotland,Defender
184473,Haris Duljevic,1993.0,Bosnia-Herzegovina,Attack
184491,Naïm Sliti,1992.0,Tunisia,Attack
184528,Emil Krafth,1994.0,Sweden,Defender
184573,Victor Lindelöf,1994.0,Sweden,Defender
184575,Denys Bain,1993.0,France,Defender
184672,Guido Carrillo,1991.0,Argentina,Attack
184767,Ximo Navarro,1990.0,Spain,Defender
184892,Florian Thauvin,1993.0,France,Attack
184894,Alfred Duncan,1993.0,Ghana,Midfield
184915,Edgar Salli,1992.0,Cameroon,Attack
184922,Ambroise Oyongo,1991.0,Cameroon,Defender
184935,Kalifa Coulibaly,1991.0,Mali,Attack
185077,Vincenzo Grifo,1993.0,Italy,Attack
185245,Jhon Córdoba,1993.0,Colombia,Attack
185570,Adnane Tighadouini,1992.0,Morocco,Attack
185593,Nicolás López,1993.0,Uruguay,Attack
185699,Tim Leibold,1993.0,Germany,Defender
185939,Thomas Guerbert,1989.0,France,Midfield
186186,Bobby De Cordova-Reid,1993.0,Jamaica,Midfield
186260,Yuya Kubo,1993.0,Japan,Midfield
186368,Valentino Lazaro,1996.0,Austria,Midfield
186383,Filip Lesniak,1996.0,Slovakia,Midfield
186557,Patrick Banggaard,1994.0,Denmark,Defender
186590,John Stones,1994.0,England,Defender
186644,Mohamed Elyounoussi,1994.0,Norway,Attack
186664,Alexis Rolín,1989.0,Uruguay,Defender
186796,Hicham Khaloua,1995.0,Morocco,Attack
186862,Enzo Roco,1992.0,Chile,Defender
186891,Álex Martínez,1990.0,Spain,Defender
186988,Sven Michel,1990.0,Germany,Attack
186997,Christian Atsu,1992.0,Ghana,Attack
187047,Simon Skrabb,1995.0,Finland,Attack
187090,Igor Bubnjic,1992.0,Croatia,Defender
187105,Mike van der Hoorn,1992.0,Netherlands,Defender
187245,Mitchell Dijks,1993.0,Netherlands,Defender
187285,Chris David,1993.0,Netherlands,Midfield
187392,Thomas Touré,1993.0,Cote d'Ivoire,Attack
187491,Timo Baumgartl,1996.0,Germany,Defender
187492,Julian Brandt,1996.0,Germany,Midfield
187496,Maurice Multhaup,1996.0,Germany,Attack
187499,Aaron Seydel,1996.0,Germany,Attack
187530,Leonardo Koutris,1995.0,Greece,Defender
187587,Ante Rebić,1993.0,Croatia,Attack
187624,Fabian Bredlow,1995.0,Germany,Goalkeeper
187674,Sergio Rodríguez,1992.0,Spain,Midfield
187759,Anderson Conceição,1989.0,Brazil,Defender
187847,Yassine Benzia,1994.0,Algeria,Midfield
187896,Luís Martins,1992.0,Portugal,Defender
188157,Sebastián Cristóforo,1993.0,Uruguay,Midfield
188335,Marko Bakic,1993.0,Montenegro,Midfield
188338,Luka Djordjevic,1994.0,Montenegro,Attack
188498,Brayan Perea,1993.0,Colombia,Attack
188501,Thibaut Vion,1993.0,France,Midfield
188651,Patrick Twumasi,1994.0,Ghana,Attack
188838,Bruno González,1990.0,Spain,Defender
188853,Alejandro Pozuelo,1991.0,Spain,Midfield
188854,Manu Trigueros,1991.0,Spain,Midfield
188862,Guillermo Varela,1993.0,Uruguay,Defender
188888,Sheraldo Becker,1995.0,Suriname,Attack
188930,Danijel Petkovic,1993.0,Montenegro,Goalkeeper
189070,Modou Barrow,1992.0,The Gambia,Attack
189073,Marcel Hartel,1996.0,Germany,Midfield
189283,Carlos Ascues,1992.0,Peru,Defender
189340,Gianluca Di Chiara,1993.0,Italy,Defender
189410,Rodrigo Aguirre,1994.0,Uruguay,Attack
189441,Lucas Ocampos,1994.0,Argentina,Attack
189452,Gastón Silva,1994.0,Uruguay,Defender
189453,Jonathan Silva,1994.0,Argentina,Defender
189458,Emiliano Velázquez,1994.0,Uruguay,Defender
189475,Carlos Gruezo,1995.0,Ecuador,Midfield
189525,Roberto Chen,1994.0,Panama,Defender
189735,Christian Bravo,1993.0,Chile,Attack
189740,Ángelo Henríquez,1994.0,Chile,Attack
189744,Paul Nardi,1994.0,France,Goalkeeper
189940,Florian Raspentino,1989.0,France,Attack
190206,Victor,1995.0,Brazil,Midfield
190263,Predrag Rajković,1995.0,Serbia,Goalkeeper
190269,Caleb Stanko,1993.0,United States,Midfield
190284,Maximilian Eggestein,1996.0,Germany,Midfield
190289,Gerrit Holtmann,1995.0,Philippines,Attack
190333,Farès Bahlouli,1995.0,France,Midfield
190338,Anthony Briançon,1994.0,France,Defender
190393,Corentin Tolisso,1994.0,France,Midfield
190634,Marko Pajac,1993.0,Croatia,Defender
190685,Bouna Sarr,1992.0,Senegal,Defender
190780,Emiliano Sala,1990.0,Argentina,Attack
190786,Baptiste Reynet,1990.0,France,Goalkeeper
190804,Uros Djurdjevic,1994.0,Montenegro,Attack
190831,Mats Møller Dæhli,1995.0,Norway,Midfield
190911,Khassa Camara,1992.0,Mauritania,Midfield
191056,Brice Samba,1994.0,France,Goalkeeper
191182,Benjamin Boulenger,1990.0,France,Defender
191217,Héctor Bellerín,1995.0,Spain,Defender
191407,Oussama Haddadi,1992.0,Tunisia,Defender
191422,Mahmoud Dahoud,1996.0,Syria,Midfield
191614,Fred,1993.0,Brazil,Midfield
191866,Charlie I'Anson,1993.0,England,Defender
191891,Arkadiusz Milik,1994.0,Poland,Attack
191895,Rafał Kurzawa,1993.0,Poland,Midfield
191903,Ferjani Sassi,1992.0,Tunisia,Midfield
191987,Edgar Ié,1994.0,Guinea-Bissau,Defender
192009,Unai López,1995.0,Spain,Midfield
192080,Nick Pope,1992.0,England,Goalkeeper
192167,Mohamed Dräger,1996.0,Tunisia,Defender
192169,Jonas Föhrenbach,1996.0,Germany,Defender
192266,Tolcay Cigerci,1995.0,Turkey,Midfield
192279,Kepa Arrizabalaga,1994.0,Spain,Goalkeeper
192294,Mohamed Gouaida,1993.0,Tunisia,Midfield
192300,Max Christiansen,1996.0,Germany,Midfield
192347,John Jairo Ruiz,1994.0,Costa Rica,Attack
192492,Jordan Lefort,1993.0,Mauritania,Defender
192565,Leroy Sané,1996.0,Germany,Attack
192611,Joel Pereira,1996.0,Portugal,Goalkeeper
192616,Ulisses Garcia,1996.0,Switzerland,Defender
192635,Nico Elvedi,1996.0,Switzerland,Defender
192637,Anto Grgic,1996.0,Switzerland,Midfield
192638,Nicolas Haas,1996.0,Switzerland,Midfield
192735,Stanislav Lobotka,1994.0,Slovakia,Midfield
192736,Sabin Merino,1992.0,Spain,Attack
192765,Ben Davies,1993.0,Wales,Defender
192774,Moussa Konaté,1993.0,Senegal,Attack
192875,William Troost-Ekong,1993.0,Nigeria,Defender
192886,Charles-Élie Laprevotte,1992.0,France,Midfield
193004,Waldemar Anton,1996.0,Germany,Defender
193006,Mike-Steven Bähre,1995.0,Germany,Midfield
193033,Tim Kleindienst,1995.0,Germany,Attack
193050,Valmir Sulejmani,1996.0,Kosovo,Attack
193098,Álex Moreno,1993.0,Spain,Defender
193116,John McGinn,1994.0,Scotland,Midfield
193130,Rachid Alioui,1992.0,Morocco,Attack
193142,Mathieu Michel,1991.0,France,Goalkeeper
193153,Fahad Al-Muwallad,1994.0,Saudi Arabia,Attack
193469,Björn Engels,1994.0,Belgium,Defender
193515,Nabil Ghilas,1990.0,Algeria,Attack
193584,Abdoulaye Sané,1992.0,Senegal,Attack
193593,Jon Toral,1995.0,Spain,Midfield
193782,Lucas Alario,1992.0,Argentina,Attack
193784,Carlos Clerc,1992.0,Spain,Defender
193830,Iuri Medeiros,1994.0,Portugal,Attack
193859,Patrick Erras,1995.0,Germany,Defender
193867,Liam Henderson,1996.0,Scotland,Midfield
193877,Pascal Köpke,1995.0,Germany,Attack
193900,Marius Wolf,1995.0,Germany,Defender
193938,Diego Rolán,1993.0,Uruguay,Attack
194218,Yeltsin Tejeda,1992.0,Costa Rica,Midfield
194460,Joe Bryan,1993.0,England,Defender
194549,Simy,1992.0,Nigeria,Attack
194638,Renato Steffen,1991.0,Switzerland,Attack
195002,Álvaro Ampuero,1992.0,Peru,Defender
195051,Gianluca Gaudino,1996.0,Germany,Midfield
195171,Samu Castillejo,1995.0,Spain,Attack
195199,Aniello Salzano,1991.0,Italy,Midfield
195246,Pascal Stenzel,1996.0,Germany,Defender
195332,Salem Al-Dawsari,1991.0,Saudi Arabia,Attack
195488,Paulo Gazzaniga,1992.0,Argentina,Goalkeeper
195605,José Pozo,1996.0,Spain,Midfield
195633,Charlie Taylor,1993.0,England,Defender
195652,Jordon Ibe,1995.0,England,Attack
195676,Ole Käuper,1997.0,Germany,Midfield
195680,Joe Ralls,1993.0,England,Midfield
195736,Florian Grillitsch,1995.0,Austria,Midfield
195778,Alexander Nübel,1996.0,Germany,Goalkeeper
195781,Mirnes Pepic,1995.0,Montenegro,Midfield
195782,Felix Platte,1996.0,Germany,Attack
195810,Bastos,1991.0,Angola,Defender
195906,Albian Ajeti,1997.0,Switzerland,Attack
196095,Luca Waldschmidt,1996.0,Germany,Attack
196227,Donis Avdijaj,1996.0,Kosovo,Attack
196231,Marvin Friedrich,1995.0,Germany,Defender
196316,Adam Mitchell,1994.0,England,Attack
196357,Jonathan Tah,1996.0,Germany,Defender
196382,Marius Gersbeck,1995.0,Germany,Goalkeeper
196435,Saidy Janko,1995.0,The Gambia,Defender
196522,Dwight Gayle,1989.0,England,Attack
196524,Sinan Gümüş,1994.0,Türkiye,Attack
196770,Joel Gerezgiher,1995.0,Germany,Midfield
196792,Julian Weigl,1995.0,Germany,Midfield
196815,Joshua Mees,1996.0,Germany,Attack
196829,Timon Wellenreuther,1995.0,Germany,Goalkeeper
196834,David Kinsombi,1995.0,Germany,Midfield
196836,Devante Parker,1996.0,Germany,Attack
196948,Andreas Christensen,1996.0,Denmark,Defender
197122,Unai García,1992.0,Spain,Defender
197126,Kenan Kodro,1993.0,Bosnia-Herzegovina,Attack
197131,Marco Sangalli,1992.0,Spain,Attack
197135,Joseba Zaldua,1992.0,Spain,Defender
197300,Federico Bernardeschi,1994.0,Italy,Attack
197333,Rubén Bentancourt,1993.0,Uruguay,Attack
197470,Mattia Caldara,1994.0,Italy,Defender
197471,Roberto Gagliardini,1994.0,Italy,Midfield
197473,Alberto Grassi,1995.0,Italy,Midfield
197482,Antonio Palma,1994.0,Italy,Midfield
197491,Alex Ferrari,1994.0,Italy,Defender
197545,Ander Capa,1992.0,Spain,Defender
197576,Maikel Mesa,1991.0,Spain,Midfield
197602,Rúben Semedo,1994.0,Portugal,Defender
197642,Chuba Akpom,1995.0,England,Attack
197693,John Swift,1995.0,England,Midfield
197743,Filippo Costa,1995.0,Italy,Defender
197744,Nicolò Fazzi,1995.0,Italy,Midfield
197745,Riccardo Fiamozzi,1993.0,Italy,Defender
197747,Alessio Romagnoli,1995.0,Italy,Defender
197751,Alberto Cerri,1996.0,Italy,Attack
197838,Jamie Vardy,1987.0,England,Attack
197857,Adama Ba,1993.0,Mauritania,Midfield
197860,Pedro Rebocho,1995.0,Portugal,Defender
197929,Ivan Provedel,1994.0,Italy,Goalkeeper
198006,Rafa Soares,1995.0,Portugal,Defender
198008,André Silva,1995.0,Portugal,Attack
198027,Jean Deza,1993.0,Peru,Attack
198047,Cristian Gómez,1989.0,Spain,Midfield
198067,Filip Helander,1993.0,Sweden,Defender
198086,Federico Ricci,1994.0,Italy,Attack
198116,Federico Dimarco,1997.0,Italy,Defender
198400,Richard Boateng Welbeck,1992.0,Ghana,Midfield
198473,Kevin Mayi,1993.0,Gabon,Attack
198495,Tokelo Rantie,1990.0,South Africa,Attack
198513,Muamer Tankovic,1995.0,Sweden,Attack
198529,Wilfried Zahibo,1993.0,Central African Republic,Midfield
198589,Lewis Baker,1995.0,England,Midfield
198613,Stefan Simic,1995.0,Czech Republic,Defender
198619,Nadjib Baouia,1992.0,Algeria,Attack
198709,Cédric Hountondji,1994.0,Benin,Defender
198728,Hadi Sacko,1994.0,Mali,Attack
198976,Abou Diop,1993.0,Senegal,Attack
199132,Nono,1993.0,Spain,Midfield
199134,Carlos García,1993.0,Spain,Midfield
199243,Kingsley Boateng,1994.0,Italy,Attack
199248,Bryan Cristante,1995.0,Italy,Midfield
199258,Andrea Petagna,1995.0,Italy,Attack
199274,Mattia Sprocati,1993.0,Italy,Attack
199321,Rubén Blanco,1995.0,Spain,Goalkeeper
199330,Antonio Cotán,1995.0,Spain,Midfield
199369,Sandro Ramírez,1995.0,Spain,Attack
199527,Jacob Murphy,1995.0,England,Attack
199528,Josh Murphy,1995.0,England,Attack
199633,Raman Chibsah,1993.0,Ghana,Midfield
199704,Yunis Abdelhamid,1987.0,Morocco,Defender
199733,Danilo Cataldi,1994.0,Italy,Midfield
199758,Simone Caruso,1994.0,Italy,Attack
199763,Sergio Garufi,1995.0,Italy,Midfield
199927,Davide Biraschi,1994.0,Italy,Defender
199941,Andrea Beghetto,1994.0,Italy,Defender
199976,Marco Sportiello,1992.0,Italy,Goalkeeper
200056,Elseid Hysaj,1994.0,Albania,Defender
200127,Timothée Dieng,1992.0,France,Midfield
200174,Roberto Insigne,1994.0,Italy,Attack
200185,Marco Vittiglio,1994.0,Italy,Defender
200188,Mattia Aramu,1995.0,Italy,Midfield
200194,Federico Mattiello,1995.0,Italy,Defender
200320,Kevin Koubemba,1993.0,Congo,Attack
200512,Sadio Mané,1992.0,Senegal,Attack
200525,Florian Julien,1993.0,France,Defender
200558,Petros,1989.0,Brazil,Midfield
200612,Pol Freixanet,1991.0,Spain,Goalkeeper
200777,Alex Pritchard,1993.0,England,Midfield
200782,Kevin Stewart,1993.0,Jamaica,Midfield
201040,Marco Benassi,1994.0,Italy,Midfield
201135,Leon Guwara,1996.0,The Gambia,Defender
201311,Isaac Kiese Thelin,1992.0,Sweden,Attack
201497,Nicolaj Thomsen,1993.0,Denmark,Midfield
201574,Angus Gunn,1996.0,Scotland,Goalkeeper
201734,Mamadou Kanoute,1993.0,Senegal,Attack
201737,Christopher Jullien,1993.0,Guadeloupe,Defender
201861,Juan Carlos Real,1991.0,Spain,Midfield
202035,Juan Falcón,1989.0,Venezuela,Attack
202228,Milos Veljkovic,1995.0,Serbia,Defender
202278,Flavien Tait,1993.0,France,Midfield
202318,Farid Boulaya,1993.0,Algeria,Midfield
202591,Benjamin Henrichs,1997.0,Germany,Defender
202886,Ruben Loftus-Cheek,1996.0,England,Midfield
202925,Bård Finne,1995.0,Norway,Attack
202979,Gennaro Tutino,1996.0,Italy,Attack
202984,Roque Mesa,1989.0,Spain,Midfield
203026,Danny Ward,1993.0,Wales,Goalkeeper
203043,Pedro Bigas,1990.0,Spain,Defender
203055,Marco Iannascoli,1994.0,Italy,Midfield
203057,David Mbodj Mbaye,1994.0,Senegal,Defender
203108,Christian Alfonso,1989.0,Spain,Midfield
203324,Christophe Vincent,1992.0,France,Midfield
203348,Chancel Mbemba,1994.0,DR Congo,Defender
203378,Zakaria Bakkali,1996.0,Belgium,Attack
203394,Andreas Pereira,1996.0,Brazil,Midfield
203412,Andreas Cornelius,1993.0,Denmark,Attack
203460,Jack Grealish,1995.0,England,Attack
203464,Jamar Loza,1994.0,Jamaica,Attack
203470,Zana Allée,1994.0,France,Attack
203496,Nabil Fekir,1993.0,France,Midfield
203504,Pierre-Yves Hamel,1994.0,France,Attack
203507,Adrien Hunou,1994.0,France,Attack
203516,Nuke Mfulu,1994.0,DR Congo,Midfield
203517,Steven Moreira,1994.0,Cape Verde,Defender
203532,Naby Sarr,1993.0,Senegal,Defender
203540,Amos Youga,1992.0,Central African Republic,Midfield
203617,Rodri Tarín,1996.0,Spain,Defender
203655,Cafú,1993.0,Portugal,Midfield
203746,Ruben Aguilar,1993.0,France,Defender
203764,Pierre-Yves Polomat,1993.0,Martinique,Defender
203778,Iván López,1993.0,Spain,Defender
203784,Dominic Samuel,1994.0,,Attack
203853,Oleksandr Zinchenko,1996.0,Ukraine,Defender
204069,Milan Škriniar,1995.0,Slovakia,Defender
204097,Juanan Entrena,1996.0,Spain,Attack
204102,Xavi Quintillà,1996.0,Spain,Defender
204103,Adama Traoré,1996.0,Spain,Attack
204195,Mayoro N'Doye,1991.0,Senegal,Midfield
204198,Romain Saïss,1990.0,Morocco,Defender
204294,Saman Ghoddos,1993.0,Iran,Midfield
204347,Larry Azouni,1994.0,Tunisia,Midfield
204354,Adam Campbell,1995.0,England,Attack
204585,Joseph Lopy,1992.0,Senegal,Midfield
205006,Rick Karsdorp,1995.0,Netherlands,Defender
205023,Rai Vloet,1995.0,Netherlands,Midfield
205054,Norbert Gyömbér,1992.0,Slovakia,Defender
205179,Jádson,1993.0,Brazil,Midfield
205465,Marc-Aurèle Caillard,1994.0,France,Goalkeeper
205497,Tobias Badila,1993.0,Congo,Defender
205503,Ibrahim Amadou,1993.0,France,Midfield
205519,Karim Coulibaly,1993.0,France,Attack
205550,Marco Ilaimaharitra,1995.0,Madagascar,Midfield
205562,Thomas Lemar,1995.0,France,Midfield
205569,Mickaël Malsa,1995.0,Martinique,Midfield
205587,Opa Nguette,1994.0,Senegal,Attack
205646,Florent Zitte,1993.0,France,Attack
205657,Rúnar Alex Rúnarsson,1995.0,Iceland,Goalkeeper
205677,Luca Garritano,1994.0,Italy,Midfield
205809,Marcus Rohdén,1991.0,Sweden,Midfield
205938,Mario Pašalić,1995.0,Croatia,Midfield
205940,Marko Pjaca,1995.0,Croatia,Attack
206040,Raúl Jiménez,1991.0,Mexico,Attack
206050,Paulo Dybala,1993.0,Argentina,Attack
206225,Isaac Hayden,1995.0,Jamaica,Midfield
206386,Tin Jedvaj,1995.0,Croatia,Defender
206542,Robin Quaison,1993.0,Sweden,Attack
206746,Kenny Tete,1995.0,Netherlands,Defender
206808,Janis Ikaunieks,1995.0,Latvia,Midfield
206912,Jimmy Cabot,1994.0,France,Midfield
206947,Kévin Rodrigues,1994.0,Portugal,Defender
207006,Joshua Brenet,1994.0,Curacao,Defender
207014,Will Hughes,1995.0,England,Midfield
207015,Vincent Janssen,1994.0,Netherlands,Attack
207037,Dan Potts,1994.0,England,Defender
207302,Sergio Rico,1993.0,Spain,Goalkeeper
207578,Max Besuschkow,1997.0,Germany,Midfield
207590,Justin Möbius,1997.0,Germany,Midfield
207592,Philipp Ochs,1997.0,Germany,Attack
207597,Cedric Teuchert,1997.0,Germany,Attack
207715,Ibrahima Mbaye,1994.0,Senegal,Defender
207834,Yassine Bounou,1991.0,Morocco,Goalkeeper
207877,Ruslan Malinovskyi,1993.0,Ukraine,Midfield
207917,Alberto Moreno,1992.0,Spain,Defender
207922,Luismi Sánchez,1992.0,Spain,Midfield
207924,Jozabed Sánchez,1991.0,Spain,Midfield
207929,Dele Alli,1996.0,England,Midfield
207943,Joakim Olausson,1995.0,Sweden,Midfield
208116,Curro Sánchez,1996.0,Spain,Attack
208166,Bartłomiej Drągowski,1997.0,Poland,Goalkeeper
208167,Dawid Kownacki,1997.0,Poland,Attack
208244,Brendan Galloway,1996.0,Zimbabwe,Defender
208542,Stef Peeters,1992.0,Belgium,Midfield
208690,George Pușcaș,1996.0,Romania,Attack
208715,Fredy Hinestroza,1990.0,Colombia,Attack
208890,Samu García,1990.0,Spain,Attack
208905,Stefan Silva,1990.0,Sweden,Attack
209048,Luca Checchin,1997.0,Italy,Midfield
209212,Solly March,1994.0,England,Attack
209513,Igor Lichnovsky,1994.0,Chile,Defender
209649,Alexandru Mitriță,1995.0,Romania,Attack
209686,Ahmet Arslan,1994.0,Türkiye,Midfield
209781,Oumar Niasse,1990.0,Senegal,Attack
209936,Ettore Gliozzi,1995.0,Italy,Attack
210081,Didier Ndong,1994.0,Gabon,Midfield
210142,Charlie Took,1993.0,Cameroon,Defender
210143,Álex Gallar,1992.0,Spain,Attack
210153,Alberto Martín,1989.0,Spain,Midfield
210363,Mariusz Stępiński,1995.0,Poland,Attack
211251,Darwin Machís,1993.0,Venezuela,Attack
211325,Badou Ndiaye,1990.0,Senegal,Midfield
211395,Mauricio Cuero,1993.0,Colombia,Attack
211397,Miguel Borja,1993.0,Colombia,Attack
211722,Abel Khaled,1992.0,Algeria,Attack
212391,Roger Martí,1991.0,Spain,Attack
212420,Nathan Sinkala,1990.0,Zambia,Midfield
212718,Dimitri Oberlin,1997.0,Switzerland,Attack
212723,Djibril Sow,1997.0,Switzerland,Midfield
212829,Jack O'Connell,1994.0,England,Defender
212847,Adam Webster,1995.0,England,Defender
212862,Álex Remiro,1995.0,Spain,Goalkeeper
212867,Fran Varela,1994.0,Spain,Defender
212899,Filipe Augusto,1993.0,Brazil,Midfield
212937,Alexy Bosetti,1993.0,France,Attack
213052,Jimmy Giraudon,1992.0,France,Defender
213260,Rubén García,1993.0,Spain,Attack
213268,Alireza Jahanbakhsh,1993.0,Iran,Attack
213368,Pedro Henrique,1990.0,Brazil,Attack
213590,Federico Freire,1990.0,Argentina,Midfield
213595,Juanjo Narváez,1995.0,Colombia,Attack
213614,Jhon Chancellor,1992.0,Venezuela,Defender
213670,Lucas Torró,1994.0,Spain,Midfield
213751,Sebastian Schonlau,1994.0,Germany,Defender
213841,Matheus Dória,1994.0,Brazil,Defender
213911,Antonio Loi,1996.0,Italy,Attack
214056,Daniel Amartey,1994.0,Ghana,Defender
214104,James Wilson,1995.0,England,Attack
214219,Diacko Fofana,1994.0,France,Defender
214316,Luciano Vietto,1993.0,Argentina,Attack
214346,Virgil Misidjan,1993.0,Suriname,Midfield
214532,Pierrick Capelle,1987.0,France,Midfield
214576,Giovanbattista Catalano,1994.0,Italy,Attack
214666,Connor Roberts,1995.0,Wales,Defender
214770,Borja López,1994.0,Spain,Defender
214775,Óliver Torres,1994.0,Spain,Midfield
215089,Djavan Anderson,1995.0,Suriname,Defender
215099,Daley Sinkgraven,1995.0,Netherlands,Defender
215114,Thomas Foket,1994.0,Belgium,Defender
215118,Calum Chambers,1995.0,England,Defender
215390,Gustavo Gómez,1993.0,Paraguay,Defender
215528,Joseph Barbato,1994.0,France,Attack
215599,Lukas Klostermann,1996.0,Germany,Defender
215616,Erick Pulgar,1994.0,Chile,Midfield
215652,Rafidine Abdullah,1994.0,Comoros,Midfield
215653,Baptiste Aloé,1994.0,France,Defender
215677,Mouez Hassen,1995.0,Tunisia,Goalkeeper
215679,Georges-Kevin N'Koudou,1995.0,Cameroon,Attack
215686,Rémi Walter,1995.0,France,Midfield
215864,Mijat Gacinovic,1995.0,Serbia,Midfield
215876,Ricardo Pereira,1993.0,Portugal,Defender
215977,Adrien Thomasson,1993.0,France,Midfield
216179,Stefano Sensi,1995.0,Italy,Midfield
216181,Almamy Touré,1996.0,,Defender
216240,Lucas Olaza,1994.0,Uruguay,Defender
216259,Lucas Souza,1990.0,Brazil,Midfield
216375,Felipe Avenatti,1993.0,Uruguay,Attack
216426,Julio Tavarès,1988.0,Cape Verde,Attack
216443,Riechedly Bazoer,1996.0,Curacao,Defender
216463,Imoh Ezekiel,1993.0,Nigeria,Attack
216464,Carlos Fernández,1996.0,Spain,Attack
216499,Fouad Chafik,1986.0,Morocco,Defender
216508,Rodéric Filippi,1989.0,France,Defender
216569,Jérémie Boga,1997.0,Cote d'Ivoire,Attack
216597,Batuhan Altintas,1996.0,Turkey,Attack
216714,Gerónimo Poblete,1993.0,Argentina,Midfield
216870,Nacho Vidal,1995.0,Spain,Defender
216872,Francesco Zampano,1993.0,Italy,Midfield
217115,Neal Maupay,1996.0,France,Attack
217144,Aleix Febas,1996.0,Spain,Midfield
217149,Antonio Marín,1996.0,Spain,Defender
217285,Filip Kusic,1996.0,Germany,Defender
217593,Todor Nedelev,1993.0,Bulgaria,Midfield
217684,Jung-bin Park,1994.0,"Korea, South",Attack
217728,Alexander Szymanowski,1988.0,Argentina,Attack
217886,Óscar Romero,1992.0,Paraguay,Midfield
218011,Florian Kath,1994.0,Germany,Attack
218058,Fakhreddine Ben Youssef,1991.0,Tunisia,Attack
218067,Jacopo Petriccione,1995.0,Italy,Midfield
218087,Ben Osborn,1994.0,England,Midfield
218118,Lucas Silva,1993.0,Brazil,Midfield
218140,George Honeyman,1994.0,England,Midfield
218144,Mikael Mandron,1994.0,France,Attack
218299,Jan Kliment,1993.0,Czech Republic,Attack
218306,César Falletti,1992.0,Uruguay,Midfield
220656,László Kleinheisler,1994.0,Hungary,Midfield
220755,Matthew Pennington,1994.0,England,Defender
220793,Douglas Santos,1994.0,Brazil,Defender
220805,Abdelkader Oueslati,1991.0,Tunisia,Midfield
220878,Issiaga Sylla,1994.0,Guinea,Defender
221025,André Gomes,1993.0,Portugal,Midfield
221076,Bobley Anderson,1992.0,Cote d'Ivoire,Midfield
221150,Dakonam Djené,1991.0,Togo,Defender
221309,Óscar Plano,1991.0,Spain,Attack
221315,Kevin Vázquez,1993.0,Spain,Defender
221316,Lucas Vázquez,1991.0,Spain,Defender
221321,Joaquín Fernández,1996.0,Spain,Defender
221322,José Gayà,1995.0,Spain,Defender
221540,Kiril Despodov,1996.0,Bulgaria,Attack
221611,Paulo Otávio,1994.0,Brazil,Defender
221624,Zack Steffen,1995.0,United States,Goalkeeper
221658,Álex Rubio,1993.0,Spain,Attack
221815,Constantin Nica,1993.0,Romania,Defender
221899,Léo Baptistão,1992.0,Brazil,Attack
221986,Héctor Hernández,1991.0,Spain,Defender
222209,Thomas Strakosha,1995.0,Albania,Goalkeeper
222223,Marko Jankovic,1995.0,Montenegro,Midfield
222571,Ramiro Guerra,1997.0,Uruguay,Midfield
222813,Marko Grujić,1996.0,Serbia,Midfield
222859,Florent Mollet,1991.0,France,Midfield
222876,Arbër Zeneli,1995.0,Kosovo,Attack
223047,Emerson Hyndman,1996.0,United States,Midfield
223053,Quini,1989.0,Spain,Defender
223068,Tana,1990.0,Spain,Midfield
223441,Ejike Uzoenyi,1992.0,Nigeria,Attack
223560,Luciano,1993.0,Brazil,Attack
223572,Kai Pröger,1992.0,Germany,Attack
223725,Munir El Haddadi,1995.0,Morocco,Midfield
223779,Mario Arqués,1992.0,Spain,Midfield
223781,Néstor Díaz,1992.0,Spain,Goalkeeper
223890,Rober Correa,1992.0,Spain,Defender
223967,Konrad Laimer,1997.0,Austria,Defender
223974,Stefan Posch,1997.0,Austria,Defender
223979,Xaver Schlager,1997.0,Austria,Midfield
224088,Olivier Ntcham,1996.0,Cameroon,Midfield
224884,Abdul Rahman Baba,1994.0,Ghana,Defender
225004,Valentín Vada,1996.0,Argentina,Midfield
225015,Carlos Akapo,1993.0,Equatorial Guinea,Defender
225020,Mariano Díaz,1993.0,Dominican Republic,Attack
225055,Jean-Pierre Nsame,1993.0,Cameroon,Attack
225083,N'Golo Kanté,1991.0,France,Midfield
225122,Gonçalo Guedes,1996.0,Portugal,Attack
225161,Rúben Neves,1997.0,Portugal,Midfield
225335,Wallace,1994.0,Brazil,Defender
225452,Patrick Roberts,1997.0,England,Attack
225462,José Mari,1987.0,Spain,Midfield
225591,Antonio Mance,1995.0,Croatia,Attack
225593,Pere Milla,1992.0,Spain,Attack
225657,Philipp Lienhart,1996.0,Austria,Defender
225693,Fabinho,1993.0,Brazil,Midfield
225873,Karol Linetty,1995.0,Poland,Midfield
225874,Igor Lasicki,1995.0,Poland,Defender
225984,Matheus Pereira,1996.0,Brazil,Midfield
226005,Franco Fragapane,1993.0,Argentina,Attack
226006,Emanuel Insúa,1991.0,Argentina,Defender
226009,Cléber Reis,1990.0,Brazil,Defender
226012,David Soria,1993.0,Spain,Goalkeeper
226025,Luca Mazzitelli,1995.0,Italy,Midfield
226074,Alen Halilovic,1996.0,Croatia,Midfield
226085,Robert Muric,1996.0,Croatia,Attack
226093,Lorenco Simic,1996.0,Croatia,Defender
226273,Bryan Constant,1994.0,France,Attack
226276,Najib Gandi,1994.0,France,Midfield
226288,Lucas Rougeaux,1994.0,France,Defender
226450,Iver Fossum,1996.0,Norway,Midfield
226524,Morten Thorsby,1996.0,Norway,Midfield
226964,Dominic Gape,1994.0,England,Midfield
226965,Lloyd Isgrove,1993.0,Wales,Attack
226968,Sam McQueen,1995.0,England,Defender
226973,Harrison Reed,1995.0,England,Midfield
227081,Joaquín Correa,1994.0,Argentina,Attack
227085,Jonas Hofmann,1997.0,Germany,Midfield
227087,Patrick Kammerbauer,1997.0,Germany,Midfield
227102,Fabian Reese,1997.0,Germany,Attack
227110,Jordan Torunarigha,1997.0,Nigeria,Defender
227183,Sam Gallagher,1995.0,England,Attack
227185,Jason McCarthy,1995.0,England,Defender
227240,Jules Iloki,1992.0,France,Midfield
227356,Fabien Dao Castellana,1993.0,France,Midfield
227805,Jaume Doménech,1990.0,Spain,Goalkeeper
227961,Jaime Mata,1988.0,Spain,Attack
227965,Rubén Ramiro,1993.0,Spain,Attack
227967,Francisco Rodríguez,1995.0,Switzerland,Midfield
227974,Ba-Muaka Simakala,1997.0,Germany,Attack
228433,Wendell,1993.0,Brazil,Defender
228434,Jordan N'Kololo,1992.0,DR Congo,Attack
228584,David Simón,1988.0,Spain,Defender
228604,Luca Crecco,1995.0,Italy,Midfield
228645,Wout Weghorst,1992.0,Netherlands,Attack
228761,Jony,1991.0,Spain,Attack
228891,Jordan Adéoti,1989.0,Benin,Midfield
228900,David Djigla,1995.0,Benin,Midfield
228917,Jorge Miramón,1989.0,Spain,Defender
228948,Thilo Kehrer,1996.0,Germany,Defender
228975,Julian Pollersbeck,1994.0,Germany,Goalkeeper
228999,Alexis Alégué,1996.0,Cameroon,Attack
229004,Moussa Dembélé,1996.0,France,Attack
229005,Abdou Diallo,1996.0,Senegal,Defender
229006,Franck Honorat,1996.0,France,Attack
229007,Lyes Houri,1996.0,France,Midfield
229604,Gerónimo Rulli,1992.0,Argentina,Goalkeeper
229695,Bersant Celina,1996.0,Kosovo,Midfield
229804,Aritz Elustondo,1994.0,Spain,Defender
229817,Ali Sowe,1994.0,The Gambia,Attack
229826,Elliot Lee,1994.0,England,Midfield
229853,Birama Touré,1992.0,Mali,Midfield
229970,Tom Lawrence,1994.0,Wales,Midfield
230058,Ricardo Centurión,1993.0,Argentina,Attack
230066,Adama Mbengue,1993.0,Senegal,Defender
230166,Haitam Aleesami,1991.0,Norway,Defender
230210,Lolo Plá,1993.0,Spain,Attack
230221,Christian Kouakou,1991.0,Cote d'Ivoire,Attack
230222,Álvaro Lemos,1993.0,Spain,Defender
230457,Bruno Gaspar,1993.0,Angola,Defender
230485,Modesto,1994.0,Spain,Defender
230541,Yoshinori Muto,1992.0,Japan,Attack
230552,Diego Laxalt,1993.0,Uruguay,Defender
230611,Matteo Mancosu,1984.0,Italy,Attack
230784,Thomas Partey,1993.0,Ghana,Midfield
230895,Alberto Guitián,1990.0,Spain,Defender
231011,Brandon Deville,1993.0,Belgium,Midfield
231025,Jordan Marié,1991.0,France,Midfield
231378,Timo Letschert,1993.0,Netherlands,Defender
231381,Andrea Fulignati,1994.0,Italy,Goalkeeper
231572,Nélson Semedo,1993.0,Portugal,Defender
231586,Jannes Horn,1997.0,Germany,Defender
231614,Gilberto,1993.0,Brazil,Defender
231916,Anthony Belmonte,1995.0,,Midfield
231941,Khalid Boutaïb,1987.0,Morocco,Attack
232144,Milos Pantovic,1996.0,Serbia,Midfield
232271,Sofiane Boufal,1993.0,Morocco,Midfield
232418,Ondrej Duda,1994.0,Slovakia,Midfield
232454,Nadiem Amiri,1996.0,Germany,Midfield
232854,Abdallah Ndour,1993.0,Senegal,Defender
232859,Cristian Benavente,1994.0,Peru,Midfield
232895,Zinedine Ferhat,1993.0,Algeria,Attack
233124,Kortney Hause,1995.0,England,Defender
233654,Francesco Fedato,1992.0,Italy,Attack
233782,Aïssa Laïdouni,1996.0,Tunisia,Midfield
233998,Freddie Ladapo,1993.0,England,Attack
234006,Keagan Dolly,1993.0,South Africa,Attack
234029,Grischa Prömel,1995.0,Germany,Midfield
234189,Trezeguet,1994.0,Egypt,Attack
234193,Birger Verstraete,1994.0,Belgium,Midfield
234249,Federico Andrada,1994.0,Argentina,Attack
234375,Emil Berggreen,1993.0,Denmark,Attack
234523,Antonio Sanabria,1996.0,Paraguay,Attack
234625,Andersson Ordóñez,1994.0,Ecuador,Defender
234781,Maxwel Cornet,1996.0,Cote d'Ivoire,Attack
234802,Renaud Ripart,1993.0,,Attack
234803,Andrew Robertson,1994.0,Scotland,Defender
234811,Rui Silva,1994.0,Portugal,Goalkeeper
234880,Lorenzo Andrenacci,1995.0,Italy,Goalkeeper
235371,Fynn Arkenberg,1996.0,Germany,Defender
235412,Jawad El Yamiq,1992.0,Morocco,Defender
235413,Jaromir Zmrhal,1993.0,Czech Republic,Midfield
235540,Oussama Tannane,1994.0,Morocco,Midfield
235931,Alessandro Deiola,1995.0,Italy,Midfield
236041,Alexis Blin,1996.0,France,Midfield
236045,Denis Bouanga,1994.0,Gabon,Attack
236202,Wanderson,1994.0,Brazil,Attack
236400,Léo Dubois,1994.0,France,Defender
236414,Valentin Lavigne,1994.0,France,Attack
236490,Ola Aina,1996.0,Nigeria,Defender
236510,Sheyi Ojo,1997.0,England,Attack
236513,Jerome Sinclair,1996.0,England,Attack
236734,Axel Werner,1996.0,Argentina,Goalkeeper
236783,Albert Rafetraniaina,1996.0,Madagascar,Midfield
236953,Sam Byram,1993.0,England,Defender
236956,Soufiane Chakla,1993.0,Morocco,Defender
236981,Timo Hübers,1996.0,Germany,Defender
237000,Afonso Figueiredo,1993.0,Portugal,Defender
237125,Famara Diédhiou,1992.0,Senegal,Attack
237162,Matthias Bader,1997.0,Germany,Defender
237164,Ihlas Bebou,1994.0,Togo,Attack
237456,Mehdi Fennouche,1993.0,Algeria,Attack
237466,Dany Maury,1994.0,France,Defender
237499,Aleksandar Sedlar,1991.0,Serbia,Defender
237617,Cristian Herrera,1991.0,Spain,Attack
237662,Breel Embolo,1997.0,Switzerland,Attack
237669,Dereck Kutesa,1997.0,Switzerland,Attack
237732,Leandro Putaro,1997.0,Germany,Attack
238032,Andrés Prieto,1993.0,Spain,Goalkeeper
238185,Rhys Healey,1994.0,England,Attack
238223,Ederson,1993.0,Brazil,Goalkeeper
238266,Duje Caleta-Car,1996.0,Croatia,Defender
238291,Fabrice Olinga,1996.0,Cameroon,Attack
238407,Alexander Sørloth,1995.0,Norway,Attack
238486,Filip Bradaric,1992.0,Croatia,Midfield
238537,Wladimiro Falcone,1995.0,Italy,Goalkeeper
238584,Mehdi Tahrat,1990.0,Algeria,Defender
238585,Declan John,1995.0,Wales,Defender
238626,Laurent Abergel,1993.0,France,Midfield
238628,Fabrice Apruzesse,1985.0,France,Attack
238630,Quentin Cornette,1994.0,France,Attack
238639,Steve Mounié,1994.0,Benin,Attack
238716,Théo Pellenard,1994.0,France,Defender
238717,Pablo Pérez,1993.0,Spain,Midfield
238720,Jérôme Prior,1995.0,France,Goalkeeper
238752,Keita Baldé,1995.0,Senegal,Attack
238809,Florent Hadergjonaj,1994.0,Kosovo,Midfield
238865,Eddy Israfilov,1992.0,Azerbaijan,Midfield
238868,Rubén Peña,1991.0,Spain,Defender
238947,Elio Capradossi,1996.0,Uganda,Defender
238951,Davide Di Molfetta,1996.0,Italy,Attack
238977,Gabriele Moncini,1996.0,Italy,Attack
238981,Vittorio Parigini,1996.0,Italy,Attack
238993,Simone Scuffet,1996.0,Italy,Goalkeeper
239570,Deian Boldor,1995.0,Romania,Defender
239802,Adam Marusic,1992.0,Montenegro,Defender
239941,Lukas Haraslin,1996.0,Slovakia,Attack
239962,Denis Vavro,1996.0,Slovakia,Defender
239972,Jonas Carls,1997.0,Germany,Defender
240039,Dani Pinillos,1992.0,Spain,Defender
240077,Daniele Bartolini,1995.0,Italy,Midfield
240158,Francesco Vicari,1994.0,Italy,Defender
240197,Isaac Donkor,1995.0,Ghana,Defender
240219,Lorenzo Venuti,1995.0,Italy,Defender
240244,Cristian Dell'Orco,1994.0,Italy,Defender
240260,Franjo Prce,1996.0,Croatia,Defender
240306,Bruno Fernandes,1994.0,Portugal,Midfield
240349,Cristiano Lombardi,1995.0,Italy,Attack
240365,Michele Somma,1995.0,Italy,Defender
240408,Samúel Fridjónsson,1996.0,Iceland,Midfield
240414,Alex Meret,1997.0,Italy,Goalkeeper
240415,Leonardo Morosini,1995.0,Italy,Attack
240497,Moryké Fofana,1991.0,Cote d'Ivoire,Attack
240692,Reinildo Mandava,1994.0,Mozambique,Defender
240786,Riccardo Gagliolo,1990.0,Sweden,Defender
240889,Anas Ouahim,1997.0,Morocco,Midfield
240892,Bongani Zungu,1992.0,South Africa,Midfield
240897,Arturo Calabresi,1996.0,Italy,Defender
240900,Matías Kranevitter,1993.0,Argentina,Midfield
240955,Mattia Lombardo,1995.0,Italy,Midfield
240958,José Mauri,1996.0,Italy,Midfield
241109,Aristote Madiani,1995.0,France,Attack
241119,Clinton N'Jie,1993.0,Cameroon,Attack
241162,Jean-Landry Bassilekin,1993.0,Cameroon,Attack
241229,Jordan Amavi,1994.0,France,Defender
241231,Yoan Cardinale,1994.0,France,Goalkeeper
241307,Finn Porath,1997.0,Germany,Midfield
241325,Edwin Maanane,1995.0,France,Attack
241457,Derrick Luckassen,1995.0,Netherlands,Defender
241481,Jaïro Riedewald,1996.0,Netherlands,Midfield
241527,Federico Bonazzoli,1997.0,Italy,Attack
241641,Bernardo Silva,1994.0,Portugal,Midfield
241889,Antonio Barreca,1995.0,Italy,Defender
242078,Ales Mateju,1996.0,Czech Republic,Defender
242086,Patrik Schick,1996.0,Czech Republic,Attack
242235,Elia Bruzzi,1995.0,Italy,Attack
242273,Pedro Chirivella,1997.0,Spain,Midfield
242295,Álex Mula,1996.0,Spain,Attack
242301,Miquel Parera,1996.0,Spain,Goalkeeper
242359,Juan Musso,1994.0,Argentina,Goalkeeper
242497,Pere Pons,1993.0,Spain,Midfield
242532,Rober Ibáñez,1993.0,Spain,Attack
242548,Fede Cartabia,1993.0,Argentina,Attack
242606,Josh Cullen,1996.0,Ireland,Midfield
242631,Alex Iwobi,1996.0,Nigeria,Attack
242638,Efthymios Koulouris,1996.0,Greece,Attack
242813,Filip Jagiełło,1997.0,Poland,Midfield
242827,Samu Martínez,1994.0,Spain,Midfield
242940,Edoardo Goldaniga,1993.0,Italy,Defender
242965,Mamadou Tounkara,1996.0,Senegal,Attack
243028,Jan Bednarek,1996.0,Poland,Defender
243188,László Bénes,1997.0,Slovakia,Midfield
243225,Samuel Mráz,1997.0,Slovakia,Attack
243239,Nikolas Spalek,1997.0,Slovakia,Attack
243541,Deyverson,1991.0,Brazil,Attack
243589,Josh Onomah,1997.0,England,Midfield
243606,Anastasios Donis,1996.0,Greece,Attack
243714,Kingsley Coman,1996.0,France,Attack
243725,Olivier Kemen,1996.0,Cameroon,Midfield
243737,Roli Pereira de Sa,1996.0,France,Midfield
244061,Lorenzo Del Pinto,1990.0,Italy,Midfield
244125,Hiram Boateng,1996.0,England,Midfield
244130,Sullay Kaikai,1995.0,Sierra Leone,Attack
244192,Pierluigi Gollini,1995.0,Italy,Goalkeeper
244275,Gabriel Barbosa,1996.0,Brazil,Attack
244927,Accursio Bentivegna,1996.0,Italy,Attack
244940,Salih Özcan,1998.0,Türkiye,Midfield
245014,Enis Bardhi,1995.0,North Macedonia,Midfield
245030,Milan Gajic,1996.0,Serbia,Defender
245034,Jon Gorenc Stankovic,1996.0,Slovenia,Midfield
245048,Vasyl Kravets,1997.0,Ukraine,Defender
245056,Saša Lukić,1996.0,Serbia,Midfield
245072,Stipe Perica,1995.0,Croatia,Attack
245078,Nemanja Radonjic,1996.0,Serbia,Attack
245083,Jan Repas,1997.0,Slovenia,Midfield
245134,N'Diaye Djiby,1994.0,Senegal,Midfield
245537,Nabil Bentaleb,1994.0,Algeria,Midfield
245744,Takuma Asano,1994.0,Japan,Attack
245805,Izzy Brown,1997.0,England,Attack
245893,Matt Miazga,1995.0,United States,Defender
246277,Burgui,1993.0,Spain,Attack
246291,Diego Llorente,1993.0,Spain,Defender
246579,Bartosz Kapustka,1996.0,Poland,Midfield
246877,Rachid Aït-Atmane,1993.0,Algeria,Midfield
246968,Ayoze Pérez,1993.0,Spain,Attack
247189,Mohammed Fatau,1992.0,Ghana,Midfield
247250,Rubén Alcaraz,1991.0,Spain,Midfield
247300,Anthony Walongwa,1993.0,DR Congo,Defender
247377,Kevin Bonifazi,1996.0,Italy,Defender
247380,Arianit Ferati,1997.0,Kosovo,Midfield
247459,Chadrac Akolo,1995.0,DR Congo,Attack
247555,Edimilson Fernandes,1996.0,Switzerland,Midfield
247647,Ryan Seager,1996.0,England,Attack
247661,Gideon Jung,1994.0,Germany,Defender
248045,Duncan Watmore,1994.0,England,Attack
248054,Christopher Martins,1997.0,Luxembourg,Midfield
248213,Jonathan Bijimine,1994.0,DR Congo,Defender
248330,Chema Rodríguez,1992.0,Spain,Defender
248333,Simone Rosso,1995.0,Italy,Attack
248732,Paweł Dawidowicz,1995.0,Poland,Defender
248738,Sergio Herrera,1993.0,Spain,Goalkeeper
248999,Lucas Höler,1994.0,Germany,Attack
249089,Lewis Cook,1997.0,England,Midfield
249126,Harry Winks,1996.0,England,Midfield
249157,Fredrik Jensen,1997.0,Finland,Midfield
249303,Dennis Eckert Ayensa,1997.0,Iran,Attack
249356,Jack Stacey,1996.0,England,Defender
249459,Tarsi Aguado,1994.0,Spain,Midfield
249513,Diego Rico,1993.0,Spain,Defender
249552,Senna Miangue,1997.0,Belgium,Defender
249565,Youri Tielemans,1997.0,Belgium,Midfield
249636,Gautier Lloris,1995.0,France,Defender
249730,Guillermo Maripán,1994.0,Chile,Defender
249952,Berkay Özcan,1998.0,Türkiye,Midfield
250010,Bruno Nazário,1995.0,Brazil,Midfield
250013,Angelo Fulgini,1996.0,New Caledonia,Midfield
250030,Robin Maulun,1996.0,France,Midfield
250426,Adam Armstrong,1997.0,England,Attack
250431,Jamie Sterry,1995.0,England,Defender
250478,Matt Targett,1995.0,England,Defender
250779,Brendan Chardonnet,1994.0,France,Defender
250844,Alexander Djiku,1994.0,Ghana,Defender
250845,José María Giménez,1995.0,Uruguay,Defender
250937,Gabriele Marchegiani,1996.0,Italy,Goalkeeper
251058,James Weir,1995.0,England,Midfield
251075,Zeki Çelik,1997.0,Türkiye,Defender
251106,Enes Ünal,1997.0,Türkiye,Attack
251289,Jordan Lyden,1996.0,Australia,Midfield
251295,Dzenis Burnic,1998.0,Bosnia-Herzegovina,Midfield
251302,Niklas Dorsch,1998.0,Germany,Midfield
251303,Johannes Eggestein,1998.0,Germany,Attack
251309,Dennis Geiger,1998.0,Germany,Midfield
251664,Ivan Toney,1996.0,England,Attack
251680,Brandon Thomas,1995.0,Spain,Attack
251845,Sergi Canós,1997.0,Spain,Attack
251846,David Carmona,1997.0,Spain,Defender
251848,Iñigo Córdoba,1997.0,Spain,Attack
251876,Pablo Maffeo,1997.0,Argentina,Defender
251878,Aarón Martín,1997.0,Spain,Defender
251883,Gaspar Panadero,1997.0,Spain,Attack
251888,Mario Rodríguez,1997.0,Spain,Attack
251892,Juan Soriano,1997.0,Spain,Goalkeeper
251896,Jesús Vallejo,1997.0,Spain,Defender
251897,Asier Villalibre,1997.0,Spain,Attack
252345,Ken Sema,1993.0,Sweden,Defender
252641,Pione Sisto,1995.0,Denmark,Attack
252677,José Luis Morales,1987.0,Spain,Attack
252688,Carlos Selfa,1992.0,Spain,Midfield
252755,Richairo Zivkovic,1996.0,Curacao,Attack
252767,Ivaylo Chochev,1993.0,Bulgaria,Midfield
252779,Matthias Llambrich,1993.0,France,Midfield
253125,Joao Rodríguez,1996.0,Colombia,Attack
253267,Hachim Mastour,1998.0,Morocco,Midfield
253316,Lebogang Phiri,1994.0,South Africa,Midfield
253341,Rob Holding,1995.0,England,Defender
253677,Tyrone Mings,1993.0,England,Defender
253765,Wesley Hoedt,1994.0,Netherlands,Defender
253839,Álvaro Medrán,1994.0,Spain,Midfield
253842,Adama Niane,1993.0,Mali,Attack
253857,Alessandro Piu,1996.0,Italy,Attack
253892,Ian González,1993.0,Spain,Attack
254039,José Antonio Caro,1993.0,Spain,Defender
254290,Raphael Dwamena,1995.0,Ghana,Attack
254358,Johann Obiang,1993.0,Gabon,Defender
254476,Aldo One,1995.0,Cameroon,Defender
254934,Jamilu Collins,1994.0,Nigeria,Defender
255220,Romain Philippoteaux,1988.0,France,Midfield
255284,Álex Granell,1988.0,Spain,Midfield
255294,Florian Kastenmeier,1997.0,Germany,Goalkeeper
255322,Josip Posavec,1996.0,Croatia,Goalkeeper
255473,Samuel Gustafson,1995.0,Sweden,Midfield
255488,Yeray Álvarez,1995.0,Spain,Defender
255493,Imanol Corral,1994.0,Spain,Defender
255501,Iñigo Lekue,1993.0,Spain,Defender
255508,Iñaki Williams,1994.0,Ghana,Attack
255653,Santi Mina,1995.0,Spain,Attack
255744,Samir Caetano,1994.0,Brazil,Defender
255755,Alex Telles,1992.0,Brazil,Defender
255901,Rodrigo De Paul,1994.0,Argentina,Midfield
255916,DeAndre Yedlin,1993.0,United States,Defender
255930,Aristote N'Dongala,1994.0,DR Congo,Attack
255942,Nicolò Barella,1997.0,Italy,Midfield
255984,André Auras,1991.0,France,Midfield
255995,Mario González,1996.0,Spain,Attack
256008,Facundo Lescano,1996.0,Argentina,Attack
256120,Wilfrid Kaptoum,1996.0,Cameroon,Midfield
256178,Joe Gomez,1997.0,England,Defender
256339,Emil Audero,1997.0,Indonesia,Goalkeeper
256358,Bruno Petkovic,1994.0,Croatia,Attack
256361,Daniele Verde,1996.0,Italy,Attack
256429,Sergi Guardiola,1991.0,Spain,Attack
256448,Gianluca Mancini,1996.0,Italy,Defender
256567,Aleksandar Jovanovic,1992.0,Serbia,Goalkeeper
256678,Filippo Romagna,1997.0,Italy,Defender
256680,Juanpi,1994.0,Venezuela,Midfield
256866,Carlos Salcedo,1993.0,Mexico,Defender
256902,Modou Diagne,1994.0,Senegal,Defender
256977,Daniel Podence,1995.0,Portugal,Attack
256996,Guido Guerrieri,1996.0,Italy,Goalkeeper
257062,Álvaro García,1992.0,Spain,Attack
257118,Michele Rocca,1996.0,Italy,Midfield
257376,Domingos Duarte,1995.0,Portugal,Defender
257448,Gelson Martins,1995.0,Portugal,Attack
257459,Wallyson,1994.0,Brazil,Midfield
257462,Luka Jović,1997.0,Serbia,Attack
257474,Vanja Milinković-Savić,1997.0,Serbia,Goalkeeper
257660,Marco Festa,1992.0,Italy,Goalkeeper
257732,Amir Rrahmani,1994.0,Kosovo,Defender
257814,Gregor Kobel,1997.0,Switzerland,Goalkeeper
257831,Andrea Mancini,1996.0,Italy,Attack
257851,Rúben Vezo,1994.0,Portugal,Defender
257968,Tommy Robson,1995.0,England,Defender
258011,Xande Silva,1997.0,Portugal,Attack
258027,Renato Sanches,1997.0,Portugal,Midfield
258188,Rolando Aarons,1995.0,,Attack
258216,Kasey Palmer,1996.0,Jamaica,Midfield
258254,Jemerson,1992.0,Brazil,Defender
258374,Vinícius Araújo,1993.0,Brazil,Attack
258482,Boris Radunović,1996.0,Serbia,Goalkeeper
258519,Hidde ter Avest,1997.0,Netherlands,Defender
258879,Cameron Borthwick-Jackson,1997.0,England,Defender
258883,Jonjoe Kenny,1997.0,England,Defender
258886,Demetri Mitchell,1997.0,,Defender
258889,Dominic Solanke,1997.0,England,Attack
258912,Luke Amos,1997.0,England,Midfield
258916,Kieran Dowell,1997.0,England,Midfield
258917,Mandela Egbo,1997.0,England,Defender
258919,Dean Henderson,1997.0,England,Goalkeeper
258923,Marcus Rashford,1997.0,England,Attack
258924,Jordan Rossiter,1997.0,England,Midfield
259025,Umut Bozok,1996.0,Türkiye,Attack
259350,Chang-hoon Kwon,1994.0,"Korea, South",Attack
259930,Gabriel Fernández,1994.0,Uruguay,Attack
259953,Rade Krunic,1993.0,Bosnia-Herzegovina,Midfield
260053,Jiri Pavlenka,1992.0,Czech Republic,Goalkeeper
260166,Ui-jo Hwang,1992.0,"Korea, South",Midfield
260230,Moi Delgado,1994.0,Spain,Defender
260655,Eduard Löwen,1997.0,Germany,Midfield
260806,Isaac Mbenza,1996.0,Belgium,Attack
260827,Joachim Andersen,1996.0,Denmark,Defender
261095,Sauli Väisänen,1994.0,Finland,Defender
261155,Adam Zrelak,1994.0,Slovakia,Attack
261357,Cameron Brannagan,1996.0,England,Midfield
261406,Seung-woo Ryu,1993.0,"Korea, South",Attack
261502,Paulino de la Fuente,1997.0,Spain,Attack
261504,Aleix García,1997.0,Spain,Midfield
261611,Ali Adnan,1993.0,Iraq,Defender
261738,Joseph Dodoo,1995.0,England,Attack
261905,Suat Serdar,1997.0,Germany,Midfield
261927,Ricardo Horta,1994.0,Portugal,Attack
262117,Cristian Ganea,1992.0,Romania,Defender
262226,Timothy Castagne,1995.0,Belgium,Defender
262365,Antonio Puertas,1992.0,Spain,Attack
262391,Lluís López,1997.0,Spain,Defender
262396,Unai Simón,1997.0,Spain,Goalkeeper
262523,Davide Calabria,1996.0,Italy,Defender
262545,Connor Randall,1995.0,England,Defender
262597,Ebenezer Ofori,1995.0,Ghana,Midfield
262608,Adama Traoré,1995.0,Mali,Midfield
262689,Uche Agbo,1995.0,Nigeria,Midfield
262939,Johan Mojica,1992.0,Colombia,Defender
262980,Jefferson Lerma,1994.0,Colombia,Midfield
263027,Alexis Zapata,1995.0,Colombia,Midfield
263183,Roger Assalé,1993.0,Cote d'Ivoire,Attack
263214,Isi Gómez,1995.0,Spain,Midfield
263236,Kevin Danso,1998.0,Austria,Defender
263267,Riad Bajic,1994.0,Bosnia-Herzegovina,Attack
263294,Serge N'Guessan,1994.0,Cote d'Ivoire,Midfield
263361,Maximilian Wöber,1998.0,Austria,Defender
263482,Michael Olunga,1994.0,Kenya,Attack
263627,Carlos Vigaray,1994.0,Spain,Defender
263685,Kazuki Nagasawa,1991.0,Japan,Midfield
263727,Joan Jordán,1994.0,Spain,Midfield
263801,Kasim Adams,1995.0,Ghana,Defender
263843,Matías Nahuel,1996.0,Spain,Attack
263856,Víctor Camarasa,1994.0,Spain,Midfield
263860,Jason Remeseiro,1994.0,Spain,Attack
263918,Aleksandr Golovin,1996.0,Russia,Midfield
264046,Sulayman Marreh,1996.0,The Gambia,Midfield
264116,Gastón Pereiro,1995.0,Uruguay,Midfield
264140,Vukasin Jovanovic,1996.0,Serbia,Defender
264199,Reece Grego-Cox,1996.0,Ireland,Midfield
264220,Reece Burke,1996.0,England,Defender
264514,Luca Vido,1997.0,Italy,Attack
264567,Baptiste Guillaume,1995.0,Belgium,Attack
264956,Jean-Kévin Augustin,1997.0,France,Attack
265077,Luca Crosta,1998.0,Italy,Goalkeeper
265078,Patrick Cutrone,1998.0,Italy,Attack
265088,Manuel Locatelli,1998.0,Italy,Midfield
265132,Kevin Toner,1996.0,Ireland,Defender
265254,Vasilije Janjicic,1998.0,Switzerland,Midfield
265471,Matt Grimes,1995.0,England,Midfield
265504,Firmin Mubele,1994.0,DR Congo,Attack
265569,Youssef Aït Bennasser,1996.0,Morocco,Midfield
265763,Thierry Ambrose,1997.0,Guadeloupe,Attack
266302,Sergej Milinković-Savić,1995.0,Serbia,Midfield
266359,Benjamin Bourigeaud,1994.0,France,Midfield
266795,Gonzalo Escalante,1993.0,Argentina,Midfield
266807,Ángel Correa,1995.0,Argentina,Attack
267101,Davide Vitturini,1997.0,Italy,Defender
267420,Walter Montoya,1993.0,Argentina,Midfield
267676,Brian Fernández,1994.0,Argentina,Attack
268176,Sergi Palencia,1996.0,Spain,Defender
268178,Arkadiusz Reca,1995.0,Poland,Midfield
268426,Arnel Jakupovic,1998.0,Austria,Attack
268555,Harrison Manzala,1994.0,DR Congo,Attack
268670,Gerard Gumbau,1994.0,Spain,Midfield
268946,José Antonio Caro,1994.0,Spain,Goalkeeper
268949,Borja Lasso,1994.0,Spain,Midfield
268957,José Matos,1995.0,Spain,Defender
268958,Juan Muñoz,1995.0,Spain,Attack
269878,Marcus Ingvartsen,1996.0,Denmark,Attack
270051,Andrei Girotto,1992.0,Brazil,Defender
270188,Lucas Evangelista,1995.0,Brazil,Midfield
270393,Robert Skov,1996.0,Denmark,Midfield
270410,Ilias Hassani,1995.0,Algeria,Defender
270411,Saîf-Eddine Khaoui,1995.0,Tunisia,Midfield
270541,Serhou Guirassy,1996.0,Guinea,Attack
270646,Alexis Busin,1995.0,France,Attack
271256,Jhonder Cádiz,1995.0,Venezuela,Attack
271390,Joachim Eickmayer,1993.0,France,Midfield
271446,Kiu,1995.0,"Korea, South",Missing
271451,Dani Romera,1995.0,Spain,Attack
271455,Mihailo Ristic,1995.0,Serbia,Defender
271787,Deniz Hümmet,1996.0,Türkiye,Attack
271988,Borja Fernández,1995.0,Spain,Midfield
272261,Antonín Barák,1994.0,Czech Republic,Midfield
272278,Chris Führich,1998.0,Germany,Attack
272622,Issa Diop,1997.0,Morocco,Defender
272631,Arnaud Lusamba,1997.0,DR Congo,Midfield
272633,Alexis Mané,1997.0,France,Midfield
272636,Harold Moukoudi,1997.0,Cameroon,Defender
272640,Morgan Poaty,1997.0,Congo,Defender
272642,Allan Saint-Maximin,1997.0,France,Attack
272644,Jordan Tell,1997.0,Guadeloupe,Attack
272679,José Naranjo,1994.0,Spain,Attack
272812,Kingsley Ehizibue,1995.0,Netherlands,Defender
272999,Miguel Almirón,1994.0,Paraguay,Attack
273000,Júnior Alonso,1993.0,Paraguay,Defender
273132,Robin Gosens,1994.0,Germany,Defender
273152,Nemanja Maksimovic,1995.0,Serbia,Midfield
273236,Marlon,1995.0,Brazil,Defender
273438,Danilo Barbosa,1996.0,Brazil,Midfield
273773,Jonathan Benteke,1995.0,Belgium,Attack
273824,Ousman Manneh,1997.0,The Gambia,Attack
273980,David Ramírez,1993.0,Costa Rica,Attack
274347,Ivan Saponjic,1997.0,Serbia,Attack
274461,Felix Passlack,1998.0,Germany,Defender
274484,Youssouf Koné,1995.0,Mali,Defender
274571,Laurent Dos Santos,1993.0,France,Defender
274771,Asdrúbal Padrón,1991.0,Spain,Attack
274839,Wilfred Ndidi,1996.0,Nigeria,Midfield
274862,Moses Simon,1995.0,Nigeria,Attack
275028,Juan Rodríguez,1995.0,Spain,Defender
275249,Niklas Schmidt,1998.0,Germany,Midfield
275303,Hans Hateboer,1994.0,Netherlands,Defender
275361,Karim Azamoum,1990.0,France,Defender
275512,Emanuel Mammana,1996.0,Argentina,Defender
275682,Carlos Embalo,1994.0,Guinea-Bissau,Attack
276111,David Costas,1995.0,Spain,Defender
276255,Yacine Bammou,1991.0,Morocco,Attack
276768,Nolan Mbemba,1995.0,Congo,Midfield
276895,Steven Fortes,1992.0,Cape Verde,Defender
277033,David Brooks,1997.0,Wales,Attack
277093,Carlos Castro,1995.0,Spain,Attack
277111,Jorginho,1995.0,Guinea-Bissau,Attack
277114,Jason Denayer,1995.0,Belgium,Defender
277118,Manu García,1998.0,Spain,Midfield
277167,Gian Marco Ferrari,1992.0,Italy,Defender
277179,Angeliño,1997.0,Spain,Defender
277268,Alexis Araujo,1996.0,Portugal,Midfield
277335,Bruno Henrique,1989.0,Brazil,Midfield
277384,Martin Valjent,1995.0,Slovakia,Defender
277635,Rominigue Kouamé,1996.0,Mali,Midfield
278296,Antonio Raíllo,1991.0,Spain,Defender
278323,Alexander Fuchs,1997.0,Germany,Midfield
278332,Florian Neuhaus,1997.0,Germany,Midfield
278343,Felix Uduokhai,1997.0,Germany,Defender
278357,David Goldar,1994.0,Spain,Defender
278359,Borja Iglesias,1993.0,Spain,Attack
278531,Sebastiano Luperto,1996.0,Italy,Defender
278553,Dimitri Cavaré,1995.0,Guadeloupe,Defender
278578,Andrea Nalini,1990.0,Italy,Attack
278651,Gerard Valentín,1993.0,Spain,Attack
278837,Luis Rioja,1993.0,Spain,Attack
278992,Cristian Espinoza,1995.0,Argentina,Attack
279009,Marco Richter,1997.0,Germany,Midfield
279079,Lukas Mühl,1997.0,Germany,Defender
279455,Harry Wilson,1997.0,Wales,Attack
279457,Ryan Kent,1996.0,England,Attack
279529,Lukas Pokorny,1993.0,Czech Republic,Defender
279657,Nico Rinderknecht,1997.0,Germany,Midfield
280178,Claude Gonçalves,1994.0,Portugal,Midfield
280239,Seung-woo Lee,1998.0,"Korea, South",Attack
280387,Vincent Sierro,1995.0,Switzerland,Midfield
280575,Elvis Rexhbecaj,1997.0,Kosovo,Midfield
280701,Théo Bongonda,1995.0,DR Congo,Attack
280730,Álvaro Odriozola,1995.0,Spain,Defender
280795,Jonathan Rodríguez,1993.0,Uruguay,Attack
281404,Kenedy,1996.0,Brazil,Attack
281755,Iván Alejo,1995.0,Spain,Attack
281769,Mario Hermoso,1995.0,Spain,Defender
281963,Lucas Hernández,1996.0,France,Defender
281990,Nacho Monsalve,1994.0,Spain,Defender
282006,Arona Sané,1995.0,Senegal,Attack
282041,Presnel Kimpembe,1995.0,France,Defender
282058,Cheikh N'Doye,1986.0,Senegal,Midfield
282076,Ianis Hagi,1998.0,Romania,Midfield
282144,Marin Pongracic,1997.0,Croatia,Defender
282349,Timo Becker,1997.0,Germany,Defender
282371,Ivi López,1994.0,Spain,Midfield
282388,Giovanni Simeone,1995.0,Argentina,Attack
282406,Álvaro Jiménez,1995.0,Spain,Attack
282411,Marcos Llorente,1995.0,Spain,Defender
282421,Javi Muñoz,1995.0,Spain,Midfield
282429,Sergio Reguilón,1996.0,Spain,Defender
282434,Jean Carlos Silva,1996.0,Spain,Midfield
282544,Emiliano Rigoni,1993.0,Argentina,Attack
282577,Lukas Klünter,1996.0,Germany,Defender
282660,Maximilian Mittelstädt,1997.0,Germany,Defender
282671,Nili Perdomo,1994.0,Spain,Midfield
282672,Benito Ramírez,1995.0,Spain,Attack
282722,Álex Collado,1999.0,Spain,Midfield
282724,Adrián Guerrero,1998.0,Spain,Midfield
282810,Carles Pérez,1998.0,Spain,Attack
282900,Pablo Martínez,1989.0,France,Defender
283001,Noah Joel Sarenren Bazee,1996.0,,Attack
283060,Lorenzo Dickmann,1996.0,Italy,Defender
283127,Oualid El Hajjam,1991.0,Morocco,Defender
283135,Stanley Segarel,1994.0,France,Attack
283136,Ernest Seka,1987.0,Guinea,Defender
283196,Kasper Dolberg,1997.0,Denmark,Attack
283223,Emre Mor,1997.0,Türkiye,Attack
283233,Jacob Rasmussen,1997.0,Denmark,Defender
283286,Robin Bormuth,1995.0,Germany,Defender
283489,Luca Zidane,1998.0,Algeria,Goalkeeper
283528,Ignacio Pussetto,1995.0,Argentina,Attack
283628,Tomáš Souček,1995.0,Czech Republic,Midfield
283735,Mattia Zaccagni,1995.0,Italy,Attack
283863,Aílton,1995.0,Brazil,Defender
283994,Ludovic Ajorque,1994.0,France,Attack
284010,Robin Hack,1998.0,Germany,Attack
284035,Chima Okoroji,1997.0,Germany,Defender
284118,Joshua Nadeau,1994.0,France,Defender
284165,Steven Bergwijn,1997.0,Netherlands,Attack
284177,Tim Handwerker,1998.0,Germany,Defender
284188,Simon Rhein,1998.0,Germany,Midfield
284248,Paul Jaeckel,1998.0,Germany,Defender
284270,Moritz Nicolas,1997.0,Germany,Goalkeeper
284430,Aarón Escandell,1995.0,Spain,Goalkeeper
284454,Iván Rodríguez,1996.0,Spain,Defender
284595,Tommaso Augello,1994.0,Italy,Defender
284724,Nehuén Paz,1993.0,Argentina,Defender
284727,Jonathan Calleri,1993.0,Argentina,Attack
284730,Manuel Akanji,1995.0,Switzerland,Defender
284732,Ramy Bensebaini,1995.0,Algeria,Defender
284737,Törles Knöll,1997.0,Germany,Attack
284769,Florian Müller,1997.0,Germany,Goalkeeper
284854,Carles Aleñá,1998.0,Spain,Midfield
284857,Marc Cucurella,1998.0,Spain,Defender
284884,Óscar Rodríguez,1998.0,Spain,Midfield
285033,Will Norris,1993.0,England,Goalkeeper
285322,Federico Ricca,1994.0,Uruguay,Defender
285323,Baptiste Santamaria,1995.0,France,Midfield
285548,Fabián Balbuena,1991.0,Paraguay,Defender
285551,Joel Coleman,1995.0,England,Goalkeeper
285771,Roger Martínez,1994.0,Colombia,Attack
285845,Ainsley Maitland-Niles,1997.0,England,Defender
285920,Gaston Camara,1996.0,Guinea,Attack
285957,Alex Felip,1992.0,Spain,Midfield
286005,Julien Ngoy,1997.0,Belgium,Attack
286259,Davide Riccardi,1996.0,Italy,Defender
286297,Lorenzo Pellegrini,1996.0,Italy,Midfield
286378,Sacha Bastien,1995.0,France,Goalkeeper
286384,Eric Bailly,1994.0,Cote d'Ivoire,Defender
286415,Pau López,1994.0,Spain,Goalkeeper
286779,Jorge Meré,1997.0,Spain,Defender
286849,Jordi Calavera,1995.0,Spain,Defender
286919,Josh Sims,1997.0,England,Attack
286949,Adam Masina,1994.0,Morocco,Defender
287167,Joe Lolley,1992.0,England,Attack
287178,Rubén Sánchez,1994.0,Spain,Attack
287307,Alessandro Mastalli,1996.0,Italy,Midfield
287431,Alfie Mawson,1994.0,England,Defender
287579,Sofyan Amrabat,1996.0,Morocco,Midfield
287600,Paweł Jaroszyński,1994.0,Poland,Defender
287635,Assane Dioussé,1997.0,Senegal,Midfield
287636,Mirko Esposito,1996.0,Italy,Defender
287638,Leonardo Fontanesi,1996.0,Italy,Defender
287648,Giuseppe Panico,1997.0,Italy,Attack
287663,Luca Valzania,1996.0,Italy,Midfield
287700,Mohamed Fares,1996.0,Algeria,Defender
287717,Emanuele Ndoj,1996.0,Albania,Midfield
287871,Fabrizio Alastra,1997.0,Italy,Goalkeeper
287876,Antonino La Gumina,1996.0,Italy,Attack
288225,Ludovic Blas,1997.0,France,Midfield
288230,Ousmane Dembélé,1997.0,France,Attack
288237,Jérémy Gélin,1997.0,France,Midfield
288241,Enock Kwateng,1997.0,France,Defender
288248,Denis-Will Poha,1997.0,France,Midfield
288251,Sébastien Salles-Lamonge,1996.0,France,Midfield
288253,Jeremiah St. Juste,1996.0,Netherlands,Defender
288318,Adrián Embarba,1992.0,Spain,Attack
288371,Markel Areitio,1996.0,Spain,Goalkeeper
288429,Mads Pedersen,1996.0,Denmark,Defender
288454,Rafa Gálvez,1993.0,Spain,Defender
288496,Boschilia,1996.0,Brazil,Midfield
288499,Ewandro Costa,1996.0,Brazil,Attack
288506,Caio Rangel,1996.0,Brazil,Attack
289061,Alessandro Murgia,1996.0,Italy,Midfield
289065,Simone Palombi,1996.0,Italy,Attack
289087,Joseph Minala,1996.0,Cameroon,Midfield
289182,Christopher Antwi-Adjei,1994.0,Ghana,Attack
289216,Stéphane Sparagna,1995.0,France,Defender
289236,Jon Bautista,1995.0,Spain,Attack
289241,Eneko Capilla,1995.0,Spain,Midfield
289255,Andoni Gorosabel,1996.0,Spain,Defender
289257,Jon Guridi,1995.0,Spain,Midfield
289272,Martín Merquelanz,1995.0,Spain,Attack
289286,Luca Sangalli,1995.0,Spain,Midfield
289287,Imanol Sarriegi,1995.0,Spain,Midfield
289433,Yakou Méïté,1996.0,Cote d'Ivoire,Attack
289446,Yerry Mina,1994.0,Colombia,Defender
289507,Ismail Azzaoui,1998.0,Belgium,Attack
289510,Samuel Bastien,1996.0,DR Congo,Midfield
289587,Aaron Leya Iseka,1997.0,Belgium,Attack
289592,Orel Mangala,1998.0,Belgium,Midfield
289844,Josh Harrop,1995.0,England,Midfield
289846,Ashley Fletcher,1995.0,England,Attack
290017,Hassane Kamara,1994.0,Cote d'Ivoire,Defender
290249,Mauro Arambarri,1995.0,Uruguay,Midfield
290256,Xeka,1994.0,Portugal,Midfield
290273,Álvaro Tejero,1996.0,Spain,Defender
290532,Saïd Benrahma,1995.0,Algeria,Attack
290533,Yann Bodiger,1995.0,France,Midfield
290540,Jonathan Correia,1994.0,Monaco,Midfield
290549,Ben Karamoko,1995.0,Cote d'Ivoire,Defender
290551,Vincent Koziello,1995.0,France,Midfield
290561,Alexandre Mendy,1994.0,Guinea-Bissau,Attack
290569,Mamadou N'Diaye,1995.0,Senegal,Defender
290577,Antony Ranieri,1997.0,France,Attack
290587,Ellyes Skhiri,1995.0,Tunisia,Midfield
290593,Sada Thioub,1995.0,Senegal,Attack
290595,Driss Trichard,1995.0,France,Defender
290605,Mamadou Diallo,1994.0,Guinea,Attack
290733,Gian Filippo Felicioli,1997.0,Italy,Defender
290746,Moreto Cassamá,1998.0,Guinea-Bissau,Midfield
290754,Malick Mbaye,1995.0,Senegal,Midfield
290770,Karim Achahbar,1996.0,Morocco,Midfield
290788,Kaylen Hinds,1998.0,England,Attack
290862,Maxime Lopez,1997.0,France,Midfield
290872,Jérémie Porsan-Clémente,1997.0,France,Attack
290876,Simone Solinas,1996.0,Italy,Midfield
290928,Dylan Bahamboula,1995.0,Congo,Midfield
290951,Aboubakar Kamara,1995.0,Mauritania,Attack
291110,Enzo Crivelli,1995.0,,Attack
291111,Sessi D'Almeida,1995.0,Benin,Midfield
291128,Mohamed Mara,1996.0,Guinea,Attack
291140,Cédric Yambéré,1990.0,Central African Republic,Defender
291178,Demba Camara,1994.0,Guinea,Attack
291200,Moussa Niakhaté,1996.0,Senegal,Defender
291222,Jean-Luc Dompé,1995.0,France,Attack
291247,Dejan Drazic,1995.0,Serbia,Attack
291266,Godfred Donsah,1996.0,Ghana,Midfield
291392,Fabio Della Giovanna,1997.0,Italy,Defender
291400,Giovanni Crociata,1997.0,Italy,Midfield
291417,Ferland Mendy,1995.0,France,Defender
291422,Lys Mousset,1996.0,France,Attack
291432,Mattia Vitale,1997.0,Italy,Midfield
291544,Jordan Hugill,1992.0,England,Attack
291739,Milot Rashica,1996.0,Kosovo,Attack
291856,Ricardo Bagadur,1995.0,Croatia,Defender
292417,Demarai Gray,1996.0,Jamaica,Attack
292422,Simone Pontisso,1997.0,Italy,Midfield
292772,Dimitrios Nikolaou,1998.0,Greece,Defender
292813,Sami Larabi,1996.0,France,Defender
292818,Jonathan Bamba,1996.0,Cote d'Ivoire,Attack
292820,Aloïs Confais,1996.0,France,Midfield
292822,Aldo Kalulu,1996.0,DR Congo,Attack
293169,Josip Brekalo,1998.0,Croatia,Attack
293194,Borna Sosa,1998.0,Croatia,Defender
293200,Nikola Vlašić,1997.0,Croatia,Midfield
293281,Jacob Bruun Larsen,1998.0,Denmark,Attack
293385,Dani Olmo,1998.0,Spain,Midfield
293450,Baily Cargill,1995.0,England,Defender
293569,Josh Brownhill,1995.0,England,Midfield
293592,Brandon Borrello,1995.0,Australia,Attack
293944,Habib Maïga,1996.0,Cote d'Ivoire,Midfield
294057,James Maddison,1996.0,England,Midfield
294568,Omer Atzili,1993.0,Israel,Attack
294798,Nathan,1996.0,Brazil,Midfield
294808,Franck Kessié,1996.0,Cote d'Ivoire,Midfield
294873,Thiago Maia,1997.0,Brazil,Midfield
294894,Leo Suárez,1996.0,Argentina,Attack
294895,Mathías Suárez,1996.0,,Defender
295065,Toni Moya,1998.0,Spain,Midfield
295313,Taiwo Awoniyi,1997.0,Nigeria,Attack
295330,Kelechi Iheanacho,1996.0,Nigeria,Attack
295331,Isaac Success,1996.0,Nigeria,Attack
295360,Francis Uzoho,1998.0,Nigeria,Goalkeeper
295414,Adrián Marín,1997.0,Spain,Defender
296227,Iván Márquez,1994.0,Spain,Defender
296340,Alfons Amade,1999.0,Germany,Midfield
296345,Florian Baak,1999.0,Germany,Defender
296356,Souleyman Doumbia,1996.0,Cote d'Ivoire,Defender
296359,Félix Eboa Eboa,1997.0,Cameroon,Defender
296378,Luca Itter,1999.0,Germany,Defender
296397,Arne Maier,1999.0,Germany,Midfield
296422,Fodé Ballo-Touré,1997.0,Senegal,Defender
296622,Marco Asensio,1996.0,Spain,Midfield
296741,Markus Schubert,1998.0,Germany,Goalkeeper
296783,Ezequiel Ponce,1997.0,Argentina,Attack
296802,Walter Benítez,1993.0,Argentina,Goalkeeper
296986,Tyler Roberts,1999.0,Wales,Attack
297070,Hamari Traoré,1992.0,Mali,Defender
297194,Iván Villar,1997.0,Spain,Goalkeeper
297583,Woo-yeong Jeong,1999.0,"Korea, South",Midfield
297648,Simone Muratore,1998.0,Italy,Midfield
297731,Enrico Bearzotti,1996.0,Italy,Defender
297784,Yan Eteki,1997.0,Cameroon,Midfield
297785,Zubi,1993.0,Spain,Attack
298197,Antonio Sivera,1996.0,Spain,Goalkeeper
298276,José García,1997.0,Spain,Midfield
298477,Oli McBurnie,1996.0,Scotland,Attack
298575,Kike Barja,1997.0,Spain,Attack
298589,David García,1994.0,Spain,Defender
298602,Jhon Mondragón,1994.0,Colombia,Defender
298607,Miguel Olavide,1996.0,Spain,Attack
298613,Juan Pérez,1996.0,Spain,Goalkeeper
298635,Grigoris Kastanos,1998.0,Cyprus,Midfield
298975,Pol Lirola,1997.0,Spain,Defender
298976,Borja Mayoral,1997.0,Spain,Attack
298983,Javi Ontiveros,1997.0,Spain,Attack
299715,Koke Vegas,1995.0,Spain,Goalkeeper
300168,Mikel Vesga,1993.0,Spain,Midfield
300508,Palkó Dárdai,1999.0,Hungary,Attack
300716,Kieran Tierney,1997.0,Scotland,Defender
301236,Francesco Cassata,1997.0,Italy,Midfield
301237,Nicola Dalmonte,1997.0,Italy,Attack
301841,Julien Begue,1993.0,France,Attack
302215,Naby Keïta,1995.0,Guinea,Midfield
302991,Erick Cabaco,1995.0,Uruguay,Defender
303116,Gaetano Castrovilli,1997.0,Italy,Midfield
303140,Mauricio Lemos,1995.0,Uruguay,Defender
303187,Simone Pinna,1997.0,Italy,Defender
303219,Jeff Chabot,1998.0,Germany,Defender
303248,Pedro López,1995.0,Spain,Goalkeeper
303254,Fikayo Tomori,1997.0,England,Defender
303259,Dodi Lukébakio,1997.0,Belgium,Attack
303402,Romain Achilli,1993.0,France,Defender
303406,Joris Correa,1993.0,France,Attack
303412,Mitsuru Maruoka,1996.0,Japan,Midfield
303414,Julien Romain,1996.0,France,Attack
303657,Ionuț Radu,1997.0,Romania,Goalkeeper
304250,David Concha,1996.0,Spain,Attack
305956,Nano Mesa,1995.0,Spain,Attack
305957,Dani Molina,1996.0,Spain,Midfield
306024,Dominic Calvert-Lewin,1997.0,England,Attack
306166,Nuno da Costa,1991.0,Cape Verde,Attack
306186,Jean Ambrose,1993.0,Haiti,Defender
307512,Pierre-François Moracchini,1994.0,France,Midfield
307519,Fede San Emeterio,1997.0,Spain,Midfield
307781,Lynden Gooch,1995.0,United States,Attack
307805,Alberto López,1995.0,Spain,Defender
307807,Dario Maresic,1999.0,Austria,Defender
308256,Andrés Ponce,1996.0,Venezuela,Attack
308278,Rey Manaj,1997.0,Albania,Attack
308279,Rolando Mandragora,1997.0,Italy,Midfield
308371,Mikel Villanueva,1993.0,Venezuela,Defender
308428,Mickaël Leca,1994.0,France,Defender
308432,Julien Remiti,1994.0,France,Defender
308632,Callum Connolly,1997.0,England,Midfield
308801,Adalberto Peñaranda,1997.0,Venezuela,Attack
309007,Fran Serrano,1995.0,Spain,Defender
309110,Brais Méndez,1997.0,Spain,Midfield
309180,Jan Mlakar,1998.0,Slovenia,Attack
309393,Lennart Czyborra,1999.0,Germany,Midfield
309400,Kai Havertz,1999.0,Germany,Attack
309841,Andre Green,1998.0,England,Attack
309929,Aristóteles Romero,1995.0,Venezuela,Midfield
310458,Giangiacomo Magnani,1995.0,Italy,Defender
310662,Timothy Tillman,1999.0,United States,Midfield
310796,Nordine Aït Yahia,1992.0,France,Defender
311178,Georgios Kyriakopoulos,1996.0,Greece,Defender
311277,Borja Herrera,1993.0,Spain,Midfield
311287,José Antonio Martínez,1993.0,Spain,Defender
311489,Landry Dimata,1997.0,Belgium,Attack
311680,Fran Villalba,1998.0,Spain,Midfield
312017,Ramadan Sobhi,1997.0,Egypt,Attack
312314,Otávio,1994.0,Brazil,Midfield
312678,Léo Duarte,1996.0,Brazil,Defender
312735,Bryan Cabezas,1997.0,Ecuador,Attack
312862,Dalbert,1993.0,Brazil,Defender
313113,Álex López,1997.0,Spain,Midfield
313477,Paolo Ghiglione,1997.0,Italy,Defender
314183,Karlan Grant,1997.0,England,Attack
314210,Tom Davies,1998.0,England,Midfield
314266,Jonathan Leko,1999.0,England,Attack
314280,Taylor Moore,1997.0,England,Defender
314288,Lukas Nmecha,1998.0,Germany,Attack
314295,Reece Oxford,1998.0,England,Defender
314353,Trent Alexander-Arnold,1998.0,England,Defender
314678,Brahim Díaz,1999.0,Morocco,Attack
314862,Bobby Allain,1991.0,France,Goalkeeper
314875,Jarrod Bowen,1996.0,England,Attack
314940,Dimitri Liénard,1988.0,France,Midfield
314959,Obbi Oulare,1996.0,Belgium,Attack
314965,Pedro Pereira,1998.0,Portugal,Defender
315054,Bachibou Koita,1994.0,Niger,Attack
315063,Nahitan Nández,1995.0,Uruguay,Midfield
315110,Karl Toko Ekambi,1992.0,Cameroon,Attack
315125,Javairô Dilrosun,1998.0,Netherlands,Attack
315131,Timothy Fosu-Mensah,1998.0,Netherlands,Defender
315185,Jake Hesketh,1996.0,England,Midfield
315283,Kaj Sierhuis,1998.0,Netherlands,Attack
315291,Haji Wright,1998.0,United States,Attack
315312,Juanma García,1993.0,Spain,Attack
315332,Aymen Barkok,1998.0,Morocco,Midfield
315563,Cédric Orengo,1995.0,France,Defender
315568,Lorenzo Di Livio,1997.0,Italy,Midfield
315604,Diadié Samassékou,1996.0,Mali,Midfield
315779,Christian Pulisic,1998.0,United States,Attack
315843,Alessandro Semprini,1998.0,Italy,Defender
315846,Luca Matarese,1998.0,Italy,Attack
315850,Marco Tumminello,1998.0,Italy,Attack
315852,Mirko Antonucci,1999.0,Italy,Attack
315853,Alessandro Bastoni,1999.0,Italy,Defender
315858,Gianluigi Donnarumma,1999.0,Italy,Goalkeeper
315862,Filippo Melegoni,1999.0,Italy,Midfield
315865,Andrea Pinamonti,1999.0,Italy,Attack
315867,Gianluca Scamacca,1999.0,Italy,Attack
315870,Emanuele Torrasi,1999.0,Italy,Midfield
315969,Scott McTominay,1996.0,Scotland,Midfield
316111,Andrija Balic,1997.0,Croatia,Midfield
316125,Ben Chilwell,1996.0,England,Defender
316137,Moussa Doumbia,1994.0,Mali,Attack
316264,Martin Ødegaard,1998.0,Norway,Midfield
316419,Issa Baradji,1995.0,Mali,Attack
316551,Jake Clarke-Salter,1997.0,England,Defender
316760,Vincent Thill,2000.0,Luxembourg,Attack
316889,Hirving Lozano,1995.0,Mexico,Attack
316915,Davor Lovren,1998.0,Croatia,Attack
317057,Adrian Semper,1998.0,Croatia,Goalkeeper
317482,Marko Rog,1995.0,Croatia,Midfield
317735,Julius Kade,1999.0,Germany,Midfield
317753,Silas Zehnder,1999.0,Germany,Defender
318077,Lucas Torreira,1996.0,Uruguay,Midfield
318507,Paul Bernardoni,1997.0,France,Goalkeeper
318508,Olivier Boscagli,1997.0,France,Defender
318520,Clément Michelin,1997.0,France,Defender
318523,Romain Perraud,1997.0,France,Defender
318528,Marcus Thuram,1997.0,France,Attack
318707,Karlo Letica,1997.0,Croatia,Goalkeeper
319131,Miguel Muñoz,1995.0,Spain,Defender
319160,Jakub Jankto,1996.0,Czech Republic,Midfield
319171,Andrea Danzi,1999.0,Italy,Midfield
319301,Daniel James,1997.0,Wales,Attack
319541,José Carlos Ramírez,1996.0,Spain,Defender
319745,Dani Ceballos,1996.0,Spain,Midfield
319859,Mathias Jensen,1996.0,Denmark,Midfield
320141,Çağlar Söyüncü,1996.0,Türkiye,Defender
320213,Rees Greenwood,1996.0,England,Midfield
320259,Sito,1996.0,Spain,Attack
320263,Abdou Diakhate,1998.0,Senegal,Midfield
320271,Toni Lato,1997.0,Spain,Defender
320411,Philip Billing,1996.0,Denmark,Midfield
320466,Tropi,1995.0,Spain,Midfield
321070,Hannes Wolf,1999.0,Austria,Attack
321079,Svante Ingelsson,1998.0,Sweden,Midfield
321096,Keanan Bennetts,1999.0,Germany,Midfield
321247,Emiliano Buendía,1996.0,Argentina,Attack
321629,Moctar El Hacen,1997.0,Mauritania,Midfield
321647,Grejohn Kyei,1995.0,France,Attack
322305,Jean-Victor Makengo,1998.0,France,Midfield
322351,Abdoul Ba,1994.0,Mauritania,Defender
322397,Paulin Puel,1997.0,France,Attack
322917,Dani Ndi,1995.0,Cameroon,Midfield
323147,Enrico Brignola,1999.0,Italy,Attack
323167,Matteo Gabbia,1999.0,Italy,Defender
323169,Sergio García,1996.0,Spain,Attack
323379,Racine Coly,1995.0,Senegal,Defender
323704,Malcom,1997.0,Brazil,Attack
323740,Aitor Cantalapiedra,1996.0,Spain,Midfield
323831,Rafael Borré,1995.0,Colombia,Attack
323872,Andrés Cubas,1996.0,Paraguay,Midfield
323934,Matheus Pereira,1998.0,Brazil,Midfield
323954,Walace,1995.0,Brazil,Midfield
324182,Zakariya Abarouaï,1994.0,Morocco,Attack
324278,Christoph Baumgartner,1999.0,Austria,Midfield
324282,Fabio Depaoli,1997.0,Italy,Defender
324321,Bernard Mensah,1994.0,Ghana,Midfield
324351,Panagiotis Retsos,1998.0,Greece,Defender
324475,Carlos Calderón,1995.0,Spain,Attack
324635,Jordan Boy,1994.0,France,Defender
324690,Jonathan Ikoné,1998.0,France,Attack
324727,Rayan Souici,1998.0,France,Midfield
324760,Kilian Jakob,1998.0,Germany,Defender
324795,Mahdi Camara,1998.0,France,Midfield
324803,Nicolas Janvier,1998.0,France,Midfield
324804,Yann Karamoh,1998.0,France,Attack
324806,Jérémy Livolant,1998.0,France,Attack
324811,Arnaud Nordin,1998.0,France,Attack
324829,Anthony Maisonnial,1998.0,France,Goalkeeper
324851,Christoph Daferner,1998.0,Germany,Attack
324882,Marvelous Nakamba,1994.0,Zimbabwe,Midfield
324946,Emanuel Cecchini,1996.0,Argentina,Midfield
325223,Mama Baldé,1995.0,Guinea-Bissau,Attack
326031,Matthijs de Ligt,1999.0,Netherlands,Defender
326204,Norbert Balogh,1996.0,Hungary,Attack
326300,Jeff Reine-Adélaïde,1998.0,France,Midfield
326330,Frenkie de Jong,1997.0,Netherlands,Midfield
327126,Anuar,1995.0,Morocco,Attack
327251,Ridle Baku,1998.0,Germany,Defender
327326,Giacomo Poluzzi,1988.0,Italy,Goalkeeper
327536,Stephan Ambrosius,1998.0,Ghana,Defender
327757,Krzysztof Piatek,1995.0,Poland,Attack
328784,Robin Koch,1996.0,Germany,Defender
328914,Álex Blanco,1998.0,Spain,Attack
329145,Diego Carlos,1993.0,Brazil,Defender
329221,Maxime Spano,1994.0,Algeria,Defender
329723,Gil Dias,1996.0,Portugal,Attack
329814,Luca Horn,1998.0,Germany,Midfield
330223,Hendrik Weydandt,1995.0,Germany,Attack
330269,Marcel Benger,1998.0,Germany,Midfield
330289,Cheick Keita,1996.0,Mali,Defender
330635,Felix Götze,1998.0,,Midfield
330659,Justin Kluivert,1999.0,Netherlands,Midfield
331389,Andrés Tello,1996.0,Colombia,Midfield
331401,Manuel Lazzari,1993.0,Italy,Defender
331467,Felipe Curcio,1993.0,Brazil,Defender
331496,Valery Fernández,1999.0,Spain,Attack
331498,Jordi Mboula,1999.0,Spain,Attack
331511,Riqui Puig,1999.0,Spain,Midfield
331514,Bobby Adekanye,1999.0,Netherlands,Attack
331560,Takehiro Tomiyasu,1998.0,Japan,Defender
331575,Birk Risa,1998.0,Norway,Defender
331634,Florian Mayer,1998.0,Germany,Defender
331726,Tammy Abraham,1997.0,England,Attack
332134,Valentin Belon,1995.0,France,Goalkeeper
332142,Quentin Lecoeuche,1994.0,France,Midfield
332179,Matteo Pessina,1997.0,Italy,Midfield
332305,Juan Otero,1995.0,Colombia,Attack
332341,Todd Cantwell,1998.0,England,Midfield
332612,Emmanuel Boateng,1996.0,Ghana,Attack
332697,Weston McKennie,1998.0,United States,Midfield
332705,Tyler Adams,1999.0,United States,Midfield
332798,Roland Sallai,1997.0,Hungary,Defender
332889,Valentin Rongier,1994.0,France,Midfield
333014,Sander Berge,1998.0,Norway,Midfield
333175,Bingourou Kamara,1996.0,Senegal,Goalkeeper
333241,Joelinton,1996.0,Brazil,Midfield
333347,Ander Gayoso,1993.0,Spain,Defender
333450,Jozo Stanic,1999.0,Croatia,Defender
333516,Sebastian Vasiliadis,1997.0,Greece,Midfield
333647,Jonathan Burkardt,2000.0,Germany,Attack
333694,Seydou Sy,1995.0,Senegal,Goalkeeper
333802,François Kamano,1996.0,Guinea,Attack
334006,Anthony Ribelin,1996.0,France,Midfield
334222,Lucas Boyé,1996.0,Argentina,Attack
334526,Denis Zakaria,1996.0,Switzerland,Midfield
334835,Toma Bašić,1996.0,Croatia,Midfield
335103,Linton Maina,1999.0,Germany,Attack
335147,Junior Sambia,1996.0,France,Defender
335209,Kevin Diks,1996.0,Indonesia,Defender
335221,Dani Martín,1998.0,Spain,Goalkeeper
335225,Manu Morlanes,1999.0,Spain,Midfield
335245,Marc Navarro,1995.0,Spain,Midfield
335457,Ermedin Demirovic,1998.0,Bosnia-Herzegovina,Attack
335541,Oliver Shenton,1997.0,England,Midfield
335997,Luca Plogmann,2000.0,Germany,Goalkeeper
336103,Pibe,1996.0,Argentina,Attack
336168,Shaq Moore,1996.0,United States,Defender
336331,Franck Evina,2000.0,Cameroon,Attack
336382,Dejan Joveljić,1999.0,Serbia,Attack
336646,Akram Afif,1996.0,Qatar,Attack
336704,Alassane Traoré,1996.0,Cote d'Ivoire,Midfield
336731,Nacho Gil,1995.0,Spain,Attack
336828,Pape Cheikh,1997.0,Senegal,Midfield
336869,Marc Roca,1996.0,Spain,Midfield
336960,Giuseppe Pezzella,1997.0,Italy,Defender
337036,Florent Muslija,1998.0,Kosovo,Attack
337066,Toni Villa,1995.0,Spain,Attack
337284,Ovie Ejaria,1997.0,England,Attack
337310,Lamin Jallow,1995.0,The Gambia,Attack
337321,Nathan Holland,1998.0,England,Attack
337381,Andrea Cistana,1997.0,Italy,Defender
337670,Alessio Da Cruz,1997.0,Cape Verde,Attack
337715,Umar Sadiq,1997.0,Nigeria,Attack
337716,Claud Adjapong,1998.0,Italy,Defender
337725,Christian Kouamé,1997.0,Cote d'Ivoire,Attack
337800,Gedson Fernandes,1999.0,Portugal,Midfield
337922,Esteban Burgos,1992.0,Argentina,Defender
338285,Unai Núñez,1997.0,Spain,Defender
338424,Mikel Merino,1996.0,Spain,Midfield
338425,Álex Berenguer,1995.0,Spain,Attack
338629,Sebastiaan Bornauw,1999.0,Belgium,Defender
339707,Cristo,1997.0,Spain,Attack
339782,Alessandro Rossi,1997.0,Italy,Attack
339808,Theo Hernández,1997.0,France,Defender
339820,Amath Ndiaye,1996.0,Senegal,Attack
339829,Pierre Kunde,1995.0,Cameroon,Midfield
339982,Bright Gyamfi,1996.0,Ghana,Defender
340070,Simone Edera,1997.0,Italy,Attack
340075,Jérémie Broh,1997.0,Italy,Midfield
340151,Andrea Favilli,1997.0,Italy,Attack
340205,Gorka Guruzeta,1996.0,Spain,Attack
340206,Andoni López,1996.0,Spain,Defender
340322,Nathan Tella,1999.0,Nigeria,Attack
340324,Eddie Nketiah,1999.0,England,Attack
340325,Reiss Nelson,1999.0,England,Attack
340328,Stephy Mavididi,1998.0,England,Attack
340329,Joe Willock,1999.0,England,Midfield
340339,Jorge Sáenz,1996.0,Spain,Defender
340394,Abdelhamid Sabiri,1996.0,Morocco,Midfield
340480,Mamadou Doucouré,1998.0,France,Defender
340707,Leonardo Sernicola,1997.0,Italy,Defender
340853,Javi Sánchez,1997.0,Spain,Defender
340870,Jacobo González,1997.0,Spain,Attack
340879,Merih Demiral,1998.0,Türkiye,Defender
340950,Diogo Jota,1996.0,Portugal,Attack
341051,Kyle Walker-Peters,1997.0,England,Defender
341092,Federico Chiesa,1997.0,Italy,Attack
341227,Juan Miranda,2000.0,Spain,Defender
341230,Álex Robles,1999.0,Spain,Defender
341272,Álex Pozo,1999.0,Spain,Attack
341317,Oliver Burke,1997.0,Scotland,Attack
341393,Ibrahim Cissé,1996.0,France,Defender
341396,Théo Valls,1995.0,France,Midfield
341429,Davinson Sánchez,1996.0,Colombia,Defender
341501,Hamza Choudhury,1997.0,Bangladesh,Midfield
341647,Cengiz Ünder,1997.0,Türkiye,Attack
341705,Gerson,1997.0,Brazil,Midfield
341710,William,1995.0,Brazil,Defender
341942,Erwin Koffi,1995.0,France,Defender
342039,Yannik Keitel,2000.0,Germany,Midfield
342046,Axel Tuanzebe,1997.0,DR Congo,Defender
342048,Grady Diangana,1998.0,DR Congo,Attack
342202,Loïc Badiashile,1998.0,France,Goalkeeper
342209,Kévin N'Doram,1996.0,France,Midfield
342216,Julien Serrano,1998.0,France,Defender
342226,Irvin Cardona,1997.0,Malta,Attack
342227,Brighton Labeau,1996.0,Martinique,Attack
342229,Kylian Mbappé,1998.0,France,Attack
342230,Ilyes Chaïbi,1996.0,France,Attack
342364,Babacar Gueye,1994.0,Senegal,Attack
342383,Cyriack Garel,1996.0,France,Goalkeeper
342385,Guido Rodríguez,1994.0,Argentina,Midfield
342405,Mattias Svanberg,1999.0,Sweden,Midfield
342472,Stephane Omeonga,1996.0,Belgium,Midfield
342966,Dennis Smarsch,1999.0,Germany,Goalkeeper
343052,Nicolas Pépé,1995.0,Cote d'Ivoire,Attack
343273,Joni Montiel,1998.0,Spain,Midfield
343337,Fiete Arp,2000.0,Germany,Midfield
343475,Ben Godfrey,1998.0,England,Defender
343945,Niccolò Zanellato,1998.0,Italy,Midfield
343963,Petar Micin,1998.0,Serbia,Midfield
344015,Ben Woodburn,1999.0,Wales,Midfield
344072,Kelvin Amian,1998.0,France,Defender
344151,Bilal Boutobba,1998.0,France,Attack
344152,Odsonne Édouard,1998.0,France,Attack
344158,Maxime Pélican,1998.0,France,Attack
344381,Christopher Nkunku,1997.0,France,Attack
344393,Lumor Agbenyenu,1996.0,Ghana,Defender
344575,Antonin Bobichon,1995.0,France,Midfield
344591,Gaëtan Poussin,1999.0,France,Goalkeeper
344592,Thomas Basila,1999.0,France,Defender
344596,Malang Sarr,1999.0,France,Defender
344598,Dan-Axel Zagadou,1999.0,France,Defender
344599,Yassine Benrahou,1999.0,Morocco,Midfield
344600,Michaël Cuisance,1999.0,France,Midfield
344605,Boubakary Soumaré,1999.0,France,Midfield
344610,Hicham Mahou,1999.0,France,Attack
344677,George Timotheou,1997.0,Australia,Defender
344695,Dayot Upamecano,1998.0,France,Defender
344806,Lubomir Tupta,1998.0,Slovakia,Attack
344830,Tahith Chong,1999.0,Curacao,Midfield
344864,Jean-Kévin Duverne,1997.0,Haiti,Defender
344886,Matthieu Udol,1996.0,France,Defender
344888,Habib Diallo,1995.0,Senegal,Attack
344892,Gauthier Hein,1996.0,France,Attack
345041,Vlatko Stojanovski,1997.0,North Macedonia,Attack
345084,Jorge,1996.0,Brazil,Defender
345458,Sebastian Walukiewicz,2000.0,Poland,Defender
345473,Nicolás Schiappacasse,1999.0,Uruguay,Attack
345536,Didier Bouanga,1995.0,France,Attack
345590,Jens Odgaard,1999.0,Denmark,Midfield
345654,Marlos Moreno,1996.0,Colombia,Attack
345780,Lukas Mai,2000.0,Germany,Defender
345886,Rubén Vargas,1998.0,Switzerland,Attack
346018,Jamal Lewis,1998.0,Northern Ireland,Defender
346289,Mouctar Diakhaby,1996.0,Guinea,Defender
346291,James Léa Siliki,1996.0,Cameroon,Midfield
346332,Nassim Boujellab,1999.0,Morocco,Midfield
346478,Japhet Tanganga,1999.0,England,Defender
346483,Mason Mount,1999.0,England,Midfield
346561,Luca Ranieri,1999.0,Italy,Defender
346562,Marco Olivieri,1999.0,Italy,Attack
346567,Luca Pellegrini,1999.0,Italy,Defender
346707,Sean Longstaff,1997.0,England,Midfield
346766,Guilherme Arana,1997.0,Brazil,Defender
346779,Ché Adams,1996.0,Scotland,Attack
347100,Jonathan Cafu,1991.0,Brazil,Attack
347594,Florian Miguel,1996.0,France,Defender
347595,Clément Depres,1994.0,France,Attack
347895,Cole Kpekawa,1996.0,England,Defender
347900,Jerdy Schouten,1997.0,Netherlands,Midfield
348026,Nordi Mukiele,1997.0,France,Defender
348214,Kevin Goden,1999.0,Germany,Attack
348425,Miguel Cardoso,1994.0,Portugal,Attack
348431,Cazim Suljic,1996.0,Bosnia-Herzegovina,Midfield
348601,Mehdi Léris,1998.0,Algeria,Attack
348623,Mason Holgate,1996.0,Jamaica,Defender
348778,Niclas Thiede,1999.0,Germany,Goalkeeper
348795,Giovani Lo Celso,1996.0,Argentina,Midfield
348863,Juninho Bacuna,1997.0,Curacao,Midfield
349066,Alexander Isak,1999.0,Sweden,Attack
349530,Benjamin Hadzic,1999.0,Bosnia-Herzegovina,Attack
349599,Pervis Estupiñán,1998.0,Ecuador,Defender
349719,Simone Lo Faso,1998.0,Italy,Attack
349836,Diego González,1995.0,Spain,Defender
349873,Juan Hernández,1994.0,Spain,Attack
350219,Fabián Ruiz,1996.0,Spain,Midfield
350357,Sarpreet Singh,1999.0,New Zealand,Midfield
350364,Joan Sastre,1997.0,Spain,Defender
351072,Vahid Selimovic,1997.0,Luxembourg,Defender
351478,Mikel Oyarzabal,1997.0,Spain,Attack
351506,Joshua Pérez,1998.0,El Salvador,Midfield
351746,Rafa Navarro,1994.0,Spain,Defender
351755,Darnell Furlong,1995.0,England,Defender
351809,Robin Le Normand,1996.0,Spain,Defender
351816,Ismaël Bennacer,1997.0,Algeria,Midfield
351843,Yoann Salmier,1992.0,French Guiana,Defender
351892,Matheus Fernandes,1998.0,Brazil,Midfield
352017,Faïz Selemani,1993.0,Comoros,Attack
352392,Lucas Perrin,1998.0,France,Defender
352393,Christopher Rocchia,1998.0,France,Defender
353108,Bruno Henrique,1990.0,Brazil,Attack
353204,Alioun Fall,1990.0,France,Defender
353205,Hamadou Karamoko,1995.0,France,Defender
353211,Vágner Dias,1994.0,Cape Verde,Attack
353365,Marcus Coco,1996.0,Guadeloupe,Defender
353366,Benjamin Pavard,1996.0,France,Defender
353395,Jordy Gaspar,1997.0,France,Defender
353399,Romain Del Castillo,1996.0,France,Attack
353403,Samuel Moutoussamy,1996.0,DR Congo,Midfield
353404,Gaëtan Perrin,1996.0,France,Attack
353922,Mert Müldür,1999.0,Türkiye,Defender
353948,Lucas Tousart,1997.0,France,Midfield
353959,Kévin Soni,1998.0,Cameroon,Attack
353998,Aaron Mattia Tabacchi,1998.0,Italy,Attack
354136,Vitalie Damascan,1999.0,Moldova,Attack
354232,Hakim El Mokeddem,1999.0,France,Midfield
354278,Rafik Zekhnini,1998.0,Norway,Attack
354340,Rick van Drongelen,1998.0,Netherlands,Defender
354352,Frédéric Guilbert,1994.0,France,Defender
354361,Frank Anguissa,1995.0,Cameroon,Midfield
354362,Rodrigo Bentancur,1997.0,Uruguay,Midfield
354609,Khiry Shelton,1993.0,United States,Attack
354697,Tachi,1997.0,Spain,Midfield
354726,Florian Sotoca,1990.0,France,Attack
354741,Loren Morón,1993.0,Spain,Attack
355104,Pepín Machín,1996.0,Equatorial Guinea,Midfield
355335,Adrián Diéguez,1996.0,Spain,Defender
355369,Jordan,1996.0,United States,Attack
355370,Dylan Saint-Louis,1995.0,Congo,Attack
355501,Amadou Diawara,1997.0,Guinea,Midfield
355624,Luis Muñoz,1997.0,Spain,Midfield
355627,Sergio Akieme,1997.0,Spain,Defender
355628,Igor Zubeldia,1997.0,Spain,Defender
355641,Mounir Chouiar,1999.0,Morocco,Attack
355689,Sory Kaba,1995.0,Guinea,Attack
355861,Arnaut Danjuma,1997.0,Netherlands,Attack
355915,Cristian Romero,1998.0,Argentina,Defender
355924,Luca Sparandeo,1999.0,Italy,Defender
356118,Suleiman Abdullahi,1996.0,Nigeria,Attack
356141,Daichi Kamada,1996.0,Japan,Midfield
356197,Alfonso Pedraza,1996.0,Spain,Defender
357047,Gautier Larsonneur,1997.0,France,Goalkeeper
357072,Faitout Maouassa,1998.0,France,Defender
357117,Alban Lafont,1999.0,Cote d'Ivoire,Goalkeeper
357119,Ibrahima Konaté,1999.0,France,Defender
357147,Diogo Dalot,1999.0,Portugal,Defender
357158,Rúben Vinagre,1999.0,Portugal,Midfield
357164,Rafael Leão,1999.0,Portugal,Attack
357176,Alessandro Tripaldelli,1999.0,Italy,Defender
357233,Leandro Barreiro,2000.0,Luxembourg,Midfield
357498,Dušan Vlahović,2000.0,Serbia,Attack
357565,Rodri,1996.0,Spain,Midfield
357658,Mark Travers,1999.0,Ireland,Goalkeeper
357662,Declan Rice,1999.0,England,Midfield
357796,Domagoj Bradarić,1999.0,Croatia,Defender
357884,Fernando Calero,1995.0,Spain,Defender
357885,Pablo Fornals,1996.0,Spain,Midfield
357967,Lasse Sörensen,1999.0,Denmark,Midfield
357992,Raoul Bellanova,2000.0,Italy,Midfield
358143,Chidozie Awaziem,1997.0,Nigeria,Defender
358250,Joseph Aidoo,1995.0,Ghana,Defender
358505,Théo Guivarch,1995.0,France,Goalkeeper
358508,Issam Ben Khemis,1996.0,Tunisia,Midfield
358870,Dennis Jastrzembski,2000.0,Germany,Attack
358985,Yaw Yeboah,1997.0,Ghana,Attack
359210,Alfa Semedo,1997.0,Guinea-Bissau,Midfield
361065,Mitchel Bakker,2000.0,Netherlands,Midfield
361081,Daishawn Redan,2001.0,Suriname,Attack
361254,Rafa Mir,1997.0,Spain,Attack
361260,Ozan Kabak,2000.0,Türkiye,Defender
361914,Nayef Aguerd,1996.0,Morocco,Defender
362184,David Otto,1999.0,Germany,Attack
362344,Lorenzo Callegari,1998.0,France,Midfield
362809,Brandon Comley,1995.0,Montserrat,Midfield
362835,Júnior Tavares,1996.0,Brazil,Defender
362842,Arthur Melo,1996.0,Brazil,Midfield
363178,Giacomo Vrioni,1998.0,Albania,Attack
363205,Gabriel Jesus,1997.0,Brazil,Attack
363541,Samuel Pérez,1997.0,Spain,Goalkeeper
363610,Georgi Tunjov,2001.0,Estonia,Midfield
363717,Timo Stavitski,1999.0,Finland,Attack
364133,Pietro Pellegri,2001.0,Italy,Attack
364135,Moise Kean,2000.0,Italy,Attack
364233,Sidy Sarr,1996.0,Senegal,Midfield
364239,Moussa Koné,1996.0,Senegal,Attack
364240,Moussa Wagué,1998.0,Senegal,Defender
364258,Bernardo,1995.0,Brazil,Defender
364603,José Manuel Arnáiz,1995.0,Spain,Attack
364861,Fousseni Diabaté,1995.0,Mali,Attack
365451,Daouda Peeters,1999.0,Belgium,Midfield
365565,Giuseppe Cuomo,1998.0,Italy,Defender
365952,Nicolas Basin,1998.0,France,Defender
366045,Ablie Jallow,1998.0,The Gambia,Midfield
366930,Sergio Gómez,2000.0,Spain,Defender
367195,Dan Agyei,1997.0,Ghana,Attack
367466,Thierry Correia,1999.0,Portugal,Defender
368482,Riccardo Orsolini,1997.0,Italy,Attack
368559,Ádám Nagy,1995.0,Hungary,Midfield
368582,Pablo Fernández,1996.0,Spain,Midfield
368860,Torben Müsel,1999.0,Germany,Midfield
369081,Federico Valverde,1998.0,Uruguay,Midfield
370691,Francis Guerrero,1996.0,Spain,Defender
370789,Julian Ryerson,1997.0,Norway,Defender
370846,Timothy Weah,2000.0,United States,Midfield
371141,Stanley Nsoki,1999.0,France,Defender
371142,Myziane Maolida,1999.0,Comoros,Attack
371145,Imad Faraj,1999.0,France,Attack
371149,Evan Ndicka,1999.0,Cote d'Ivoire,Defender
371174,Diego Lainez,2000.0,Mexico,Attack
371371,Marash Kumbulla,2000.0,Albania,Defender
371436,Francisco Sierralta,1997.0,Chile,Defender
371816,Dimitry Bertaud,1998.0,DR Congo,Goalkeeper
371998,Vinicius Junior,2000.0,Brazil,Attack
372051,Sergio Bermejo,1997.0,Spain,Attack
372246,Carlos Soler,1997.0,Spain,Midfield
372711,Amine Harit,1997.0,Morocco,Attack
372712,Ibrahima Sissoko,1997.0,Mali,Midfield
372713,Florian Ayé,1997.0,France,Attack
372720,Nicholas Pierini,1998.0,Italy,Attack
373379,Giuseppe Borello,1999.0,Italy,Attack
373683,Diego Alende,1997.0,Spain,Defender
373916,Marcelo Saracchi,1998.0,Uruguay,Defender
373939,Nicolas Lemaître,1997.0,France,Goalkeeper
374040,Vincent Marchetti,1997.0,France,Midfield
374077,Christian Rivera,1997.0,Spain,Midfield
374081,Aitor Buñuel,1998.0,Spain,Defender
374082,Antonio Otegui,1998.0,Spain,Midfield
374139,Junior Firpo,1996.0,Dominican Republic,Defender
374283,Antony Evans,1998.0,England,Midfield
374889,Kenji Gorré,1994.0,Curacao,Attack
375137,Ismail Jakobs,1999.0,Senegal,Defender
375391,Joel Asoro,1999.0,Sweden,Attack
375885,Ibrahim Sangaré,1997.0,Cote d'Ivoire,Midfield
376211,Matías Vargas,1997.0,Argentina,Attack
376514,Mathías Olivera,1997.0,Uruguay,Defender
377387,Sergio Córdova,1997.0,Venezuela,Attack
377393,Pierre Lees-Melou,1993.0,France,Midfield
378139,Aitor Ruibal,1996.0,Spain,Attack
378293,Yangel Herrera,1998.0,Venezuela,Midfield
378630,Mathias Serin,1991.0,France,Midfield
378710,Richarlison,1997.0,Brazil,Attack
378883,Lino Tempelmann,1999.0,Germany,Midfield
378953,Gerzino Nyamsi,1997.0,Cameroon,Defender
378954,Joris Gnagnon,1997.0,France,Defender
378965,Cheick Traoré,1995.0,Mali,Defender
379742,Jordan Leborgne,1995.0,Guadeloupe,Midfield
379807,Lyanco,1997.0,Brazil,Defender
379961,Jan-Luca Rumpf,1999.0,Germany,Defender
379980,Meritan Shabani,1999.0,Germany,Midfield
380350,Igor Julio,1998.0,Brazil,Defender
380415,Henry Onyekuru,1997.0,Nigeria,Attack
380598,Santi Comesaña,1996.0,Spain,Midfield
381248,Tatsuya Ito,1997.0,Japan,Attack
381362,Wesley Moraes,1996.0,Brazil,Attack
381724,Victor Sá,1994.0,Brazil,Attack
381950,Alexis Saelemaekers,1999.0,Belgium,Midfield
382007,Andrej Kotnik,1995.0,Slovenia,Midfield
382554,Tyrese Campbell,1999.0,England,Attack
382774,Nicky Beloko,2000.0,Switzerland,Midfield
384553,Luca Kilian,1999.0,Germany,Defender
384593,Alexis Claude-Maurice,1998.0,France,Midfield
384745,Tobias Raschl,2000.0,Germany,Midfield
384859,Fabien Centonze,1996.0,France,Defender
385084,Fran Manzanara,1996.0,Spain,Midfield
385271,Allan,1997.0,Brazil,Midfield
385918,Aiden O'Neill,1998.0,Australia,Midfield
386047,Axel Disasi,1998.0,France,Defender
386315,Nathaël Julan,1996.0,France,Attack
386446,Alessandro Buongiorno,1999.0,Italy,Defender
386455,Riccardo Sottil,1999.0,Italy,Attack
386552,Lassana Coulibaly,1996.0,Mali,Midfield
386574,Fabrizio Caligara,2000.0,Italy,Midfield
386726,Yusuf Yazıcı,1997.0,Türkiye,Midfield
386755,Gianluca Frabotta,1999.0,Italy,Defender
386786,Darko Churlinov,2000.0,North Macedonia,Attack
387017,Giovanni Volpicelli,1999.0,Italy,Midfield
387129,Róber Pier,1995.0,Spain,Defender
387234,Szymon Żurkowski,1997.0,Poland,Midfield
387331,Sam Field,1998.0,England,Midfield
387626,Leon Bailey,1997.0,Jamaica,Attack
388058,Benjamin Goller,1999.0,Germany,Attack
388165,Yoane Wissa,1996.0,DR Congo,Attack
388198,Nico Schlotterbeck,1999.0,Germany,Defender
388513,Mateu Morey,2000.0,Spain,Defender
388820,Levent Mercan,2000.0,Türkiye,Defender
389441,Virgile Pinson,1996.0,France,Midfield
390159,Vincenzo Millico,2000.0,Italy,Attack
390163,Andrea Ghion,2000.0,Italy,Midfield
390944,Mickaël Panos,1997.0,France,Midfield
391065,Hamed Traoré,2000.0,Cote d'Ivoire,Attack
391192,Jean-Claude Billong,1993.0,Cameroon,Defender
391332,Xesc Regis,1996.0,Spain,Attack
391346,Julio Gracia,1998.0,Spain,Midfield
391376,Lamine Fomba,1998.0,France,Midfield
391498,Mert Çetin,1997.0,Türkiye,Defender
391719,Domingos Quina,1999.0,Portugal,Midfield
391933,Giorgio Spizzichino,1999.0,Italy,Defender
392085,Nicolò Zaniolo,1999.0,Italy,Attack
392131,Simon Asta,2001.0,Germany,Defender
392276,Timothée Taufflieb,1992.0,France,Midfield
392500,Felice D'Amico,2000.0,Italy,Midfield
392514,Gennaro Ruggiero,2000.0,Italy,Midfield
392765,Emile Smith Rowe,2000.0,England,Midfield
392768,Callum Hudson-Odoi,2000.0,England,Attack
392770,Angel Gomes,2000.0,England,Midfield
392771,Ethan Ampadu,2000.0,Wales,Midfield
392775,Ryan Sessegnon,2000.0,England,Defender
392777,Jonathan Panzo,2000.0,England,Defender
392810,Casimir Ninga,1993.0,Chad,Attack
393325,Josh Sargent,2000.0,United States,Attack
393436,Aly Abeid,1997.0,Mauritania,Defender
393804,Sofian Kiyine,1997.0,Morocco,Midfield
394285,Víctor Campuzano,1997.0,Spain,Attack
394304,Manolo Portanova,2000.0,Italy,Midfield
394327,Boubacar Kamara,1999.0,France,Midfield
394328,Rafik Guitane,1999.0,Algeria,Attack
394330,Ervin Taha,1999.0,France,Attack
394346,Emanuel Vignato,2000.0,Italy,Attack
394906,Charles Traoré,1992.0,Mali,Defender
395083,Andreaw Gravillon,1998.0,Guadeloupe,Defender
395236,Yacine Adli,2000.0,Algeria,Midfield
395237,Maxence Caqueret,2000.0,France,Midfield
395295,Edgaras Dubickas,1998.0,Lithuania,Attack
395447,Erin Pinheiro,1997.0,Cape Verde,Midfield
395512,Antoine Bernede,1999.0,France,Midfield
395516,Moussa Diaby,1999.0,France,Attack
395519,Metehan Güçlü,1999.0,Turkey,Attack
395523,Wilfried Kanga,1998.0,Cote d'Ivoire,Attack
395602,Alexandre Olliero,1996.0,France,Goalkeeper
395674,Adrien Lebeau,1999.0,France,Attack
395693,Houssem Aouar,1998.0,Algeria,Midfield
395694,Yassin Fekir,1997.0,France,Midfield
395805,Massimiliano Mangraviti,1998.0,Italy,Defender
395870,Francesco Verde,1999.0,Italy,Attack
396107,Javi Díaz,1997.0,Spain,Goalkeeper
396115,Eliseo Falcón,1997.0,Spain,Defender
396131,Aly Ndom,1996.0,France,Midfield
396324,Carlos Isaac,1998.0,Spain,Defender
396328,Luis Perea,1997.0,Spain,Midfield
396333,Javi Montero,1999.0,Spain,Defender
396334,Joaquín Muñoz,1999.0,Spain,Attack
396340,Óscar Clemente,1999.0,Spain,Midfield
396516,Nicholas Opoku,1997.0,Ghana,Defender
396681,Roberto Biancu,2000.0,Italy,Midfield
396682,Luca Gagliano,2000.0,Italy,Attack
396894,Maxi Gómez,1996.0,Uruguay,Attack
397033,Sandro Tonali,2000.0,Italy,Midfield
397696,Ahmet Gürleyen,1999.0,Germany,Defender
397896,Hernán Toledo,1996.0,Argentina,Attack
398065,Harvey Barnes,1997.0,England,Attack
398073,Achraf Hakimi,1998.0,Morocco,Defender
398159,Jaime Sierra,1998.0,Spain,Midfield
398163,Gonzalo Villar,1998.0,Spain,Midfield
398184,Ferran Torres,2000.0,Spain,Attack
398402,Sam Surridge,1998.0,England,Attack
398738,Miguel Marí,1997.0,Spain,Midfield
398808,Martin Hongla,1998.0,Cameroon,Midfield
398809,Aly Malle,1998.0,Mali,Attack
398886,Merveil Ndockyt,1998.0,Congo,Midfield
399273,Íñigo Barrenetxea,1994.0,Spain,Midfield
399369,Beni Baningime,1998.0,DR Congo,Midfield
399382,Paul-André Guerin,1997.0,France,Goalkeeper
399383,Mathieu Cafaro,1997.0,France,Attack
399543,Rémi Oudin,1996.0,France,Midfield
399775,Miguel Llambrich,1996.0,Spain,Defender
399776,Pau Torres,1997.0,Spain,Defender
399779,Chuca,1997.0,Spain,Midfield
399780,Darío Poveda,1997.0,Spain,Attack
399887,Esteban Rolón,1995.0,Argentina,Midfield
399907,Ognjen Stijepovic,1999.0,,Attack
400001,Strahinja Tanasijević,1997.0,Serbia,Defender
400485,Adam Ounas,1996.0,Algeria,Attack
400489,Eljif Elmas,1999.0,North Macedonia,Midfield
400546,Nikolas Nartey,2000.0,Denmark,Midfield
400831,Rafael Camacho,2000.0,Portugal,Attack
401173,Jadon Sancho,2000.0,England,Attack
401527,Rogério,1998.0,Brazil,Defender
401530,Éder Militão,1998.0,Brazil,Defender
401578,Exequiel Palacios,1998.0,Argentina,Midfield
401624,Edgar González,1997.0,Spain,Defender
401717,Julio Villalba,1998.0,Paraguay,Attack
401836,Bassem Srarfi,1997.0,Tunisia,Attack
401920,Kingsley Michael,1999.0,,Midfield
401922,Samuel Chukwueze,1999.0,Nigeria,Attack
401923,Victor Osimhen,1998.0,Nigeria,Attack
401935,Orji Okwonkwo,1998.0,Nigeria,Attack
402004,Mamadou Fofana,1998.0,Mali,Defender
402008,Amadou Haidara,1998.0,Mali,Midfield
402117,Jules Keita,1998.0,Guinea,Attack
402193,Kwang-song Han,1998.0,"Korea, North",Attack
403845,Mattia Viviani,2000.0,Italy,Midfield
403898,Jordan Beyer,2000.0,Germany,Defender
404260,Aleksa Terzic,1999.0,Serbia,Defender
404384,Rabbi Matondo,2000.0,Wales,Attack
404418,Dávid Hancko,1997.0,Slovakia,Defender
404688,Waldo Rubio,1995.0,Spain,Attack
404839,Andriy Lunin,1999.0,Ukraine,Goalkeeper
405398,Takefusa Kubo,2001.0,Japan,Attack
405564,Giorgi Kochorashvili,1999.0,Georgia,Midfield
405674,Antonis Aidonis,2001.0,Germany,Defender
405687,Tom Krauß,2001.0,Germany,Midfield
405885,Giacomo Raspadori,2000.0,Italy,Attack
406008,Yan Valery,1999.0,Tunisia,Defender
406040,Ademola Lookman,1997.0,Nigeria,Attack
406609,Can Bozdogan,2001.0,Germany,Midfield
406614,Oliver Batista Meier,2001.0,Germany,Attack
406625,Lautaro Martínez,1997.0,Argentina,Attack
406635,Phil Foden,2000.0,England,Midfield
406638,Oliver Skipp,2000.0,England,Midfield
407265,Luca Zanimacchia,1998.0,Italy,Attack
408471,Javi Puado,1998.0,Spain,Attack
409106,Peter Etebo,1995.0,Nigeria,Midfield
410059,Bakaye Dibassy,1989.0,Mali,Defender
410158,Rodrigo Becão,1996.0,Brazil,Defender
410185,Ronaël Pierre-Gabriel,1998.0,France,Defender
410225,Ismaïla Sarr,1998.0,Senegal,Attack
410237,Moussa Seydi,1996.0,Senegal,Attack
410238,Djibril Diaw,1994.0,Senegal,Defender
410425,Yves Bissouma,1996.0,Mali,Midfield
411177,Alberto Redondo,1997.0,Spain,Defender
411287,Justin Hoogma,1998.0,Netherlands,Defender
411295,Raphinha,1996.0,Brazil,Attack
411379,Killian Sanson,1997.0,France,Midfield
411416,Bryan Passi,1997.0,Congo,Defender
411424,Alexandre Llovet,1997.0,France,Attack
411975,Jules Koundé,1998.0,France,Defender
412045,Pol Lozano,1999.0,Spain,Midfield
412085,Malik Tchokounté,1988.0,France,Attack
412092,Gaëtan Paquiez,1994.0,France,Defender
412095,Ihsan Sacko,1997.0,France,Attack
412363,Rodrygo,2001.0,Brazil,Attack
412513,Thomas Henry,1994.0,France,Attack
412660,Keinan Davis,1998.0,England,Attack
412671,Quentin Boisgard,1997.0,France,Midfield
413032,Ibrahima Diallo,1999.0,France,Midfield
413033,Lamine Ghezali,1999.0,France,Attack
413039,Bryan Mbeumo,1999.0,Cameroon,Attack
413112,Aurélien Tchouaméni,2000.0,France,Midfield
413220,James Justin,1998.0,England,Defender
413262,Dani Raba,1995.0,Spain,Attack
413403,Ezri Konsa,1997.0,England,Defender
413502,Óscar Pinchi,1996.0,Spain,Attack
413507,Nikola Milenković,1997.0,Serbia,Defender
413843,Keven Schlotterbeck,1997.0,Germany,Defender
414908,Marshall Munetsi,1996.0,Zimbabwe,Midfield
415194,Bakery Jatta,1998.0,The Gambia,Attack
415383,Hervé Koffi,1996.0,Burkina Faso,Goalkeeper
415550,Joaquín Ardaiz,1999.0,Uruguay,Attack
415646,Bruno Jordão,1998.0,Portugal,Midfield
415912,Konstantinos Mavropanos,1997.0,Greece,Defender
416108,Youcef Atal,1996.0,Algeria,Defender
416168,Durel Avounou,1997.0,,Midfield
418560,Erling Haaland,2000.0,Norway,Attack
418658,Charles Abi,2000.0,France,Attack
418659,Amine Gouiri,2000.0,Algeria,Attack
418660,Lenny Pintor,2000.0,France,Attack
418662,Florian Chabrolle,1998.0,,Midfield
418881,Riccardo Doratiotto,1999.0,Italy,Midfield
419255,Marijan Cavar,1998.0,Bosnia-Herzegovina,Midfield
419293,Hamidou Keyta,1994.0,France,Attack
419929,Josh Tymon,1999.0,England,Defender
419930,Jack Simpson,1996.0,England,Defender
419999,Guessouma Fofana,1992.0,Mauritania,Midfield
420002,Jean-Philippe Mateta,1997.0,France,Attack
420465,Tiago Djaló,2000.0,Portugal,Defender
420782,Yanis Ammour,1999.0,France,Attack
420808,George Hirst,1999.0,Scotland,Attack
421424,Jake Vokins,2000.0,England,Defender
421775,Nicolò Armini,2001.0,Italy,Defender
422380,Bernard Tekpetey,1997.0,Ghana,Attack
422850,Ghislain Konan,1995.0,Cote d'Ivoire,Defender
422893,Moataz Zemzemi,1999.0,Tunisia,Midfield
423166,Pipa,1998.0,Spain,Defender
423436,Santiago Ascacíbar,1997.0,Argentina,Midfield
423440,Martín Zubimendi,1999.0,Spain,Midfield
423444,Fran Beltrán,1999.0,Spain,Midfield
423614,Gabriele Corbo,2000.0,Italy,Defender
423744,Billy Gilmour,2001.0,Scotland,Midfield
424051,Samuel Kalu,1997.0,Nigeria,Attack
424072,Mathias Pereira Lage,1996.0,Portugal,Attack
424204,Alphonso Davies,2000.0,Canada,Defender
424709,Cheick Timite,1997.0,Cote d'Ivoire,Attack
425028,José Luis Rodríguez,1998.0,Panama,Attack
425400,Farid El Melali,1997.0,Algeria,Attack
425462,Felipe Vizeu,1997.0,Brazil,Attack
425713,Akin Famewo,1998.0,England,Defender
426790,Ngonda Muzinga,1994.0,DR Congo,Defender
427161,Lebo Mothiba,1996.0,South Africa,Attack
427568,Aaron Ramsdale,1998.0,England,Goalkeeper
427693,Matthias Phaëton,2000.0,Guadeloupe,Attack
428791,Paulinho,2000.0,Brazil,Attack
429014,Morgan Gibbs-White,2000.0,England,Midfield
429086,Nana Ampomah,1996.0,Ghana,Attack
429318,Sergej Grubac,2000.0,Montenegro,Attack
430503,Jacopo Da Riva,2000.0,Italy,Midfield
430788,Tom Edwards,1999.0,England,Defender
431698,Bosko Sutalo,2000.0,Croatia,Defender
431755,Dejan Kulusevski,2000.0,Sweden,Midfield
432092,Roberto Piccoli,2001.0,Italy,Attack
432293,Luke Dreher,1998.0,England,Midfield
432772,Samuel Grandsir,1996.0,France,Attack
432895,Pedro,1997.0,Brazil,Attack
432982,Andreas Skov Olsen,1999.0,Denmark,Attack
433049,Youssef En-Nesyri,1997.0,Morocco,Attack
433177,Bukayo Saka,2001.0,England,Attack
433181,Tino Anjorin,2001.0,England,Midfield
433183,Tommy Doyle,2001.0,England,Midfield
433188,Curtis Jones,2001.0,England,Midfield
434207,Aaron Connolly,2000.0,Ireland,Attack
434223,Adam Idah,2001.0,Ireland,Attack
434358,Sofiane Alakouch,1998.0,Morocco,Defender
434676,Ronaldo Vieira,1998.0,Guinea-Bissau,Midfield
434990,Álex Sola,1999.0,Spain,Attack
435338,Gabriel,1997.0,Brazil,Defender
435406,Demba Thiam,1998.0,Senegal,Goalkeeper
435485,Luiz Araújo,1996.0,Brazil,Attack
435648,Joshua Zirkzee,2001.0,Netherlands,Attack
438682,Daniel Fuzato,1997.0,Brazil,Goalkeeper
439465,Gaizka Larrazabal,1997.0,Spain,Defender
439914,John Yeboah,2000.0,Ecuador,Attack
441170,Valentin Rosier,1996.0,France,Defender
441287,Mateo García,1996.0,Argentina,Attack
441385,Gonzalo Maroni,1999.0,Argentina,Midfield
441986,Yann Bisseck,2000.0,Germany,Defender
442531,Edouard Mendy,1992.0,Senegal,Goalkeeper
442805,Iddrisu Baba,1996.0,Ghana,Midfield
442816,Fran Gámez,1991.0,Spain,Defender
442891,Martin Terrier,1997.0,France,Attack
443222,Marc Cardona,1995.0,Spain,Attack
443263,Abou Ouattara,1999.0,Burkina Faso,Attack
443752,Ilay Elmkies,2000.0,Israel,Midfield
444208,Michael Obafemi,2000.0,Ireland,Attack
444211,Will Smallbone,2000.0,Ireland,Midfield
444523,Lucas Paquetá,1997.0,Brazil,Midfield
444725,Patrick Burner,1996.0,Martinique,Defender
445631,Joan Monterde,1997.0,Spain,Attack
445939,Omar Marmoush,1999.0,Egypt,Attack
447052,Peru Nolaskoain,1998.0,Spain,Midfield
447221,Hamza Mendyl,1997.0,Morocco,Defender
447661,Douglas Luiz,1998.0,Brazil,Midfield
447730,Luc Ihorst,2000.0,Germany,Attack
448177,Jessic Ngankam,2000.0,Germany,Attack
448258,Josha Vagnoman,2000.0,Germany,Defender
448344,Óscar Melendo,1997.0,Spain,Midfield
448628,Javi Galán,1994.0,Spain,Defender
448844,Carlos Neva,1996.0,Spain,Defender
449796,Alejandro Catena,1994.0,Spain,Defender
450050,Jean-Ricner Bellegarde,1998.0,Haiti,Midfield
450417,Dylan Bronn,1995.0,Tunisia,Defender
450936,Tanguy Ndombélé,1996.0,France,Midfield
451154,Federico Brancolini,2001.0,Italy,Goalkeeper
451340,Nunoo Sarpei,1998.0,Ghana,Midfield
451848,Geoffrey Acheampong,1997.0,Ghana,Missing
452084,Ahmed Kutucu,2000.0,Türkiye,Attack
452876,Eden Massouema,1997.0,Congo,Midfield
452877,Mehdi Merghem,1997.0,Algeria,Attack
453016,Anthony Caci,1997.0,France,Defender
453594,Adama Diakhaby,1996.0,France,Midfield
453597,Vincent Marcel,1997.0,France,Attack
453704,Álvaro Fernández,1998.0,Spain,Goalkeeper
453824,Josh Maja,1998.0,Nigeria,Attack
455056,Imanol García,1995.0,Spain,Midfield
455181,Jorge de Frutos,1997.0,Spain,Attack
455661,Nick Woltemade,2002.0,Germany,Attack
456535,Agustín Rogel,1997.0,Uruguay,Defender
456877,Rekeem Harper,2000.0,England,Midfield
456938,Javier Avilés,1997.0,Spain,Attack
457236,Luca Falbo,2000.0,Italy,Defender
457673,Gabriel Strefezza,1997.0,Brazil,Attack
457931,Luiz Felipe,1997.0,Italy,Defender
459128,Marco Brescianini,2000.0,Italy,Midfield
459452,Riccardo Ladinetti,2000.0,Italy,Midfield
459463,Cucho Hernández,1999.0,Colombia,Attack
459504,Federico Marigosu,2001.0,Italy,Midfield
459655,Matteo Lovato,2000.0,Italy,Defender
459661,Eddie Salcedo,2001.0,Italy,Attack
459953,Giacomo Manzari,2000.0,Italy,Attack
460629,Colin Dagba,1998.0,France,Defender
460655,Moussa Sylla,1999.0,France,Attack
460898,Damir Ceter,1997.0,Colombia,Attack
461617,Rodrigo Riquelme,2000.0,Spain,Attack
461618,Andrés Solano,1998.0,Colombia,Defender
461858,José Alonso Lara,2000.0,Spain,Attack
462250,João Félix,1999.0,Portugal,Attack
462809,Christian Rutjens,1998.0,Spain,Defender
463332,Emmanuel Apeh,1996.0,Nigeria,Attack
463603,Benoît Badiashile,2001.0,France,Defender
463605,Bafodé Diakité,2001.0,France,Defender
463608,Mathieu Gonçalves,2001.0,France,Defender
463610,Loïc Mbe Soh,2001.0,France,Defender
463611,Abdoulaye Dabo,2001.0,France,Midfield
463613,Yann Gboho,2001.0,France,Attack
463617,Adil Taoui,2001.0,France,Attack
463618,Khéphren Thuram,2001.0,France,Midfield
463620,Willem Geubbels,2001.0,France,Attack
463665,Oumar Solet,2000.0,France,Defender
464446,Andri Fannar Baldursson,2002.0,Iceland,Midfield
464990,Arton Zekaj,2000.0,Kosovo,Midfield
465279,Marco Ballarini,2001.0,Italy,Midfield
465715,Élie Youan,1999.0,France,Attack
465830,Mattéo Guendouzi,1999.0,France,Midfield
465836,Stefan Bajic,2001.0,France,Goalkeeper
465955,Marcin Bulka,1999.0,Poland,Goalkeeper
465967,Ander Guevara,1997.0,Spain,Midfield
466298,Santiago Cáseres,1997.0,Argentina,Midfield
466794,Eric García,2001.0,Spain,Defender
466808,Jaume Cuéllar,2001.0,Bolivia,Attack
466810,Ansu Fati,2002.0,Spain,Attack
466910,Wesley Moustache,1999.0,France,Defender
467426,Dennis Borkowski,2002.0,Germany,Attack
467599,Ben Wilmot,1999.0,England,Defender
467623,Lyle Foster,2000.0,South Africa,Attack
468002,Ben Johnson,2000.0,England,Defender
468929,Lemouya Goudiaby,1997.0,Senegal,Defender
469860,Indiana Vassilev,2001.0,United States,Attack
469949,Noah Katterbach,2001.0,Germany,Defender
471474,Javi Martínez,1999.0,Spain,Midfield
471582,Zaydou Youssouf,1999.0,Comoros,Midfield
471690,Max Aarons,2000.0,England,Defender
472161,Mamadou Coulibaly,1999.0,Senegal,Midfield
472249,Jan Thielmann,2002.0,Germany,Attack
472423,Reece James,1999.0,England,Defender
474621,Juan Valencia,1998.0,Colombia,Midfield
474662,Hugo Magnetti,1998.0,France,Midfield
474665,Quentin Depehi,1997.0,France,Attack
475411,Wesley Fofana,2000.0,France,Defender
475413,Sacha Boey,2000.0,France,Defender
476079,Lucas Dias,1999.0,France,Goalkeeper
476100,Diego Barrios,1994.0,Spain,Goalkeeper
476237,Steven Alzate,1998.0,Colombia,Midfield
476344,Emerson Royal,1999.0,Brazil,Defender
476352,Renan Lodi,1998.0,Brazil,Defender
476527,Kenny Rocha Santos,2000.0,Cape Verde,Midfield
476532,Andrew Eleftheriou,1997.0,England,Defender
476915,Melayro Bogarde,2002.0,Suriname,Midfield
477238,Sergio Arribas,1995.0,Spain,Attack
477758,Aaron Wan-Bissaka,1997.0,DR Congo,Defender
478346,Matis Carvalho,1999.0,Portugal,Goalkeeper
479939,Michael Folivi,1998.0,England,Attack
479942,Brandon Mason,1997.0,England,Defender
480116,Lloyd Kelly,1998.0,England,Defender
480267,Ronald Araujo,1999.0,Uruguay,Defender
480763,Juan Foyth,1998.0,Argentina,Defender
480883,Miguel de la Fuente,1999.0,Spain,Attack
480955,Miguel Atienza,1999.0,Spain,Midfield
480987,Chris Mepham,1997.0,Wales,Defender
481116,Youssef Maziz,1998.0,France,Midfield
481834,Andrea Carboni,2001.0,Italy,Defender
482072,Kévin Denkey,2000.0,Togo,Attack
482145,Issah Abass,1998.0,Ghana,Attack
482179,Álex Mozo,1995.0,Spain,Midfield
483461,Erik Expósito,1996.0,Spain,Attack
483573,Martín Aguirregabiria,1996.0,Spain,Defender
483974,Leon Dajaku,2001.0,Germany,Attack
484387,Matty Longstaff,2000.0,England,Midfield
484389,Kell Watts,1999.0,England,Defender
484991,Louis Carnot,2001.0,France,Midfield
485424,Moussa Djenepo,1998.0,Mali,Attack
485965,Nicolas Cozza,1999.0,France,Defender
486031,Nico González,1998.0,Argentina,Attack
486624,Musa Barrow,1998.0,The Gambia,Attack
487333,Paolo Gozzi,2001.0,Italy,Defender
487465,Pedro Neto,2000.0,Portugal,Attack
487829,Christian Dalle Mura,2002.0,Italy,Defender
487834,Lorenzo Pirola,2002.0,Italy,Defender
487843,Lorenzo Colombo,2002.0,Italy,Attack
487969,Randal Kolo Muani,1998.0,France,Attack
489971,Exaucé Ngassaki,1997.0,Congo,Attack
490417,Ibrahima Niane,1999.0,Senegal,Attack
493607,Matt Worthington,1997.0,England,Midfield
493674,Jack Lahne,2001.0,Sweden,Attack
494236,Andy Pelmard,2000.0,Madagascar,Defender
494237,Wilson Isidor,2000.0,Haiti,Attack
494586,Mickaël Nadé,1999.0,France,Defender
495601,Víctor Gómez,2000.0,Spain,Defender
495629,Hugo Guillamón,2000.0,Spain,Midfield
495666,William Saliba,2001.0,France,Defender
495667,Lucas Da Cunha,2001.0,France,Midfield
495669,Lamine Diaby-Fadiga,2001.0,Guinea,Midfield
496270,Gianmarco Cangiano,2001.0,Italy,Attack
497291,Nicolás Domínguez,1998.0,Argentina,Midfield
497663,Mujaid Sadick,2000.0,Spain,Defender
498043,Jakub Iskra,2002.0,Poland,Defender
499604,Dion Pereira,1999.0,Antigua and Barbuda,Attack
500087,Boris Mathis,1997.0,France,Attack
501418,Adrià Pedrosa,1998.0,Spain,Defender
502821,Riccardo Calafiori,2002.0,Italy,Defender
503619,Andrea Papetti,2002.0,Italy,Defender
503680,Neco Williams,2001.0,Wales,Defender
503733,Anthony Gordon,2001.0,England,Attack
503740,Kouadio-Yves Dabila,1997.0,Cote d'Ivoire,Defender
503795,Jeremy Ngakia,2000.0,DR Congo,Defender
504125,Olivier Verdon,1995.0,Benin,Defender
504148,Tariq Lamptey,2000.0,Ghana,Defender
504215,Giovanni Reyna,2002.0,United States,Midfield
505194,Luke Thomas,2001.0,England,Defender
505219,James Garner,2001.0,England,Midfield
505673,Víctor Mollejo,2001.0,Spain,Attack
505674,Sergio Camello,2001.0,Spain,Attack
506009,Amine Bassi,1997.0,Morocco,Midfield
506248,Edu Expósito,1996.0,Spain,Midfield
507700,Brandon Williams,2000.0,England,Defender
510971,Víctor López,1997.0,Spain,Defender
512344,Jandrei,1993.0,Brazil,Goalkeeper
516716,Bremer,1997.0,Brazil,Defender
517376,Yusuf Sarı,1998.0,Türkiye,Attack
517842,Aihen Muñoz,1997.0,Spain,Defender
517894,Matheus Cunha,1999.0,Brazil,Attack
518860,Madih Talal,1997.0,France,Midfield
520468,Iago,1997.0,Brazil,Defender
520624,Bruno Guimarães,1997.0,Brazil,Midfield
521964,Malick Thiaw,2001.0,Germany,Defender
522788,Timothé Nkada,1999.0,France,Attack
522791,Sambou Sissoko,1999.0,France,Midfield
524318,Sami Ben Amar,1998.0,Morocco,Attack
524481,Roger Ibañez,1998.0,Brazil,Defender
524929,Kévin Zohi,1996.0,Mali,Attack
525247,Maximilian Kilman,1997.0,England,Defender
525287,Carlos Vinícius,1995.0,Brazil,Attack
525704,Nicolò Rovella,2001.0,Italy,Midfield
527350,Manu Vallejo,1997.0,Spain,Attack
527698,Kike Pérez,1997.0,Spain,Midfield
528178,Ismaïl Aaneba,1999.0,France,Defender
528833,Lazar Samardžić,2002.0,Serbia,Midfield
530552,Federico Bonini,2001.0,Italy,Defender
530879,Kayne Ramsay,2000.0,England,Defender
531062,Fabio González,1997.0,Spain,Midfield
531949,Ignatius Ganago,1999.0,Cameroon,Attack
531960,Lucas Buades,1997.0,France,Midfield
532775,Melvin Bard,2000.0,France,Defender
532776,Amine Adli,2000.0,Morocco,Attack
532826,Mason Greenwood,2001.0,England,Attack
534033,Alexis Mac Allister,1998.0,Argentina,Midfield
536152,Gonzalo Pereira,1997.0,Spain,Defender
536460,Andrea Ghezzi,2001.0,Italy,Attack
536477,Arthur Zagré,2001.0,Burkina Faso,Defender
536507,Giulian Biancone,2000.0,France,Defender
536508,Han-Noah Massengo,2001.0,France,Midfield
536835,Amad Diallo,2002.0,Cote d'Ivoire,Attack
537127,Théo Sainte-Luce,1998.0,France,Defender
537182,Levi Lumeka,1998.0,England,Attack
537382,Bryan Gil,2001.0,Spain,Attack
537488,Dion Ruffo Luci,2001.0,Italy,Midfield
538063,Lucas Felippe,2000.0,Brazil,Midfield
538810,Chris Ramos,1997.0,Spain,Attack
538918,Sebastiano Esposito,2002.0,Italy,Attack
538974,Janis Antiste,2002.0,Martinique,Attack
538996,Tanguy Nianzou,2002.0,France,Defender
539134,Daniel Maldini,2001.0,Italy,Midfield
539232,Jessy Deminguet,1998.0,France,Midfield
539612,Siriky Sanogo,2001.0,Cote d'Ivoire,Midfield
540659,Albert Lottin,2001.0,France,Midfield
540676,Thomas Carrique,1999.0,France,Defender
540727,Driss Khalid,1999.0,Morocco,Midfield
541646,Diego Barri,1995.0,Spain,Midfield
543666,Stefano Turati,2001.0,Italy,Goalkeeper
543736,Krisztofer Horváth,2002.0,Hungary,Midfield
545576,Lilian Fournier,1998.0,France,Midfield
547534,Josh Martin,2001.0,England,Attack
548111,Álex Baena,2001.0,Spain,Attack
548188,Germán Valera,2002.0,Spain,Attack
548716,Yoël Armougom,1998.0,France,Defender
549318,Yannis Clementia,1997.0,Martinique,Goalkeeper
550116,Ilario Monterisi,2001.0,Italy,Defender
552425,Jon Moncayola,1998.0,Spain,Midfield
552655,Troy Parrott,2002.0,Ireland,Attack
553285,Tim Lemperle,2002.0,Germany,Attack
553875,Pedro Porro,1999.0,Spain,Defender
555076,Romain Faivre,1998.0,France,Midfield
556567,Dylan Lempereur,1998.0,France,Defender
557149,Kang-in Lee,2001.0,"Korea, South",Midfield
557610,Isaac Lihadji,2002.0,France,Attack
557614,Nathanaël Mbuku,2002.0,DR Congo,Attack
560593,Hicham Boudaoui,1999.0,Algeria,Midfield
560725,Abdoul Kader Bamba,1994.0,France,Attack
562030,Musa Juwara,2001.0,The Gambia,Attack
562287,Christian Celesia,2002.0,Italy,Defender
563306,Jordan Thomas,2001.0,England,Defender
563812,Christian Oliva,1996.0,Uruguay,Midfield
563963,Mohammed Salisu,1999.0,Ghana,Defender
564305,Michel Adopo,2000.0,France,Midfield
564545,Edmond Tapsoba,1999.0,Burkina Faso,Defender
565822,Harvey Elliott,2003.0,England,Midfield
566036,Borja Garcés,1999.0,Spain,Attack
567217,Ebrima Colley,2000.0,The Gambia,Attack
568158,Javi López,2002.0,Spain,Defender
568702,Papa Ndiaga Yade,2000.0,Mauritania,Attack
568835,Pablo Martínez,1998.0,Spain,Midfield
569384,Lucien Agoumé,2002.0,France,Midfield
569385,Adil Aouchiche,2002.0,Algeria,Midfield
569388,Clément Vidal,2000.0,France,Defender
569389,Sofiane Diop,2000.0,Morocco,Attack
569598,Youssouf Fofana,1999.0,France,Midfield
569866,Roberto López,2000.0,Spain,Midfield
570421,Nico Melamed,2001.0,Spain,Attack
571020,Oihan Sancet,2000.0,Spain,Midfield
571743,Armando Broja,2001.0,Albania,Attack
573775,Hugo Duro,1999.0,Spain,Attack
573979,Tòfol Montiel,2000.0,Spain,Attack
574495,Kristoffer Askildsen,2001.0,Norway,Midfield
575998,Leonardo Balerdi,1999.0,Argentina,Defender
577590,Pedro Brazão,2002.0,Portugal,Attack
578391,Rayan Aït-Nouri,2001.0,Algeria,Defender
578392,Maximilian Beier,2002.0,Germany,Attack
578539,Chris Richards,2000.0,United States,Defender
578872,Jean Lucas,1998.0,Brazil,Midfield
579930,Armand Laurienté,1998.0,France,Attack
580195,Jamal Musiala,2003.0,Germany,Midfield
580560,Jon Pacheco,2001.0,Spain,Defender
580747,Yvann Maçon,1998.0,Guadeloupe,Defender
581780,Adrián Sahibeddine,1994.0,France,Midfield
581781,Enzo Loiodice,2000.0,France,Midfield
582131,Denilho Cleonise,2001.0,Netherlands,Attack
583508,David Alba,1999.0,Spain,Defender
583510,Miguel Rubio,1998.0,Spain,Defender
584769,Dwight McNeil,1999.0,England,Attack
585700,Juan Cruz,2000.0,Spain,Attack
587458,Kevin Agudelo,1998.0,Colombia,Midfield
590690,Víctor García,1997.0,Spain,Attack
591197,Bastian Badu,2000.0,France,Attack
591375,Stiven Plaza,1999.0,Ecuador,Attack
593279,Younn Zahary,1998.0,Comoros,Defender
593319,Herman Moussaki,1999.0,Congo,Attack
593320,Evens Joseph,1999.0,France,Attack
594926,Naïs Djouahra,1999.0,France,Attack
596240,Senou Coulibaly,1994.0,Mali,Defender
598577,Florian Wirtz,2003.0,Germany,Midfield
598958,Max Thompson,2002.0,England,Attack
599263,Vicente Esquerdo,1999.0,Spain,Midfield
600151,Florent Poulolo,1997.0,Martinique,Defender
601577,André Anderson,1999.0,Italy,Midfield
601816,Djegui Koita,1999.0,Mali,Defender
601877,Luan Capanni,2000.0,Brazil,Midfield
602607,Stefano Piccinini,2002.0,Italy,Defender
605184,Jean-Clair Todibo,1999.0,France,Defender
605498,Sebastian Soto,2000.0,United States,Attack
605893,Lucas Ribeiro,1999.0,Brazil,Defender
606447,Percy Prado,1996.0,Peru,Defender
606450,Gaoussou Traoré,1999.0,France,Midfield
606451,Sanasi Sy,1999.0,,Defender
606466,Mauro Burruchaga,1998.0,Argentina,Midfield
606849,Makhtar Gueye,1997.0,Senegal,Attack
607223,Rayan Cherki,2003.0,France,Midfield
607779,Sergio Moreno,1999.0,Spain,Attack
609692,Bilal Benkhedim,2001.0,Algeria,Midfield
610083,Unai Vencedor,2000.0,Spain,Midfield
610336,Antoñín,2000.0,Spain,Attack
611198,Álex Blesa,2002.0,Spain,Midfield
615636,Abdallahi Mahmoud,2000.0,Mauritania,Midfield
616369,Ander Barrenetxea,2001.0,Spain,Attack
617170,Martin Palumbo,2002.0,Norway,Midfield
618809,Manu Sánchez,2000.0,Spain,Defender
624037,Joris Chotard,2001.0,France,Midfield
624690,Manu Koné,2001.0,France,Midfield
624942,Raúl Moro,2002.0,Spain,Attack
626724,João Pedro,2001.0,Brazil,Attack
626913,Boulaye Dia,1996.0,Senegal,Attack
627294,Fer Niño,2000.0,,Attack
627463,Thibaut Vargas,2000.0,France,Defender
629566,Eddy Sylvestre,1999.0,France,Midfield
629585,Kalidou Sidibé,1999.0,France,Midfield
629588,Nathan Ngoumou,2000.0,Cameroon,Attack
630990,Ismael Gutiérrez,2000.0,Spain,Midfield
631002,Raúl García,2000.0,Spain,Attack
632741,Iker Losada,2001.0,Spain,Attack
633398,Assil Jaziri,1999.0,Tunisia,Midfield
634131,Aimar Oroz,2001.0,Spain,Midfield
634461,Borja Sainz,2001.0,Spain,Attack
635336,Imrân Louza,1999.0,Morocco,Midfield
640428,Eduardo Camavinga,2002.0,France,Midfield
642967,Brayan Vera,1999.0,Colombia,Defender
644032,Cheikh Niasse,2000.0,Senegal,Midfield
644563,Bryan Soumaré,1999.0,France,Midfield
646747,Rafa Obrador,2004.0,Spain,Defender
646782,Mamoudou Karamoko,1999.0,France,Attack
648779,Wilfried Singo,2000.0,Cote d'Ivoire,Defender
649016,El Bilal Touré,2001.0,Mali,Attack
650104,Zinédine Ould Khaled,2000.0,France,Midfield
655143,Josué Homawoo,1997.0,Togo,Defender
655488,Gabriel Martinelli,2001.0,Brazil,Attack
656441,Jean Onana,2000.0,Cameroon,Midfield
661053,Jarrad Branthwaite,2002.0,England,Defender
666234,Mohamed Simakan,2000.0,France,Defender
682032,Marley Aké,2001.0,France,Attack
684062,Hianga'a Mbock,1999.0,France,Midfield
687035,Kelvin Ofori,2001.0,Ghana,Midfield
694507,Rayan Philippe,2000.0,France,Attack
694509,Moussa Diarra,2000.0,Mali,Defender
696598,Ibrahim Cissé,1999.0,Cote d'Ivoire,Defender
703470,Brandon Pierrick,2001.0,England,Attack
707317,Antoine Valério,1999.0,France,Midfield
723416,Ahmad Ngouyamsa,2000.0,Cameroon,Defender
728311,Edmilson Correia,2000.0,Guinea-Bissau,Attack
729814,Georges Mikautadze,2000.0,Georgia,Attack
729818,Luca Valls,1998.0,France,Midfield
730893,Tyrick Mitchell,1999.0,England,Defender
735700,Maxence Rivera,2002.0,France,Attack
769063,Luka Romero,2004.0,Argentina,Attack
789328,Manu Garrido,2000.0,Spain,Attack
