player_id,total_minutes_top5,total_appearances,peak_market_value_eur,ever_played_top_club,played_in_period,passes_obscurity_filter
10,7399,112,30000000.0,False,True,False
26,8542,96,8000000.0,True,True,False
65,6927,89,34500000.0,False,True,False
77,90,1,24500000.0,True,True,False
80,900,10,3000000.0,True,True,False
123,202,4,9500000.0,False,True,False
132,2760,52,17500000.0,True,True,False
215,5074,91,12000000.0,False,True,False
258,1007,17,7000000.0,False,True,True
264,468,13,6500000.0,False,True,True
277,3301,48,3500000.0,False,True,True
332,31,6,2500000.0,False,True,True
410,4327,60,9000000.0,True,True,False
411,1061,15,7500000.0,False,True,False
447,696,8,2000000.0,False,True,True
488,2298,28,2200000.0,False,True,True
532,5801,157,12000000.0,True,True,False
557,450,5,4500000.0,False,True,True
568,6657,79,4500000.0,False,True,True
598,3240,36,10000000.0,False,True,False
670,135,8,12000000.0,False,True,False
690,65,3,12000000.0,False,True,False
691,5734,85,9500000.0,False,True,False
735,579,10,1250000.0,False,True,True
773,279,5,8500000.0,False,True,False
823,3830,47,4000000.0,False,True,True
837,2026,25,2500000.0,False,True,True
886,1391,16,800000.0,False,True,True
892,1125,13,2250000.0,False,True,True
992,90,1,1500000.0,False,True,True
1073,1250,22,5500000.0,True,True,False
1075,565,10,8000000.0,False,True,False
1094,2732,37,6000000.0,False,True,True
1095,10,2,4000000.0,False,True,True
1116,1688,22,2000000.0,False,True,True
1126,8961,105,2500000.0,False,True,True
1139,6309,73,3000000.0,False,True,True
1144,13,1,1300000.0,False,True,True
1150,5670,64,5000000.0,False,True,True
1161,3319,45,11000000.0,True,True,False
1277,9489,118,7000000.0,False,True,False
1321,2909,39,8000000.0,False,True,False
1327,2313,37,14500000.0,False,True,False
1331,523,14,12000000.0,False,True,False
1335,1847,22,4000000.0,False,True,True
1363,2882,33,1000000.0,False,True,True
1368,5373,69,6000000.0,False,True,True
1397,94,8,30000000.0,False,True,False
1423,4881,57,2500000.0,False,True,True
1426,1044,26,8000000.0,False,True,False
1428,1808,47,5000000.0,False,True,True
1474,900,10,10000000.0,False,True,False
1496,197,3,2250000.0,False,True,True
1565,9640,120,4500000.0,False,True,False
1568,1397,24,1500000.0,False,True,True
1572,29,1,5000000.0,False,True,True
1573,350,7,9000000.0,False,True,False
1586,8518,102,4500000.0,False,True,True
1587,1802,22,3000000.0,False,True,True
1613,5,1,1500000.0,False,True,True
1659,652,15,750000.0,False,True,True
1662,8710,108,6000000.0,False,True,True
1667,13847,155,11500000.0,False,True,False
1684,1196,18,1500000.0,False,True,True
1726,9588,112,9000000.0,False,True,False
1772,288,10,1500000.0,False,True,True
1784,11680,131,16000000.0,False,True,False
1791,7995,115,7500000.0,False,True,False
1792,1361,16,11000000.0,False,True,False
1944,1801,23,400000.0,False,True,True
1986,6356,93,3000000.0,False,True,True
2050,1279,38,5000000.0,False,True,True
2150,1078,18,1800000.0,True,True,False
2201,3060,34,1000000.0,False,True,True
2219,10535,129,30000000.0,True,True,False
2233,2132,26,4000000.0,False,True,True
2334,2462,33,1500000.0,False,True,True
2358,2058,29,5000000.0,False,True,True
2386,450,5,500000.0,False,True,True
2421,3060,34,4500000.0,False,True,True
2453,303,11,1400000.0,False,True,True
2514,6752,89,40000000.0,True,True,False
2623,1428,30,10000000.0,False,True,False
2712,417,11,2000000.0,False,True,True
2767,3224,53,4500000.0,False,True,True
2805,2055,34,6500000.0,False,True,True
2857,2477,28,1500000.0,False,True,True
2865,14341,200,17000000.0,True,True,False
2874,942,26,11000000.0,False,True,False
2878,544,12,2800000.0,False,True,True
2904,759,9,16000000.0,False,True,False
2923,5335,80,5500000.0,False,True,True
2926,6507,82,3000000.0,False,True,True
2950,10,1,1000000.0,False,True,True
2953,1307,18,5000000.0,False,True,True
2963,9504,121,16000000.0,True,True,False
2998,11478,130,8900000.0,False,True,False
3109,8358,99,50000000.0,True,True,False
3114,2526,56,4500000.0,False,True,True
3115,563,16,7000000.0,False,True,True
3118,196,4,16000000.0,False,True,False
3130,1181,16,5500000.0,False,True,True
3131,76,4,7500000.0,False,True,False
3139,314,10,40000000.0,True,True,False
3146,1125,13,10000000.0,False,True,False
3156,1526,19,19000000.0,True,True,False
3159,673,9,650000.0,False,True,True
3160,9912,119,35000000.0,True,True,False
3163,4593,87,45000000.0,True,True,False
3165,175,2,15000000.0,False,True,False
3172,722,24,4000000.0,False,True,True
3179,3117,76,9000000.0,False,True,False
3182,5165,59,27000000.0,True,True,False
3190,360,4,1500000.0,False,True,True
3195,244,9,10500000.0,False,True,False
3202,3924,61,22000000.0,True,True,False
3220,4016,51,15000000.0,False,True,False
3226,907,14,30000000.0,True,True,False
3235,4441,53,35000000.0,True,True,False
3256,4434,58,5000000.0,False,True,True
3259,3031,46,17000000.0,False,True,False
3266,5202,71,4500000.0,False,True,True
3270,720,8,11500000.0,False,True,False
3273,464,6,9000000.0,False,True,False
3276,2001,53,6500000.0,False,True,True
3291,14952,187,18500000.0,True,True,False
3292,5155,67,8600000.0,False,True,False
3296,2250,26,9500000.0,False,True,False
3297,1252,22,13000000.0,False,True,False
3306,11030,155,5500000.0,False,True,False
3332,13580,173,65000000.0,True,True,False
3333,19406,358,21000000.0,True,True,False
3356,7684,92,9000000.0,False,True,False
3357,4140,46,5000000.0,True,True,False
3366,3370,49,70000000.0,True,True,False
3397,763,16,25000000.0,True,True,False
3404,1551,18,6000000.0,False,True,True
3405,4598,56,9000000.0,False,True,False
3406,1670,34,25000000.0,True,True,False
3417,11505,132,9000000.0,True,True,False
3428,114,3,24500000.0,True,True,False
3441,3030,34,5500000.0,False,True,True
3455,16852,219,46000000.0,True,True,False
3461,825,13,15000000.0,True,True,False
3467,1377,24,31500000.0,False,True,False
3473,315,4,6500000.0,False,True,True
3476,1080,12,4000000.0,True,True,False
3495,3122,35,3500000.0,False,True,True
3507,5812,68,6500000.0,True,True,False
3525,10133,121,7500000.0,True,True,False
3530,3024,45,7500000.0,False,True,False
3535,15,1,4400000.0,False,True,True
3540,13354,160,7000000.0,False,True,False
3547,11506,144,22000000.0,True,True,False
3548,5363,79,8250000.0,False,True,False
3560,778,20,3500000.0,False,True,True
3562,2411,29,3000000.0,False,True,True
3569,5734,106,9000000.0,False,True,False
3575,5730,65,11000000.0,False,True,False
3580,3179,37,5500000.0,False,True,True
3597,1525,24,19000000.0,True,True,False
3614,810,12,4500000.0,False,True,True
3620,6847,104,8000000.0,False,True,False
3630,270,3,9000000.0,False,True,False
3634,1360,16,3500000.0,False,True,True
3640,147,2,1250000.0,False,True,True
3666,708,11,4000000.0,False,True,True
3692,5067,57,5750000.0,False,True,True
3698,914,13,7000000.0,False,True,True
3707,2667,31,8500000.0,False,True,False
3713,6762,99,6500000.0,False,True,True
3730,128,3,11500000.0,True,True,False
3762,2661,32,2750000.0,False,True,True
3775,2719,34,4000000.0,False,True,True
3785,3684,50,18000000.0,True,True,False
3788,2146,42,7000000.0,False,True,True
3791,2085,25,5250000.0,False,True,True
3807,1872,23,12000000.0,False,True,False
3816,900,13,2000000.0,False,True,True
3817,47,2,4000000.0,False,True,True
3838,5075,57,3500000.0,False,True,True
3851,7772,92,2500000.0,False,True,True
3875,11271,163,18000000.0,True,True,False
3876,1806,49,21000000.0,True,True,False
3878,10596,136,26500000.0,True,True,False
3881,11764,141,17000000.0,True,True,False
3890,1946,24,2500000.0,False,True,True
3901,169,7,8750000.0,False,True,False
3913,24,2,2000000.0,False,True,True
3924,856,28,40000000.0,True,True,False
3942,1500,37,3500000.0,False,True,True
3950,7482,99,8000000.0,False,True,False
3966,1992,41,20000000.0,False,True,False
3975,1939,30,1750000.0,False,True,True
3979,4762,53,35000000.0,True,True,False
3995,3191,51,7500000.0,False,True,False
4015,311,17,18000000.0,False,True,False
4018,21106,241,3500000.0,False,True,False
4042,826,10,2000000.0,True,True,False
4055,1770,21,3000000.0,False,True,True
4063,10231,128,16000000.0,True,True,False
4070,5353,63,4500000.0,False,True,True
4072,10085,176,12000000.0,False,True,False
4075,513,16,3750000.0,False,True,True
4094,167,5,1000000.0,False,True,True
4095,512,6,2000000.0,False,True,True
4111,939,12,1250000.0,False,True,True
4112,10,1,5500000.0,False,True,True
4115,2117,38,4000000.0,False,True,True
4192,6385,87,26000000.0,True,True,False
4205,3092,52,8000000.0,False,True,False
4208,257,5,3500000.0,False,True,True
4217,2237,37,4500000.0,False,True,True
4219,35,2,2000000.0,False,True,True
4233,2565,29,2000000.0,False,True,True
4241,8346,104,17000000.0,True,True,False
4248,4662,60,29000000.0,True,True,False
4257,3312,53,42000000.0,True,True,False
4267,11588,130,10000000.0,False,True,False
4276,7597,100,40000000.0,True,True,False
4277,3999,49,9700000.0,False,True,False
4310,405,5,3000000.0,True,True,False
4311,6651,75,11000000.0,True,True,False
4314,597,10,24000000.0,True,True,False
4315,3786,54,12000000.0,False,True,False
4317,11121,131,13500000.0,True,True,False
4321,5936,86,11000000.0,False,True,False
4357,9956,128,20000000.0,False,True,False
4360,7678,118,40000000.0,True,True,False
4371,1687,21,3250000.0,False,True,True
4380,6821,86,47500000.0,True,True,False
4383,1486,29,12500000.0,False,True,False
4592,1343,20,12500000.0,False,True,False
4607,3650,61,3250000.0,False,True,True
4624,2302,28,2000000.0,False,True,True
4672,7491,91,21000000.0,True,True,False
4673,762,10,45000000.0,True,True,False
4687,10656,148,7000000.0,False,True,False
4691,5290,83,2500000.0,False,True,True
4740,1989,25,15000000.0,True,True,False
4746,43,1,1200000.0,False,True,True
4793,2971,35,4000000.0,False,True,True
4796,4291,53,7000000.0,False,True,True
4811,24917,285,6000000.0,False,True,False
5017,12518,147,6500000.0,False,True,False
5023,19445,218,35000000.0,True,True,False
5072,1350,15,2000000.0,False,True,True
5169,4858,71,11000000.0,False,True,False
5278,3153,36,4500000.0,False,True,True
5281,43,1,4250000.0,False,True,True
5283,2492,31,20000000.0,True,True,False
5285,11491,140,27000000.0,True,True,False
5286,90,1,7500000.0,False,True,False
5293,8379,97,18000000.0,False,True,False
5299,581,17,15000000.0,False,True,False
5300,2387,28,15000000.0,False,True,False
5303,10074,213,4000000.0,False,True,False
5308,13738,155,10000000.0,False,True,False
5309,2070,23,2750000.0,False,True,True
5338,16228,181,2500000.0,False,True,False
5339,4228,51,7000000.0,False,True,True
5345,1292,25,5500000.0,False,True,True
5348,13618,202,6500000.0,False,True,False
5352,945,12,28000000.0,False,True,False
5357,571,18,15000000.0,False,True,False
5376,1162,24,7500000.0,False,True,False
5399,2205,31,3300000.0,False,True,True
5404,8650,111,15000000.0,True,True,False
5406,4320,69,9000000.0,False,True,False
5422,6198,72,20000000.0,True,True,False
5430,6553,82,2000000.0,False,True,True
5431,2418,58,2000000.0,False,True,True
5444,20,1,1800000.0,True,True,False
5451,6098,75,2600000.0,False,True,True
5457,8286,123,3500000.0,False,True,True
5461,2344,28,20000000.0,False,True,False
5474,1356,20,6000000.0,True,True,False
5477,9410,110,7500000.0,False,True,False
5486,3849,57,16000000.0,True,True,False
5495,2155,28,10000000.0,False,True,False
5501,203,3,4600000.0,False,True,True
5507,3076,38,10000000.0,True,True,False
5513,13225,152,22000000.0,False,True,False
5521,4174,69,4000000.0,False,True,True
5539,768,16,3000000.0,False,True,True
5543,3680,43,3000000.0,False,True,True
5544,3024,64,3500000.0,False,True,True
5566,254,3,1600000.0,False,True,True
5576,4972,58,3500000.0,False,True,True
5578,5940,66,2800000.0,False,True,True
5588,2843,46,38000000.0,True,True,False
5592,456,8,2500000.0,False,True,True
5597,1144,34,2600000.0,False,True,True
5614,4217,49,3500000.0,False,True,True
5622,1197,19,2000000.0,False,True,True
5627,1298,23,2000000.0,False,True,True
5635,1213,15,6000000.0,False,True,True
5636,1923,23,7500000.0,False,True,False
5639,979,29,2750000.0,False,True,True
5645,3894,51,11000000.0,False,True,False
5648,4969,59,16000000.0,False,True,False
5652,823,21,4500000.0,False,True,True
5658,16644,187,28500000.0,True,True,False
5664,860,13,1500000.0,False,True,True
5667,3240,36,7500000.0,False,True,False
5668,4741,56,8500000.0,False,True,False
5672,14189,194,7000000.0,False,True,False
5676,8921,103,4000000.0,False,True,True
5680,1921,37,3000000.0,False,True,True
5686,5624,63,900000.0,False,True,True
5687,2812,32,900000.0,False,True,True
5698,5637,87,3000000.0,False,True,True
5755,17751,208,8000000.0,False,True,False
5768,468,10,8000000.0,False,True,False
5782,267,7,12000000.0,True,True,False
5793,4073,58,5000000.0,False,True,True
5794,1710,21,16000000.0,False,True,False
5812,195,8,4000000.0,False,True,True
5817,6932,82,36000000.0,True,True,False
5818,2560,41,11000000.0,True,True,False
5825,8176,127,18500000.0,True,True,False
5854,3240,36,20000000.0,False,True,False
5856,6475,85,11000000.0,True,True,False
5858,12095,145,9000000.0,False,True,False
5868,5961,103,13000000.0,False,True,False
5870,3134,48,6000000.0,False,True,True
5873,5101,62,10000000.0,False,True,False
5878,9836,136,30000000.0,False,True,False
5879,2857,37,25000000.0,False,True,False
5880,9900,110,8000000.0,True,True,False
5889,4000,47,5000000.0,False,True,True
5890,2838,43,11000000.0,False,True,False
5893,5339,79,4000000.0,False,True,True
5896,6473,83,15000000.0,False,True,False
5908,18,1,2500000.0,False,True,True
5917,256,4,7500000.0,False,True,False
5922,575,16,15000000.0,True,True,False
5925,3561,44,6500000.0,False,True,True
5928,7379,160,7000000.0,False,True,True
5936,900,11,8000000.0,False,True,False
5938,2534,30,25000000.0,True,True,False
5942,3073,37,8500000.0,False,True,False
5946,6862,83,6500000.0,False,True,True
5947,13994,178,38000000.0,True,True,False
5948,128,4,2300000.0,False,True,True
5957,8956,127,18000000.0,False,True,False
5958,6991,118,40000000.0,True,True,False
5962,7435,105,25000000.0,True,True,False
5966,232,5,3000000.0,False,True,True
5970,12687,155,7000000.0,False,True,False
5974,3098,43,16000000.0,False,True,False
5976,2315,31,4200000.0,False,True,True
5980,9335,122,28500000.0,False,True,False
5986,180,2,4000000.0,False,True,True
5993,4583,57,12000000.0,True,True,False
6004,1165,20,650000.0,False,True,True
6012,5163,68,4300000.0,False,True,True
6020,1328,26,8500000.0,False,True,False
6026,882,16,10500000.0,True,True,False
6031,8641,121,15000000.0,False,True,False
6033,8625,109,7000000.0,False,True,True
6043,4981,79,8500000.0,False,True,False
6046,1362,20,5000000.0,False,True,True
6058,180,2,3700000.0,True,True,False
6075,504,18,6500000.0,False,True,True
6076,512,11,7500000.0,False,True,False
6090,823,12,10000000.0,False,True,False
6097,1901,29,15000000.0,False,True,False
6106,2207,39,8000000.0,False,True,False
6107,270,3,4000000.0,False,True,True
6119,1729,39,16000000.0,True,True,False
6150,9453,107,10000000.0,False,True,False
6157,980,15,14000000.0,False,True,False
6160,6583,111,5500000.0,False,True,True
6233,1112,24,7000000.0,False,True,True
6234,4940,86,20000000.0,False,True,False
6237,10976,158,15000000.0,False,True,False
6267,152,13,4000000.0,False,True,True
6270,6603,77,5000000.0,False,True,True
6274,182,4,2500000.0,False,True,True
6278,3231,36,1800000.0,False,True,True
6287,2024,34,2500000.0,False,True,True
6288,8772,122,42000000.0,True,True,False
6322,148,4,10000000.0,False,True,False
6427,1297,27,9000000.0,False,True,False
6438,5196,63,12000000.0,False,True,False
6442,900,10,2800000.0,False,True,True
6448,2472,43,25000000.0,True,True,False
6457,2194,31,2000000.0,False,True,True
6585,874,16,5000000.0,False,True,True
6636,14086,186,7500000.0,False,True,False
6645,3168,66,10000000.0,False,True,False
6710,11779,135,20000000.0,True,True,False
6717,780,11,3250000.0,False,True,True
6721,2063,33,7500000.0,False,True,False
6722,86,3,3500000.0,False,True,True
6750,5858,72,5000000.0,False,True,True
6791,1104,24,750000.0,False,True,True
6792,2918,39,7000000.0,True,True,False
6793,7555,94,12500000.0,False,True,False
6803,10427,132,4500000.0,False,True,False
6832,602,8,6500000.0,False,True,True
6838,124,2,3200000.0,False,True,True
6852,59,1,2000000.0,False,True,True
6855,67,5,8500000.0,False,True,False
6893,632,11,4000000.0,False,True,True
6970,128,4,2500000.0,False,True,True
6980,514,16,1400000.0,False,True,True
6986,6131,103,1100000.0,False,True,True
7028,2675,34,3500000.0,False,True,True
7093,15677,208,3000000.0,False,True,False
7096,11300,138,5500000.0,False,True,False
7101,2873,36,6500000.0,False,True,True
7102,33,1,400000.0,False,True,True
7109,11979,156,14500000.0,True,True,False
7161,18117,298,16000000.0,True,True,False
7330,2215,27,4250000.0,False,True,True
7337,162,3,1000000.0,False,True,True
7353,766,21,3500000.0,False,True,True
7358,4101,48,6000000.0,False,True,True
7427,7260,103,12000000.0,False,True,False
7449,9241,110,16000000.0,True,True,False
7451,6004,81,20000000.0,True,True,False
7468,2175,28,3000000.0,False,True,True
7476,10015,133,35000000.0,True,True,False
7480,929,24,11000000.0,False,True,False
7486,2487,31,13000000.0,False,True,False
7492,2629,32,7000000.0,False,True,True
7499,1208,19,6000000.0,False,True,True
7501,2645,46,20000000.0,False,True,False
7512,5108,80,3000000.0,False,True,True
7519,1326,16,2200000.0,False,True,True
7520,7576,96,31000000.0,True,True,False
7528,655,13,5000000.0,False,True,True
7537,1777,20,2000000.0,True,True,False
7542,8563,101,7500000.0,False,True,False
7563,1406,16,7000000.0,False,True,True
7568,9086,105,5000000.0,False,True,False
7572,1850,22,13000000.0,False,True,False
7575,1204,18,15000000.0,False,True,False
7589,7689,87,20000000.0,True,True,False
7593,12568,154,10000000.0,False,True,False
7594,1394,18,30000000.0,True,True,False
7600,11597,171,70000000.0,True,True,False
7602,11227,152,16000000.0,True,True,False
7607,6225,91,65000000.0,True,True,False
7611,1979,41,20000000.0,False,True,False
7612,3168,36,5000000.0,True,True,False
7631,6986,92,4000000.0,False,True,True
7642,101,2,3000000.0,False,True,True
7663,15939,287,28000000.0,False,True,False
7669,347,4,8500000.0,False,True,False
7717,6119,111,35000000.0,False,True,False
7723,662,8,10500000.0,False,True,False
7739,2971,48,2400000.0,False,True,True
7763,2252,32,3000000.0,False,True,True
7767,9690,181,50000000.0,True,True,False
7781,12594,151,10000000.0,False,True,False
7782,4594,108,6000000.0,False,True,True
7797,11700,130,3500000.0,False,True,False
7803,1680,21,5500000.0,False,True,True
7818,4575,57,4000000.0,False,True,True
7825,24225,272,22000000.0,True,True,False
7828,2281,26,1500000.0,False,True,True
7841,1278,28,2500000.0,False,True,True
7858,367,12,11000000.0,True,True,False
7867,84,6,2000000.0,False,True,True
7874,15016,170,5000000.0,False,True,False
7881,5221,64,4000000.0,False,True,True
7899,57,4,16000000.0,False,True,False
7901,1356,18,3500000.0,False,True,True
7914,9267,104,10000000.0,False,True,False
7922,11800,162,9000000.0,False,True,False
7923,11902,141,2000000.0,False,True,False
7945,3144,54,4000000.0,False,True,True
7971,16460,218,15000000.0,False,True,False
7980,3828,64,50000000.0,True,True,False
7983,2900,44,15000000.0,False,True,False
7985,66,1,2500000.0,False,True,True
7989,3313,63,3400000.0,False,True,True
8019,3721,60,25000000.0,False,True,False
8060,4974,57,4000000.0,False,True,True
8108,2521,48,1500000.0,False,True,True
8163,301,5,2000000.0,False,True,True
8176,6032,68,2500000.0,False,True,True
8184,13277,152,2000000.0,False,True,False
8188,236,4,2500000.0,False,True,True
8198,27801,329,120000000.0,True,True,False
8206,4385,59,1500000.0,False,True,True
8207,146,2,1000000.0,False,True,True
8246,720,8,400000.0,False,True,True
8317,4550,93,7500000.0,False,True,False
8323,5287,66,3000000.0,False,True,True
8498,1138,14,750000.0,False,True,True
8538,4773,71,15000000.0,True,True,False
8552,5144,82,12000000.0,False,True,False
8640,2268,28,1500000.0,False,True,True
8730,573,17,1500000.0,False,True,True
8746,4409,55,1500000.0,False,True,True
8806,17199,260,55000000.0,True,True,False
8883,4836,71,25000000.0,True,True,False
8885,14840,208,7500000.0,False,True,False
9091,2610,29,5000000.0,False,True,True
9218,2784,48,6500000.0,False,True,True
9239,302,6,3000000.0,False,True,True
9335,1149,28,6000000.0,False,True,True
9340,4922,59,4000000.0,False,True,True
9354,3880,71,7500000.0,False,True,False
9413,2090,36,3000000.0,False,True,True
9422,4568,52,8500000.0,False,True,False
9500,4770,53,3000000.0,False,True,True
9508,3224,45,4250000.0,False,True,True
9543,638,11,2500000.0,False,True,True
9594,11258,138,35000000.0,True,True,False
9619,6231,75,9000000.0,False,True,False
9659,2831,45,6500000.0,False,True,True
9697,4784,58,2250000.0,False,True,True
9706,130,2,7000000.0,False,True,True
9711,455,11,15000000.0,False,True,False
9813,1828,23,21500000.0,False,True,False
9819,5125,60,6000000.0,False,True,True
9824,1212,17,8500000.0,False,True,False
9828,9033,104,30000000.0,True,True,False
9832,9,2,20000000.0,True,True,False
9850,8338,96,3000000.0,False,True,True
9915,1219,17,8200000.0,False,True,False
9956,35,3,8000000.0,False,True,False
9966,1982,32,3500000.0,False,True,True
9967,11519,173,11000000.0,False,True,False
9975,52,3,2500000.0,False,True,True
9988,9004,109,12000000.0,True,True,False
10003,14303,170,3500000.0,False,True,False
10250,90,1,2000000.0,False,True,True
10255,2530,50,3000000.0,False,True,True
10289,1248,31,2200000.0,False,True,True
10329,17,1,200000.0,False,True,True
10375,29,3,500000.0,False,True,True
10471,16430,198,22000000.0,True,True,False
10503,4043,49,2250000.0,False,True,True
10642,7038,83,4000000.0,False,True,True
10885,3531,66,1250000.0,False,True,True
11111,7656,103,12000000.0,False,True,False
11268,3594,58,1250000.0,False,True,True
11365,281,5,1500000.0,False,True,True
11530,4874,74,3500000.0,False,True,True
11680,4506,52,8000000.0,False,True,False
11765,5400,60,2000000.0,False,True,True
12028,8336,96,1250000.0,False,True,True
12029,8943,100,1750000.0,False,True,True
12033,135,2,650000.0,False,True,True
12093,3667,47,3400000.0,False,True,True
12096,8099,98,4500000.0,False,True,True
12101,10230,119,4000000.0,False,True,False
12106,4734,63,6500000.0,False,True,True
12112,412,5,7250000.0,False,True,False
12124,12667,159,5000000.0,False,True,False
12125,1530,18,2250000.0,False,True,True
12127,4168,48,6000000.0,False,True,True
12134,7532,85,7500000.0,False,True,False
12142,2260,42,16000000.0,True,True,False
12149,6506,88,14000000.0,False,True,False
12249,16195,230,20000000.0,True,True,False
12275,623,9,4000000.0,False,True,True
12282,15971,193,25000000.0,True,True,False
12351,1019,22,5300000.0,False,True,True
12379,3834,51,7250000.0,False,True,False
12384,7693,101,4000000.0,False,True,True
12386,6462,89,3500000.0,False,True,True
12387,902,12,3500000.0,False,True,True
12502,3537,54,2500000.0,False,True,True
12503,3530,45,8000000.0,False,True,False
12508,9277,132,3000000.0,False,True,False
12515,2259,27,4000000.0,False,True,True
12516,3656,67,8500000.0,False,True,False
12517,105,2,7000000.0,False,True,True
12518,180,2,4200000.0,False,True,True
12563,11175,218,18000000.0,False,True,False
12628,954,24,2250000.0,False,True,True
12691,10415,134,7000000.0,False,True,False
12693,66,1,1500000.0,False,True,True
12704,3129,41,4750000.0,False,True,True
12709,1974,23,2000000.0,False,True,True
12763,6080,116,6000000.0,False,True,True
12814,7795,87,1500000.0,False,True,True
12864,4415,51,5500000.0,False,True,True
12906,6057,79,7000000.0,False,True,True
12907,15228,170,20000000.0,False,True,False
12957,3942,45,2000000.0,False,True,True
13023,968,22,4500000.0,False,True,True
13038,6540,87,5000000.0,False,True,True
13091,12619,163,36500000.0,True,True,False
13121,10465,121,18000000.0,False,True,False
13168,100,3,16000000.0,True,True,False
13217,4985,60,10500000.0,False,True,False
13239,2127,47,21000000.0,False,True,False
13412,2948,44,4000000.0,False,True,True
13426,1444,17,6500000.0,False,True,True
13427,5795,79,5500000.0,False,True,True
13443,224,3,1250000.0,False,True,True
13460,2790,31,1000000.0,False,True,True
13465,8746,118,12000000.0,True,True,False
13507,16019,187,22000000.0,False,True,False
13520,16021,195,12000000.0,False,True,False
13572,24613,274,5500000.0,False,True,False
13573,11226,136,2500000.0,False,True,False
13582,2504,33,3500000.0,False,True,True
13583,4036,50,1250000.0,False,True,True
13616,2004,29,3500000.0,False,True,True
13640,1741,20,2000000.0,False,True,True
13683,1461,30,4000000.0,False,True,True
13686,80,4,1000000.0,False,True,True
13749,1038,19,6000000.0,True,True,False
13796,707,13,2000000.0,False,True,True
13829,1586,20,14000000.0,False,True,False
13872,7629,93,3000000.0,False,True,True
13979,2565,44,5000000.0,False,True,True
14007,1080,18,1000000.0,False,True,True
14013,218,10,3500000.0,False,True,True
14031,134,3,12250000.0,False,True,False
14041,2646,30,1250000.0,False,True,True
14047,3274,38,1750000.0,False,True,True
14066,11580,170,5000000.0,False,True,False
14081,3947,59,4000000.0,False,True,True
14086,22307,327,27000000.0,True,True,False
14132,10238,119,30000000.0,True,True,False
14178,893,27,3500000.0,False,True,True
14192,3768,56,5500000.0,False,True,True
14219,47,1,1500000.0,False,True,True
14221,13588,209,21000000.0,True,True,False
14244,623,9,8000000.0,False,True,False
14259,2252,30,4500000.0,False,True,True
14334,16,1,1800000.0,False,True,True
14342,1967,23,4000000.0,False,True,True
14533,11842,159,6000000.0,False,True,False
14535,225,3,2000000.0,False,True,True
14746,964,18,1500000.0,False,True,True
14856,827,13,2500000.0,False,True,True
14882,5258,77,3500000.0,False,True,True
14937,180,2,6800000.0,False,True,True
14940,2702,35,6500000.0,False,True,True
14942,2090,26,17500000.0,False,True,False
14944,580,16,20000000.0,True,True,False
14948,5969,89,8500000.0,False,True,False
14949,10819,135,10000000.0,False,True,False
14951,5245,80,1500000.0,False,True,True
14974,2909,37,3000000.0,False,True,True
14977,1846,43,800000.0,False,True,True
15045,1863,28,3000000.0,False,True,True
15052,526,13,6000000.0,False,True,True
15074,2030,29,11800000.0,False,True,False
15164,853,10,2000000.0,False,True,True
15166,2726,45,1750000.0,False,True,True
15185,4099,77,23000000.0,True,True,False
15220,11443,128,12000000.0,False,True,False
15275,797,22,3500000.0,False,True,True
15300,1414,19,2500000.0,False,True,True
15342,1057,23,14000000.0,True,True,False
15378,80,7,26000000.0,True,True,False
15420,8155,101,16000000.0,True,True,False
15452,31777,371,18000000.0,True,True,False
15461,1676,43,4000000.0,False,True,True
15486,624,18,5500000.0,False,True,True
15500,771,14,6000000.0,False,True,True
15511,2253,46,36500000.0,True,True,False
15567,900,10,1200000.0,False,True,True
15568,4677,66,4000000.0,False,True,True
15693,14758,200,9000000.0,False,True,False
15715,5273,61,6000000.0,False,True,True
15760,3277,60,14000000.0,True,True,False
15761,4301,52,2400000.0,False,True,True
15764,45,1,4600000.0,False,True,True
15773,12259,152,6000000.0,False,True,False
15788,141,14,900000.0,False,True,True
15790,4165,70,2500000.0,False,True,True
15799,16839,227,30000000.0,True,True,False
15804,7212,91,9000000.0,False,True,False
15808,4781,72,15000000.0,False,True,False
15844,795,10,6500000.0,False,True,True
15888,1335,22,3500000.0,False,True,True
15904,5582,86,18500000.0,True,True,False
15921,6021,97,11000000.0,False,True,False
15929,1704,29,3500000.0,False,True,True
15930,435,5,250000.0,False,True,True
15951,15479,197,36000000.0,True,True,False
15952,911,14,25000000.0,False,True,False
15955,1759,29,3500000.0,False,True,True
15956,27525,391,30000000.0,True,True,False
15974,3420,38,3000000.0,False,True,True
15980,270,3,3000000.0,False,True,True
15981,390,13,2000000.0,False,True,True
15983,6774,89,5000000.0,False,True,True
16117,750,26,4800000.0,False,True,True
16120,12398,158,5500000.0,False,True,False
16124,1026,14,3500000.0,False,True,True
16135,1820,27,17250000.0,False,True,False
16136,32722,381,17000000.0,True,True,False
16137,6200,100,7000000.0,False,True,True
16306,25288,333,80000000.0,True,True,False
16311,4291,61,2500000.0,False,True,True
16315,5384,66,3500000.0,False,True,True
16353,1127,13,6000000.0,False,True,True
16402,235,4,7000000.0,False,True,True
16408,12288,138,5000000.0,True,True,False
16458,6458,75,3500000.0,False,True,True
16474,954,33,2500000.0,False,True,True
16498,2790,31,1250000.0,False,True,True
16520,9456,121,4000000.0,False,True,False
16565,1338,22,1750000.0,False,True,True
16576,2600,30,10000000.0,False,True,False
16591,7329,113,4000000.0,False,True,True
16595,5399,64,2500000.0,False,True,True
16624,5315,64,12000000.0,False,True,False
16631,12177,155,14000000.0,True,True,False
16633,9921,111,1000000.0,True,True,False
16635,14225,167,18000000.0,True,True,False
16649,4262,55,18000000.0,False,True,False
16651,3307,51,8000000.0,False,True,False
16716,1618,21,4700000.0,False,True,True
16726,478,10,3000000.0,False,True,True
16731,1361,21,3500000.0,False,True,True
16743,2022,23,1100000.0,False,True,True
16744,1922,35,8000000.0,False,True,False
16746,1114,22,13000000.0,False,True,False
16810,1417,16,14000000.0,True,True,False
16828,64,2,3000000.0,False,True,True
16831,2945,34,1500000.0,False,True,True
16833,2507,40,7000000.0,False,True,True
16843,1530,17,1000000.0,False,True,True
16868,9188,120,13000000.0,False,True,False
16870,3004,40,6000000.0,False,True,True
16873,3882,48,1500000.0,False,True,True
16888,2765,32,1100000.0,False,True,True
16891,1498,23,2250000.0,False,True,True
16893,5553,121,7500000.0,False,True,False
16902,2249,31,12500000.0,False,True,False
16911,28043,312,12000000.0,False,True,False
16922,13102,209,23000000.0,True,True,False
16947,2381,30,3000000.0,False,True,True
16956,999,18,4000000.0,False,True,True
16968,1516,29,1500000.0,False,True,True
16993,7195,115,19000000.0,True,True,False
17025,5895,66,1750000.0,False,True,True
17127,16649,204,6500000.0,True,True,False
17129,4468,74,17000000.0,True,True,False
17130,2373,37,6000000.0,False,True,True
17171,3835,47,2000000.0,False,True,True
17179,11737,135,7000000.0,False,True,False
17244,2239,52,7000000.0,False,True,True
17249,1438,49,11000000.0,True,True,False
17259,31760,356,45000000.0,True,True,False
17273,4330,55,6500000.0,False,True,True
17348,1800,20,3000000.0,False,True,True
17396,6646,112,13500000.0,True,True,False
17422,1617,21,2500000.0,False,True,True
17432,351,5,5500000.0,False,True,True
17441,2765,44,3500000.0,False,True,True
17491,6744,86,3000000.0,False,True,True
17555,2546,32,9000000.0,False,True,False
17675,2281,27,1500000.0,False,True,True
17689,3582,63,2250000.0,False,True,True
17693,4477,58,3000000.0,False,True,True
17735,4319,58,1600000.0,True,True,False
17804,3531,46,4750000.0,False,True,True
17880,1380,16,3000000.0,False,True,True
17885,1975,31,6000000.0,False,True,True
17965,32402,363,30000000.0,True,True,False
18006,10947,154,3750000.0,False,True,False
18021,14084,163,2250000.0,False,True,False
18036,957,11,6200000.0,True,True,False
18091,879,16,4500000.0,False,True,True
18093,3017,48,10500000.0,False,True,False
18100,4188,49,2000000.0,False,True,True
18227,7277,84,7000000.0,False,True,True
18277,431,14,500000.0,False,True,True
18290,180,2,600000.0,False,True,True
18298,397,16,1000000.0,False,True,True
18301,4841,66,32000000.0,True,True,False
18310,5376,66,13000000.0,True,True,False
18324,1610,30,4500000.0,False,True,True
18331,6477,81,7500000.0,False,True,False
18379,799,14,1000000.0,False,True,True
18397,274,7,2000000.0,False,True,True
18416,73,6,1500000.0,False,True,True
18445,1440,16,4500000.0,False,True,True
18533,625,9,800000.0,False,True,True
18542,7682,92,4000000.0,False,True,True
18543,2038,46,6500000.0,False,True,True
18644,15514,256,27000000.0,True,True,False
18673,167,2,700000.0,False,True,True
18702,615,11,625000.0,False,True,True
18828,1013,18,20000000.0,False,True,False
18829,783,12,22000000.0,False,True,False
18833,1563,23,3500000.0,False,True,True
18860,201,3,2000000.0,False,True,True
18871,2784,34,6000000.0,False,True,True
18900,10833,173,14000000.0,True,True,False
18901,9594,119,6000000.0,False,True,False
18909,17773,273,9000000.0,False,True,False
18912,6529,110,24000000.0,False,True,False
18918,15185,197,4000000.0,False,True,False
18922,23688,311,60000000.0,True,True,False
18934,20684,284,3500000.0,False,True,False
18935,8519,127,26000000.0,True,True,False
18940,11580,129,4000000.0,False,True,False
18944,24725,287,50000000.0,True,True,False
18955,13769,190,4000000.0,False,True,False
18958,2708,33,14000000.0,False,True,False
19041,6371,87,18000000.0,False,True,False
19045,1574,22,2500000.0,False,True,True
19057,1310,26,6000000.0,False,True,True
19059,9639,109,10000000.0,False,True,False
19083,5690,65,1850000.0,False,True,True
19085,3866,63,17000000.0,False,True,False
19104,4131,78,30000000.0,False,True,False
19112,18929,233,7500000.0,False,True,False
19119,938,12,600000.0,False,True,True
19136,2751,32,4000000.0,True,True,False
19139,4278,55,6500000.0,False,True,True
19182,1560,21,2000000.0,False,True,True
19286,39,2,5000000.0,False,True,True
19305,18866,230,4500000.0,False,True,False
19354,10012,138,8000000.0,False,True,False
19368,12083,183,21000000.0,True,True,False
19385,1200,24,2500000.0,False,True,True
19435,3643,50,2300000.0,False,True,True
19437,97,8,6500000.0,False,True,True
19438,3227,40,4500000.0,False,True,True
19442,3685,60,5500000.0,False,True,True
19446,10382,129,18500000.0,True,True,False
19447,6824,147,21000000.0,True,True,False
19548,9329,135,4500000.0,False,True,False
19636,5082,72,6000000.0,False,True,True
19641,3145,36,3500000.0,False,True,True
19671,3499,42,900000.0,False,True,True
19694,11788,146,8000000.0,False,True,False
19708,4705,70,7000000.0,False,True,True
19721,971,14,4000000.0,False,True,True
19726,5751,67,37000000.0,True,True,False
19736,553,19,900000.0,False,True,True
19819,13036,180,10000000.0,False,True,False
19946,4811,59,7000000.0,False,True,True
19948,9721,110,5000000.0,True,True,False
19958,540,6,600000.0,False,True,True
19979,5708,65,2600000.0,False,True,True
19981,11654,145,30000000.0,True,True,False
19998,14092,159,14000000.0,False,True,False
20003,14686,171,9000000.0,True,True,False
20005,23448,313,18000000.0,False,True,False
20007,16408,200,19000000.0,True,True,False
20081,13821,181,6500000.0,False,True,False
20137,1693,33,10000000.0,True,True,False
20276,4525,56,2500000.0,False,True,True
20313,874,11,1500000.0,False,True,True
20346,5565,89,3400000.0,False,True,True
20378,3269,50,4500000.0,False,True,True
20410,2562,51,6250000.0,False,True,True
20444,1473,22,3500000.0,False,True,True
20463,7988,160,4000000.0,False,True,True
20506,14870,230,12000000.0,False,True,False
20586,3693,60,8800000.0,True,True,False
20622,6208,95,5000000.0,False,True,True
20714,196,3,5000000.0,False,True,True
20726,4634,81,13000000.0,False,True,False
20730,6810,78,5000000.0,False,True,True
20778,6105,78,1750000.0,False,True,True
20913,5829,69,2500000.0,False,True,True
20920,557,9,1400000.0,False,True,True
20941,1677,20,5600000.0,False,True,True
20975,34,2,2750000.0,False,True,True
21039,2,1,1000000.0,False,True,True
21042,1203,14,7500000.0,False,True,False
21060,1170,13,3000000.0,False,True,True
21101,419,12,1700000.0,False,True,True
21151,8966,118,12000000.0,True,True,False
21175,14944,213,10000000.0,False,True,False
21227,5843,67,2000000.0,False,True,True
21297,843,28,1000000.0,False,True,True
21327,19163,214,9500000.0,False,True,False
21333,1357,32,9000000.0,False,True,False
21354,650,11,7000000.0,False,True,True
21369,6138,98,35000000.0,True,True,False
21490,1179,35,8500000.0,False,True,False
21496,1427,27,4500000.0,False,True,True
21590,897,11,2250000.0,False,True,True
21690,278,7,6000000.0,False,True,True
21696,3617,41,2800000.0,False,True,True
21701,2553,30,3500000.0,False,True,True
21725,16158,192,25000000.0,True,True,False
21726,2883,33,1500000.0,False,True,True
21748,9511,143,18000000.0,True,True,False
21752,236,3,1500000.0,False,True,True
21756,3954,85,5500000.0,False,True,True
21763,16115,209,5000000.0,True,True,False
21769,2653,33,1900000.0,False,True,True
21770,4615,69,1500000.0,False,True,True
21779,2044,24,1000000.0,False,True,True
21780,378,13,4000000.0,False,True,True
21782,6434,78,5500000.0,True,True,False
21829,2122,25,1300000.0,False,True,True
21859,6813,92,8000000.0,False,True,False
21861,4703,86,5500000.0,False,True,True
21863,1578,25,8000000.0,False,True,False
21872,7744,88,2000000.0,False,True,True
21876,3012,39,8500000.0,True,True,False
21887,6297,80,4500000.0,False,True,True
21891,18666,208,3300000.0,False,True,False
21905,14095,206,16000000.0,False,True,False
21935,1763,27,3800000.0,False,True,True
21942,1155,33,1800000.0,False,True,True
21954,1117,23,1300000.0,False,True,True
21955,699,14,3200000.0,False,True,True
21972,10257,145,7000000.0,False,True,False
21988,1441,21,3000000.0,False,True,True
22053,1564,24,1800000.0,False,True,True
22068,14068,218,50000000.0,True,True,False
22092,180,2,700000.0,False,True,True
22093,6852,85,3700000.0,False,True,True
22102,1498,19,1800000.0,False,True,True
22123,289,4,2900000.0,False,True,True
22131,2862,35,6500000.0,False,True,True
22139,6143,76,8000000.0,False,True,False
22140,8106,101,1000000.0,False,True,True
22141,19592,221,6000000.0,True,True,False
22149,4410,49,4500000.0,False,True,True
22165,2464,50,12000000.0,False,True,False
22185,2392,29,500000.0,False,True,True
22186,8053,126,4800000.0,False,True,True
22202,2209,37,28000000.0,True,True,False
22203,4510,74,13500000.0,True,True,False
22210,15931,200,6500000.0,False,True,False
22217,2734,36,900000.0,False,True,True
22249,5658,88,4000000.0,False,True,True
22268,2666,46,4000000.0,False,True,True
22285,90,1,125000.0,False,True,True
22318,12262,139,13000000.0,False,True,False
22320,1612,19,6000000.0,False,True,True
22328,22706,336,17500000.0,True,True,False
22338,715,9,3200000.0,False,True,True
22377,5739,86,2500000.0,False,True,True
22386,24309,289,4500000.0,False,True,False
22388,11010,165,14000000.0,False,True,False
22390,19705,227,8000000.0,False,True,False
22395,611,9,3200000.0,False,True,True
22396,3330,37,3000000.0,False,True,True
22412,2098,24,25000000.0,False,True,False
22491,990,11,6500000.0,True,True,False
22542,1494,21,1000000.0,False,True,True
22550,9693,112,4000000.0,False,True,False
22568,1248,25,2500000.0,False,True,True
22586,988,25,2000000.0,False,True,True
22594,1385,30,7000000.0,False,True,True
22598,2038,50,2500000.0,False,True,True
22614,12488,171,8000000.0,False,True,False
22628,26305,293,8000000.0,False,True,False
22630,118,2,2000000.0,False,True,True
22632,1938,24,4000000.0,False,True,True
22635,3406,43,2000000.0,False,True,True
22636,1938,27,2250000.0,False,True,True
22642,5092,77,2000000.0,False,True,True
22645,2603,30,5500000.0,False,True,True
22673,9730,144,3500000.0,False,True,False
22686,33,3,1500000.0,False,True,True
22749,7690,100,500000.0,False,True,True
22801,835,27,2300000.0,False,True,True
22820,960,33,7000000.0,False,True,True
22832,4520,55,19000000.0,True,True,False
22837,4746,68,4000000.0,False,True,True
22860,3641,41,1000000.0,False,True,True
22948,1471,29,3500000.0,False,True,True
22969,14136,174,12000000.0,True,True,False
23097,184,7,4000000.0,False,True,True
23102,4046,72,6000000.0,False,True,True
23163,1140,25,1700000.0,False,True,True
23197,7931,114,8000000.0,False,True,False
23218,5130,58,4500000.0,False,True,True
23247,645,10,1600000.0,False,True,True
23284,11831,152,10000000.0,False,True,False
23287,3625,46,2500000.0,False,True,True
23306,628,13,3000000.0,False,True,True
23338,5858,68,4000000.0,False,True,True
23345,1727,32,8000000.0,False,True,False
23365,649,19,3500000.0,False,True,True
23366,371,12,500000.0,False,True,True
23367,1988,41,800000.0,False,True,True
23553,84,6,1000000.0,False,True,True
23825,7581,109,9000000.0,False,True,False
23874,1504,22,900000.0,False,True,True
23888,1657,28,1250000.0,False,True,True
23890,6,1,1000000.0,False,True,True
23897,266,4,1000000.0,False,True,True
23898,2055,27,4500000.0,False,True,True
23914,3702,52,24000000.0,True,True,False
23918,7110,94,2500000.0,False,True,True
23934,1044,22,11500000.0,True,True,False
23938,10306,116,5000000.0,False,True,False
23951,33735,380,17000000.0,False,True,False
23952,4814,79,2000000.0,False,True,True
23955,4765,80,3500000.0,False,True,True
23960,21477,250,3500000.0,False,True,False
23966,1257,26,2500000.0,False,True,True
23974,1890,21,2200000.0,False,True,True
23976,483,9,1800000.0,False,True,True
24001,4494,51,8000000.0,False,True,False
24105,5318,60,4250000.0,False,True,True
24112,14608,164,2500000.0,False,True,False
24155,990,18,1500000.0,False,True,True
24180,10157,116,18000000.0,True,True,False
24232,243,7,750000.0,False,True,True
24284,90,1,3000000.0,False,True,True
24305,1911,25,2000000.0,False,True,True
24316,14219,159,12000000.0,False,True,False
24459,2749,52,2500000.0,False,True,True
24502,34,2,3300000.0,False,True,True
24589,5235,79,3000000.0,False,True,True
24606,12654,154,2000000.0,False,True,False
24634,895,14,2500000.0,False,True,True
24636,2382,30,3750000.0,False,True,True
24661,9884,118,6500000.0,False,True,False
24700,1368,20,1500000.0,False,True,True
24856,1145,17,1500000.0,False,True,True
24862,566,18,1500000.0,False,True,True
24877,1012,17,4000000.0,False,True,True
24977,5391,84,8000000.0,True,True,False
25106,1209,15,4200000.0,False,True,True
25113,1954,30,3500000.0,False,True,True
25115,712,16,4000000.0,False,True,True
25248,9490,116,5000000.0,False,True,False
25316,11507,142,4500000.0,False,True,False
25318,1055,13,4000000.0,False,True,True
25319,3301,59,3000000.0,False,True,True
25366,1297,27,4500000.0,False,True,True
25411,800,21,9000000.0,False,True,False
25412,9279,127,3000000.0,False,True,False
25427,2188,29,5000000.0,False,True,True
25441,5156,82,9500000.0,True,True,False
25461,131,4,7000000.0,False,True,True
25468,1952,36,2200000.0,False,True,True
25488,29866,400,27000000.0,True,True,False
25508,27325,306,21500000.0,True,True,False
25523,3359,51,4500000.0,False,True,True
25542,403,6,1100000.0,False,True,True
25553,6753,79,11000000.0,False,True,False
25557,26791,313,50000000.0,True,True,False
25617,433,10,9000000.0,False,True,False
25727,15598,199,16000000.0,True,True,False
25742,6280,101,9000000.0,False,True,False
25758,2338,27,4000000.0,False,True,True
25785,187,6,4000000.0,False,True,True
25812,9222,108,5500000.0,False,True,False
25834,90,1,1200000.0,False,True,True
25942,3218,37,5200000.0,False,True,True
26063,5331,62,8000000.0,False,True,False
26065,8804,100,7000000.0,True,True,False
26066,9476,118,6000000.0,False,True,False
26105,13186,214,4500000.0,True,True,False
26148,34,3,1500000.0,False,True,True
26199,7903,96,3500000.0,False,True,True
26263,6844,141,6500000.0,False,True,True
26267,20175,264,32000000.0,True,True,False
26276,5782,65,8500000.0,True,True,False
26399,17268,241,80000000.0,True,True,False
26407,1367,32,3300000.0,False,True,True
26443,4181,65,8000000.0,False,True,False
26456,2422,52,17500000.0,False,True,False
26485,18546,241,45000000.0,True,True,False
26486,190,9,1250000.0,False,True,True
26574,371,13,4000000.0,False,True,True
26633,2610,29,5000000.0,False,True,True
26669,18194,225,4000000.0,True,True,False
26721,12690,167,20000000.0,True,True,False
26763,994,17,9000000.0,True,True,False
26764,10789,127,19000000.0,True,True,False
26801,1056,13,4000000.0,False,True,True
26878,7653,105,3000000.0,False,True,True
26946,1135,22,3200000.0,False,True,True
27114,6099,73,15000000.0,True,True,False
27292,3067,47,2500000.0,False,True,True
27300,10529,126,14000000.0,True,True,False
27305,8968,156,13000000.0,True,True,False
27306,13881,166,15000000.0,True,True,False
27307,1049,23,3000000.0,False,True,True
27374,14694,176,10000000.0,False,True,False
27389,18704,358,25000000.0,True,True,False
27390,403,11,600000.0,False,True,True
27394,5568,79,28500000.0,True,True,False
27448,5219,61,3750000.0,False,True,True
27453,7165,82,4000000.0,False,True,True
27470,5919,77,15000000.0,False,True,False
27471,707,21,14000000.0,False,True,False
27486,12205,137,7500000.0,True,True,False
27487,1767,31,1500000.0,False,True,True
27490,12664,145,1300000.0,False,True,False
27493,14846,165,2500000.0,False,True,False
27505,635,28,8500000.0,False,True,False
27511,19152,226,20000000.0,True,True,False
27554,195,3,1200000.0,False,True,True
27577,2354,34,15000000.0,True,True,False
27611,1166,22,2000000.0,False,True,True
27614,10894,153,7500000.0,False,True,False
27659,180,3,1000000.0,False,True,True
27661,2263,31,23000000.0,False,True,False
27683,174,5,3400000.0,False,True,True
27800,5231,60,9000000.0,False,True,False
27805,5111,82,17000000.0,False,True,False
27807,10574,119,2000000.0,True,True,False
27900,2967,40,3000000.0,False,True,True
27924,9259,110,4000000.0,False,True,False
27941,17038,192,6000000.0,False,True,False
27992,27361,393,55000000.0,True,True,False
28002,5303,63,3400000.0,False,True,True
28003,30667,364,180000000.0,True,True,False
28005,5556,75,7000000.0,False,True,True
28007,263,3,400000.0,False,True,True
28020,16595,199,4000000.0,False,True,False
28021,33955,380,24000000.0,True,True,False
28022,8114,93,3500000.0,False,True,True
28026,1827,23,1800000.0,False,True,True
28027,489,7,600000.0,False,True,True
28031,1618,28,2000000.0,False,True,True
28140,12902,183,9000000.0,False,True,False
28163,894,14,3500000.0,False,True,True
28171,9443,165,7000000.0,False,True,False
28245,2005,44,10000000.0,False,True,False
28252,1219,18,1800000.0,False,True,True
28260,5018,75,12000000.0,True,True,False
28261,5990,87,13000000.0,False,True,False
28285,166,11,1500000.0,False,True,True
28307,4579,66,2300000.0,False,True,True
28318,2611,32,6000000.0,False,True,True
28328,16223,200,5500000.0,False,True,False
28335,11615,149,6500000.0,True,True,False
28336,7055,90,6000000.0,False,True,True
28356,1913,22,1500000.0,False,True,True
28396,24452,364,32000000.0,True,True,False
28511,33,1,1750000.0,False,True,True
28683,3190,63,10000000.0,False,True,False
28705,3454,41,1250000.0,False,True,True
28810,3540,46,7500000.0,False,True,False
28817,3879,57,900000.0,False,True,True
28818,129,4,1200000.0,False,True,True
28827,8636,115,2800000.0,False,True,True
28828,7,1,100000.0,False,True,True
28833,4356,61,5250000.0,False,True,True
28841,114,4,4000000.0,False,True,True
28845,10090,126,4300000.0,False,True,False
28851,941,13,1000000.0,False,True,True
28855,5140,89,10000000.0,False,True,False
28862,5259,59,7000000.0,False,True,True
28868,2401,44,5500000.0,False,True,True
28878,1883,21,3500000.0,False,True,True
28935,180,2,3200000.0,False,True,True
28936,10211,187,3500000.0,False,True,False
28947,15347,218,15000000.0,True,True,False
28973,14095,193,8000000.0,False,True,False
28984,2565,29,2500000.0,False,True,True
28987,4207,55,2200000.0,False,True,True
28990,7979,144,8500000.0,False,True,False
29016,900,10,15000000.0,False,True,False
29035,1067,34,11000000.0,False,True,False
29051,5130,57,2000000.0,False,True,True
29055,5687,68,6000000.0,True,True,False
29061,869,24,1200000.0,False,True,True
29065,1258,22,2000000.0,False,True,True
29091,632,17,14000000.0,True,True,False
29122,415,9,3000000.0,False,True,True
29124,16051,231,9000000.0,False,True,False
29152,3836,73,4000000.0,False,True,True
29158,1573,18,2500000.0,False,True,True
29159,225,3,2000000.0,True,True,False
29170,653,23,3400000.0,False,True,True
29178,1934,45,4000000.0,False,True,True
29187,2074,38,3500000.0,False,True,True
29193,22,1,1500000.0,False,True,True
29208,329,9,2200000.0,False,True,True
29213,2951,35,8000000.0,False,True,False
29220,38,2,3500000.0,False,True,True
29237,310,9,3000000.0,False,True,True
29241,26839,317,40000000.0,True,True,False
29260,17783,221,28500000.0,True,True,False
29280,905,25,1300000.0,False,True,True
29311,8256,113,2750000.0,False,True,True
29316,14720,204,3000000.0,False,True,False
29351,2026,43,1500000.0,False,True,True
29356,1892,27,2500000.0,False,True,True
29364,25858,333,30000000.0,False,True,False
29377,374,10,5200000.0,False,True,True
29391,158,2,500000.0,False,True,True
29401,10810,157,35000000.0,True,True,False
29424,3144,35,8500000.0,False,True,False
29434,13495,195,23000000.0,True,True,False
29559,14785,165,8000000.0,False,True,False
29594,6044,82,11000000.0,False,True,False
29604,1245,33,1000000.0,False,True,True
29605,5592,101,1500000.0,False,True,True
29692,30852,349,9000000.0,True,True,False
29712,7508,85,5000000.0,False,True,True
29835,6303,109,18000000.0,True,True,False
29865,8325,110,4000000.0,False,True,True
29962,10871,162,4000000.0,False,True,False
29974,26,1,1500000.0,False,True,True
29975,9020,112,2500000.0,False,True,False
29993,13722,191,18000000.0,True,True,False
29997,1466,18,1750000.0,False,True,True
30059,13936,181,22000000.0,False,True,False
30070,6075,82,3500000.0,False,True,True
30097,299,7,3000000.0,False,True,True
30308,4314,69,5500000.0,False,True,True
30321,16705,275,4000000.0,False,True,False
30332,2574,31,2700000.0,False,True,True
30333,2484,34,6500000.0,True,True,False
30379,1260,14,1000000.0,False,True,True
30418,273,11,11000000.0,False,True,False
30456,6820,87,5000000.0,False,True,True
30505,474,8,4000000.0,False,True,True
30584,5329,83,20000000.0,False,True,False
30593,2758,41,6500000.0,True,True,False
30638,8063,172,11000000.0,False,True,False
30654,93,8,850000.0,False,True,True
30666,1479,24,3000000.0,False,True,True
30670,7573,106,8500000.0,False,True,False
30677,15919,191,6000000.0,False,True,False
30687,7943,108,6000000.0,False,True,True
30690,5999,68,7000000.0,True,True,False
30697,6843,79,6500000.0,False,True,True
30698,6426,79,1500000.0,False,True,True
30739,5171,89,23000000.0,True,True,False
30747,4870,59,3000000.0,False,True,True
30749,1467,17,2250000.0,False,True,True
30757,6919,79,3500000.0,False,True,True
30758,4860,60,6000000.0,False,True,True
30767,10943,131,10000000.0,True,True,False
30782,3634,43,2000000.0,False,True,True
30802,1196,30,1200000.0,False,True,True
30825,1518,25,6000000.0,False,True,True
30846,557,12,4000000.0,False,True,True
30853,9017,123,3000000.0,False,True,False
30873,9656,120,9000000.0,False,True,False
30882,119,5,1600000.0,False,True,True
30929,572,7,2600000.0,False,True,True
30942,11026,177,2500000.0,False,True,False
30982,736,21,7000000.0,False,True,True
31007,14135,173,7000000.0,False,True,False
31041,11324,163,7000000.0,False,True,False
31050,1500,22,3700000.0,False,True,True
31064,12,1,600000.0,False,True,True
31067,10589,178,10000000.0,False,True,False
31069,479,15,850000.0,False,True,True
31089,270,3,800000.0,False,True,True
31095,9372,131,20000000.0,True,True,False
31101,9070,106,1000000.0,False,True,False
31123,20,5,400000.0,False,True,True
31159,10485,157,11000000.0,False,True,False
31169,2024,26,1750000.0,False,True,True
31173,4598,80,3000000.0,False,True,True
31182,12422,144,7000000.0,False,True,False
31208,3089,47,1700000.0,False,True,True
31216,3694,45,3000000.0,False,True,True
31218,5778,78,2000000.0,False,True,True
31316,1948,26,9500000.0,False,True,False
31451,1591,38,1250000.0,False,True,True
31514,7085,90,3000000.0,False,True,True
31535,23,2,3000000.0,False,True,True
31552,2565,58,10000000.0,True,True,False
31553,1474,23,3000000.0,False,True,True
31570,7042,91,4000000.0,False,True,True
31579,8607,122,15000000.0,False,True,False
31599,3568,55,1500000.0,False,True,True
31610,69,1,700000.0,False,True,True
31642,13570,168,5000000.0,False,True,False
31645,1280,29,31500000.0,True,True,False
31653,1613,19,3000000.0,False,True,True
31720,10292,144,8000000.0,False,True,False
31751,251,6,800000.0,False,True,True
31773,4400,53,1800000.0,False,True,True
31776,440,12,2000000.0,False,True,True
31835,21972,286,8000000.0,False,True,False
31864,503,13,1750000.0,False,True,True
31868,170,4,1800000.0,False,True,True
31909,25850,331,80000000.0,True,True,False
31910,3351,74,2000000.0,False,True,True
31952,8445,96,5000000.0,False,True,True
32113,22781,285,25000000.0,False,True,False
32207,6955,89,1750000.0,False,True,True
32213,16770,192,12500000.0,False,True,False
32273,90,1,2000000.0,False,True,True
32467,27329,389,70000000.0,True,True,False
32522,16313,216,5000000.0,False,True,False
32568,2612,30,8000000.0,False,True,False
32617,3388,43,18500000.0,True,True,False
32618,5855,79,2000000.0,False,True,True
32622,3359,45,4000000.0,False,True,True
32711,14217,287,12000000.0,False,True,False
32779,2295,26,1750000.0,False,True,True
32816,27167,307,7500000.0,False,True,False
32845,2179,27,2500000.0,False,True,True
32966,2196,28,1500000.0,False,True,True
33027,14637,163,9000000.0,False,True,False
33042,3074,51,1500000.0,False,True,True
33046,465,8,1000000.0,False,True,True
33065,782,12,750000.0,False,True,True
33078,2637,35,1500000.0,False,True,True
33195,180,2,3500000.0,False,True,True
33210,6758,77,5000000.0,False,True,True
33218,15813,209,8000000.0,False,True,False
33249,93,2,2000000.0,False,True,True
33337,305,12,1000000.0,False,True,True
33343,714,12,4500000.0,False,True,True
33349,803,10,1300000.0,False,True,True
33357,15537,176,22000000.0,True,True,False
33442,9122,116,3000000.0,False,True,False
33447,5281,60,2500000.0,False,True,True
33448,2173,64,9000000.0,True,True,False
33465,90,1,1500000.0,False,True,True
33478,6645,88,12500000.0,False,True,False
33481,13351,177,18500000.0,True,True,False
33484,562,8,4000000.0,False,True,True
33507,11,2,3000000.0,False,True,True
33535,1152,31,1000000.0,False,True,True
33544,13282,170,27500000.0,True,True,False
33571,25487,341,6000000.0,False,True,False
33572,4739,55,3000000.0,False,True,True
33639,10111,178,15000000.0,False,True,False
33648,3697,53,24000000.0,True,True,False
33706,3733,76,36500000.0,True,True,False
33713,14673,248,28000000.0,True,True,False
33718,433,6,800000.0,False,True,True
33729,1268,38,3000000.0,False,True,True
33763,2275,42,1900000.0,False,True,True
33781,9305,105,3500000.0,True,True,False
33783,2875,42,3500000.0,False,True,True
33785,932,15,4500000.0,False,True,True
33822,1527,24,2000000.0,False,True,True
33829,30135,344,7000000.0,False,True,False
33831,3491,66,4000000.0,False,True,True
33847,2957,46,3500000.0,False,True,True
33866,3539,51,12000000.0,False,True,False
33873,17095,192,13000000.0,True,True,False
33905,3705,48,3600000.0,False,True,True
33907,53,2,1250000.0,False,True,True
33914,5353,72,5500000.0,False,True,True
33923,19389,272,30000000.0,True,True,False
33925,4543,52,1000000.0,False,True,True
33927,6805,97,2400000.0,False,True,True
33935,192,10,6500000.0,False,True,True
33942,7250,95,1800000.0,False,True,True
33947,10398,155,12000000.0,True,True,False
33951,8129,93,9000000.0,False,True,False
33952,6607,103,19000000.0,False,True,False
33953,3577,45,2500000.0,False,True,True
33963,1744,33,9000000.0,False,True,False
34026,3471,46,3500000.0,True,True,False
34053,152,2,600000.0,False,True,True
34060,12,1,600000.0,False,True,True
34130,6961,78,6000000.0,False,True,True
34160,971,12,2500000.0,False,True,True
34198,15937,192,5000000.0,False,True,False
34211,4618,61,1200000.0,False,True,True
34232,1563,20,1500000.0,False,True,True
34239,9962,137,3500000.0,False,True,False
34283,4113,71,3500000.0,False,True,True
34285,1885,21,3250000.0,False,True,True
34322,18370,218,28000000.0,True,True,False
34334,280,4,1000000.0,False,True,True
34336,11303,135,1800000.0,False,True,False
34344,11799,143,12500000.0,True,True,False
34361,1578,18,4500000.0,False,True,True
34370,22470,253,16000000.0,True,True,False
34372,3373,48,5000000.0,False,True,True
34409,5963,83,5000000.0,False,True,True
34453,3111,51,3500000.0,False,True,True
34495,4937,73,20000000.0,True,True,False
34527,630,7,2500000.0,False,True,True
34529,1127,28,9000000.0,False,True,False
34532,4100,48,1500000.0,False,True,True
34542,701,12,4500000.0,False,True,True
34543,1228,26,3500000.0,False,True,True
34553,90,1,1750000.0,False,True,True
34557,1476,49,10000000.0,True,True,False
34559,270,3,2000000.0,False,True,True
34561,9618,113,8000000.0,False,True,False
34564,231,9,5000000.0,False,True,True
34572,12848,182,30000000.0,True,True,False
34579,1983,47,6000000.0,False,True,True
34593,2409,29,12000000.0,True,True,False
34601,21063,357,16000000.0,True,True,False
34672,4485,59,3000000.0,False,True,True
34691,5924,68,4000000.0,False,True,True
34758,1327,23,3000000.0,False,True,True
34783,1161,27,1750000.0,False,True,True
34784,2433,32,7000000.0,False,True,True
34787,16327,229,6000000.0,False,True,False
34838,3463,72,15000000.0,False,True,False
34870,13014,203,30000000.0,True,True,False
34909,1224,19,3000000.0,False,True,True
34944,1600,36,12000000.0,False,True,False
35035,1382,29,2500000.0,False,True,True
35047,16613,219,40000000.0,True,True,False
35099,7160,106,15000000.0,False,True,False
35183,9495,121,5500000.0,False,True,False
35193,34,3,6500000.0,False,True,True
35207,21773,294,50000000.0,True,True,False
35208,12368,156,10000000.0,True,True,False
35242,5992,69,4800000.0,False,True,True
35247,8050,116,8000000.0,False,True,False
35249,9599,156,7000000.0,False,True,False
35251,1089,24,14000000.0,True,True,False
35383,5087,69,2000000.0,False,True,True
35405,575,15,600000.0,False,True,True
35413,876,24,4500000.0,False,True,True
35416,4226,63,2000000.0,False,True,True
35448,601,11,1600000.0,False,True,True
35462,1731,21,2000000.0,False,True,True
35491,6570,73,4500000.0,False,True,True
35493,2660,30,2000000.0,False,True,True
35512,1521,20,2400000.0,False,True,True
35515,1782,25,2500000.0,False,True,True
35518,23706,312,50000000.0,True,True,False
35532,528,16,1500000.0,False,True,True
35536,5538,65,6000000.0,False,True,True
35537,1949,31,19000000.0,True,True,False
35539,8584,121,3500000.0,False,True,True
35540,7035,105,3000000.0,False,True,True
35541,1800,20,1500000.0,False,True,True
35546,2224,26,1200000.0,False,True,True
35548,4963,61,10000000.0,False,True,False
35560,8273,99,5000000.0,False,True,True
35562,5719,84,7000000.0,False,True,True
35564,9154,187,30000000.0,True,True,False
35571,3062,41,14000000.0,True,True,False
35600,3917,48,5000000.0,False,True,True
35645,666,11,3500000.0,False,True,True
35664,17418,218,50000000.0,True,True,False
35703,2166,44,10000000.0,False,True,False
35733,4238,51,3000000.0,False,True,True
35743,1239,26,2000000.0,False,True,True
35747,15577,200,6000000.0,False,True,False
35748,1375,29,4000000.0,False,True,True
35773,13567,184,20000000.0,False,True,False
35805,185,5,1000000.0,False,True,True
35852,434,12,7000000.0,False,True,True
35853,107,6,1500000.0,False,True,True
35855,4677,89,5500000.0,False,True,True
35865,38282,427,8000000.0,False,True,False
35871,5136,72,5500000.0,False,True,True
35872,3569,56,3000000.0,False,True,True
35934,3079,45,2500000.0,False,True,True
35939,7945,92,23000000.0,False,True,False
36039,4724,80,3000000.0,False,True,True
36139,9620,134,25000000.0,False,True,False
36182,22646,273,12000000.0,False,True,False
36207,8189,120,3750000.0,False,True,True
36233,431,5,3850000.0,False,True,True
36255,2601,33,1500000.0,False,True,True
36284,4742,85,4000000.0,False,True,True
36291,6614,81,3000000.0,False,True,True
36293,8254,132,4000000.0,False,True,True
36294,291,7,2100000.0,False,True,True
36350,6324,106,20000000.0,True,True,False
36356,6641,85,4200000.0,True,True,False
36371,9140,150,20000000.0,True,True,False
36500,6903,116,9000000.0,False,True,False
36529,842,15,4000000.0,False,True,True
36608,5746,82,3500000.0,False,True,True
36756,180,8,2500000.0,False,True,True
36787,3389,43,7500000.0,False,True,False
36814,13522,172,7500000.0,False,True,False
36827,13815,167,24000000.0,True,True,False
36859,33,2,750000.0,False,True,True
36861,10701,130,2000000.0,False,True,False
36866,9509,113,2500000.0,False,True,False
36881,3871,44,3000000.0,False,True,True
36884,13,1,4000000.0,False,True,True
36898,1356,16,600000.0,False,True,True
36911,257,9,500000.0,False,True,True
36914,4804,60,4000000.0,False,True,True
36939,3648,67,2000000.0,False,True,True
37011,7675,141,5500000.0,False,True,True
37013,2961,61,4500000.0,False,True,True
37058,29,2,4000000.0,False,True,True
37124,429,12,8000000.0,True,True,False
37148,8368,107,16500000.0,False,True,False
37152,1012,12,3000000.0,False,True,True
37157,11801,159,15000000.0,False,True,False
37171,8529,129,7500000.0,False,True,False
37216,2050,31,2500000.0,False,True,True
37247,1385,17,3500000.0,False,True,True
37278,5965,68,4500000.0,False,True,True
37287,2952,52,4500000.0,False,True,True
37295,18508,238,4500000.0,False,True,False
37304,14051,262,10000000.0,False,True,False
37337,7806,121,10000000.0,True,True,False
37363,7635,101,7000000.0,False,True,True
37388,6524,77,4200000.0,False,True,True
37389,4120,65,18000000.0,True,True,False
37397,3517,47,2800000.0,False,True,True
37399,3934,74,7000000.0,False,True,True
37403,8982,101,9000000.0,False,True,False
37413,883,13,650000.0,False,True,True
37418,11570,188,15000000.0,True,True,False
37442,10985,133,5500000.0,False,True,False
37460,748,11,5500000.0,False,True,True
37501,7338,122,6000000.0,False,True,True
37511,96,2,800000.0,False,True,True
37516,1172,19,1250000.0,False,True,True
37526,13502,159,10000000.0,False,True,False
37579,1222,20,35000000.0,True,True,False
37598,227,4,6000000.0,True,True,False
37633,3332,41,2900000.0,False,True,True
37647,26186,345,30000000.0,False,True,False
37666,17885,287,45000000.0,True,True,False
37712,9485,114,10000000.0,False,True,False
37760,12825,143,4500000.0,False,True,False
37787,703,26,3500000.0,False,True,True
37788,844,27,3000000.0,False,True,True
37834,10029,210,10000000.0,True,True,False
37835,4458,53,2300000.0,False,True,True
37838,16906,207,20000000.0,True,True,False
37852,274,7,1000000.0,False,True,True
37889,96,3,1200000.0,False,True,True
37892,4420,59,3000000.0,False,True,True
37906,1362,16,3500000.0,False,True,True
37917,9977,185,3000000.0,False,True,False
37918,6078,109,14000000.0,True,True,False
37920,5354,99,7000000.0,False,True,True
37934,2133,42,8000000.0,False,True,False
37941,4819,75,13000000.0,False,True,False
37957,3042,42,1500000.0,False,True,True
37966,387,5,1000000.0,False,True,True
37981,12164,154,4000000.0,False,True,False
38000,450,21,4500000.0,False,True,True
38003,879,13,6000000.0,True,True,False
38073,9146,109,5000000.0,False,True,False
38094,1771,24,1500000.0,False,True,True
38100,2837,33,3500000.0,False,True,True
38124,90,1,1000000.0,False,True,True
38145,12022,149,4000000.0,False,True,False
38253,36568,451,90000000.0,True,True,False
38266,2435,31,8000000.0,False,True,False
38267,8981,106,2500000.0,False,True,True
38270,5465,68,4000000.0,False,True,True
38346,810,9,1500000.0,False,True,True
38360,8588,139,10500000.0,False,True,False
38383,2755,46,2800000.0,False,True,True
38388,275,10,6000000.0,False,True,True
38410,22182,308,7500000.0,False,True,False
38414,854,16,4500000.0,False,True,True
38415,3401,64,4000000.0,False,True,True
38434,8398,108,5000000.0,False,True,True
38440,6272,91,12000000.0,False,True,False
38473,801,10,5000000.0,False,True,True
38497,1362,22,12000000.0,False,True,False
38536,182,10,4200000.0,False,True,True
38582,90,1,1500000.0,False,True,True
38584,1063,19,1700000.0,False,True,True
38591,10125,123,1400000.0,False,True,False
38592,5107,89,3000000.0,False,True,True
38593,17181,228,40000000.0,True,True,False
38602,559,15,2500000.0,False,True,True
38607,8740,158,5000000.0,False,True,True
38746,2896,58,4000000.0,False,True,True
38817,331,12,2000000.0,False,True,True
38824,5482,70,2000000.0,False,True,True
38954,899,13,22000000.0,False,True,False
38978,2770,43,2500000.0,False,True,True
39004,270,3,2000000.0,False,True,True
39010,3814,67,3500000.0,False,True,True
39015,17759,201,13000000.0,False,True,False
39020,10812,128,18000000.0,True,True,False
39025,11692,173,5000000.0,False,True,False
39027,113,3,600000.0,False,True,True
39037,4569,52,1500000.0,False,True,True
39049,657,11,1000000.0,False,True,True
39073,601,11,4500000.0,False,True,True
39087,720,9,7000000.0,True,True,False
39090,7777,108,18000000.0,True,True,False
39094,12134,152,3000000.0,False,True,False
39099,18992,267,12500000.0,True,True,False
39102,3758,70,10000000.0,False,True,False
39106,11043,214,7000000.0,False,True,False
39114,771,10,2600000.0,False,True,True
39118,741,9,7500000.0,True,True,False
39151,10130,147,8000000.0,True,True,False
39152,14374,249,60000000.0,True,True,False
39153,19938,266,75000000.0,True,True,False
39174,4915,57,1200000.0,False,True,True
39198,3037,51,9000000.0,False,True,False
39247,466,9,4250000.0,False,True,True
39256,1237,27,7500000.0,False,True,False
39259,21988,273,5000000.0,False,True,False
39306,4289,48,2500000.0,False,True,True
39372,5316,95,3500000.0,False,True,True
39378,2080,42,9000000.0,False,True,False
39381,16631,229,90000000.0,True,True,False
39426,11661,162,7000000.0,False,True,False
39471,13140,146,5000000.0,False,True,False
39518,2721,31,2000000.0,False,True,True
39532,5550,100,6500000.0,False,True,True
39642,3157,41,13000000.0,False,True,False
39679,10019,153,28000000.0,True,True,False
39690,2049,39,1200000.0,False,True,True
39700,6,1,750000.0,False,True,True
39705,121,8,4000000.0,False,True,True
39717,7265,93,3000000.0,True,True,False
39724,1039,20,7500000.0,False,True,False
39728,26715,335,60000000.0,True,True,False
39732,7194,81,3000000.0,False,True,True
39743,7709,135,13000000.0,True,True,False
39783,1299,27,4000000.0,False,True,True
39784,985,28,5500000.0,False,True,True
39799,3342,43,6500000.0,True,True,False
39828,4419,60,1800000.0,False,True,True
39829,45,1,600000.0,False,True,True
39831,5926,83,3000000.0,False,True,True
39883,7847,132,7000000.0,False,True,True
39893,4929,62,900000.0,False,True,True
39897,137,2,1000000.0,False,True,True
39906,13471,166,4500000.0,False,True,False
39907,18349,244,5000000.0,False,True,False
39908,2232,51,7000000.0,False,True,True
39909,4924,88,9000000.0,False,True,False
39910,24893,277,10000000.0,False,True,False
39913,9215,119,2700000.0,False,True,False
39914,4100,59,5000000.0,False,True,True
39917,426,12,2800000.0,False,True,True
39918,9270,103,3000000.0,False,True,False
39924,1159,24,1000000.0,False,True,True
39983,28083,333,45000000.0,True,True,False
40014,14751,182,4000000.0,False,True,False
40034,1350,15,750000.0,False,True,True
40043,8100,113,4500000.0,False,True,True
40074,7946,130,5500000.0,False,True,True
40116,1695,20,900000.0,False,True,True
40204,19220,214,24000000.0,True,True,False
40205,3202,53,22000000.0,True,True,False
40372,19212,268,23000000.0,True,True,False
40423,19925,223,15000000.0,True,True,False
40428,9848,135,4000000.0,False,True,False
40429,1464,24,3000000.0,False,True,True
40433,24242,395,70000000.0,True,True,False
40442,4582,70,3000000.0,False,True,True
40446,30,1,4000000.0,False,True,True
40456,1929,36,900000.0,False,True,True
40478,10065,122,9000000.0,False,True,False
40567,14831,171,1500000.0,False,True,False
40605,1302,15,2000000.0,False,True,True
40611,22159,254,20000000.0,True,True,False
40612,1754,30,4500000.0,False,True,True
40613,23149,293,15000000.0,False,True,False
40614,810,9,1000000.0,False,True,True
40633,25703,335,15000000.0,False,True,False
40660,7886,173,16500000.0,True,True,False
40680,14296,160,6000000.0,True,True,False
40687,8982,127,15000000.0,False,True,False
40688,3329,53,6000000.0,False,True,True
40790,180,2,1200000.0,False,True,True
40822,557,15,7500000.0,False,True,False
40888,14464,215,12000000.0,False,True,False
40928,969,24,2000000.0,False,True,True
40937,3719,65,2000000.0,False,True,True
40975,1359,33,1000000.0,False,True,True
40995,12526,150,20000000.0,True,True,False
41023,6046,77,3000000.0,False,True,True
41063,8749,151,1500000.0,False,True,True
41112,11710,138,2750000.0,True,True,False
41234,432,6,1900000.0,False,True,True
41242,2618,47,5000000.0,False,True,True
41261,1021,27,2000000.0,False,True,True
41281,6941,85,7000000.0,False,True,True
41311,241,10,3500000.0,False,True,True
41323,7859,88,1750000.0,False,True,True
41355,3617,69,10500000.0,False,True,False
41369,306,9,2500000.0,False,True,True
41384,21654,311,35000000.0,True,True,False
41414,18747,279,17000000.0,True,True,False
41416,20785,274,7000000.0,False,True,False
41458,1820,38,2000000.0,False,True,True
41507,7540,105,5500000.0,False,True,True
41541,820,30,1500000.0,False,True,True
41663,941,25,8000000.0,False,True,False
41665,756,15,2000000.0,False,True,True
41749,4549,53,5000000.0,False,True,True
41818,49,4,2000000.0,False,True,True
41866,3058,45,2000000.0,False,True,True
41914,720,8,1500000.0,False,True,True
41935,535,9,4000000.0,False,True,True
41982,23243,287,45000000.0,True,True,False
41989,1205,22,2500000.0,False,True,True
42029,31,1,900000.0,False,True,True
42033,8647,132,5000000.0,False,True,True
42044,11297,141,4500000.0,False,True,False
42072,2627,55,1250000.0,False,True,True
42079,4230,47,2000000.0,False,True,True
42086,743,11,900000.0,False,True,True
42198,2179,42,5000000.0,False,True,True
42203,11687,147,5000000.0,False,True,False
42205,35010,391,13000000.0,True,True,False
42234,11611,183,8000000.0,False,True,False
42267,4017,76,5000000.0,False,True,True
42284,1020,12,1250000.0,False,True,True
42318,192,4,600000.0,False,True,True
42345,9464,122,1400000.0,False,True,False
42373,11983,135,12000000.0,False,True,False
42411,4720,92,4000000.0,False,True,True
42412,23845,294,15000000.0,True,True,False
42413,3125,52,4000000.0,False,True,True
42417,112,5,4000000.0,False,True,True
42460,24376,353,45000000.0,True,True,False
42463,1248,24,5000000.0,False,True,True
42466,90,1,400000.0,False,True,True
42513,2031,34,7000000.0,False,True,True
42678,931,14,14000000.0,True,True,False
42710,18492,212,40000000.0,True,True,False
42714,1753,22,5000000.0,False,True,True
42735,1826,29,7500000.0,False,True,False
42744,2122,25,3500000.0,False,True,True
42751,272,4,7000000.0,False,True,True
42783,16143,250,8000000.0,False,True,False
42920,2232,48,5000000.0,False,True,True
42935,3061,41,1500000.0,False,True,True
42936,15006,285,12000000.0,False,True,False
42952,2961,44,1500000.0,False,True,True
42974,1014,14,1000000.0,False,True,True
43003,13995,174,15000000.0,True,True,False
43012,127,2,3500000.0,False,True,True
43082,479,9,1250000.0,False,True,True
43084,1950,28,1400000.0,False,True,True
43193,1044,26,3000000.0,False,True,True
43206,375,14,600000.0,False,True,True
43217,90,1,400000.0,False,True,True
43237,330,4,650000.0,False,True,True
43242,2537,42,6500000.0,False,True,True
43250,20132,232,32000000.0,True,True,False
43256,12998,157,4000000.0,False,True,False
43257,2582,39,1200000.0,False,True,True
43261,1372,35,3500000.0,False,True,True
43264,7295,84,9500000.0,False,True,False
43266,2139,43,2500000.0,False,True,True
43271,1896,22,1800000.0,False,True,True
43274,5717,75,9000000.0,False,True,False
43411,46,2,300000.0,False,True,True
43458,7404,107,7000000.0,True,True,False
43512,15610,198,20000000.0,True,True,False
43530,17745,305,25000000.0,True,True,False
43722,8365,113,14000000.0,True,True,False
43759,834,22,4500000.0,False,True,True
43760,3755,52,6000000.0,True,True,False
43763,19561,240,7000000.0,False,True,False
43845,859,17,5200000.0,False,True,True
43847,2126,47,2500000.0,False,True,True
43848,11429,165,11500000.0,False,True,False
43853,1790,20,4200000.0,False,True,True
43886,9145,106,4500000.0,False,True,False
43907,8241,104,15000000.0,False,True,False
43942,2360,42,7000000.0,False,True,True
43960,3989,50,3500000.0,False,True,True
43975,12,1,1200000.0,False,True,True
43984,15698,204,3000000.0,False,True,False
44012,4115,52,1500000.0,False,True,True
44017,10444,165,40000000.0,True,True,False
44027,1820,33,5000000.0,False,True,True
44045,15641,235,3000000.0,False,True,False
44058,33542,374,40000000.0,True,True,False
44059,10628,132,4000000.0,True,True,False
44062,11248,127,8000000.0,True,True,False
44065,9739,159,10000000.0,False,True,False
44068,16359,244,45000000.0,True,True,False
44069,12003,160,6000000.0,False,True,False
44072,1467,25,1500000.0,False,True,True
44073,9767,155,3000000.0,False,True,False
44136,8473,104,16000000.0,False,True,False
44139,219,7,8000000.0,False,True,False
44162,19446,270,70000000.0,True,True,False
44227,900,10,2500000.0,False,True,True
44281,883,10,500000.0,False,True,True
44317,2772,37,1600000.0,False,True,True
44327,13104,171,18000000.0,True,True,False
44336,78,4,1000000.0,False,True,True
44352,26200,324,90000000.0,True,True,False
44373,4718,60,10000000.0,True,True,False
44412,8822,108,10000000.0,False,True,False
44417,6268,79,6500000.0,False,True,True
44420,20000,244,10000000.0,False,True,False
44466,13032,222,10000000.0,True,True,False
44501,17910,230,70000000.0,True,True,False
44514,1590,28,2000000.0,False,True,True
44521,6487,89,10000000.0,True,True,False
44567,92,6,1250000.0,False,True,True
44594,6362,73,2500000.0,False,True,True
44607,180,2,300000.0,False,True,True
44624,2351,41,11000000.0,False,True,False
44625,3244,52,2300000.0,False,True,True
44674,4598,60,12000000.0,False,True,False
44675,5261,96,15000000.0,True,True,False
44679,1873,33,1000000.0,False,True,True
44686,16469,219,1500000.0,False,True,False
44687,3660,51,1250000.0,False,True,True
44688,7230,96,1000000.0,False,True,True
44699,10433,125,6000000.0,False,True,False
44700,3426,43,3000000.0,False,True,True
44709,2994,50,6000000.0,True,True,False
44713,4561,86,3500000.0,False,True,True
44716,11330,149,31000000.0,True,True,False
44720,1321,19,1000000.0,False,True,True
44727,74,4,800000.0,False,True,True
44735,5836,71,2000000.0,False,True,True
44741,1675,37,4500000.0,False,True,True
44760,1715,42,3000000.0,False,True,True
44779,17522,239,60000000.0,True,True,False
44792,10538,146,14000000.0,True,True,False
44794,190,10,3000000.0,False,True,True
44832,1620,18,1300000.0,False,True,True
44834,13890,229,10000000.0,True,True,False
44855,1761,26,10000000.0,False,True,False
44859,1008,15,1000000.0,False,True,True
44860,3830,47,2200000.0,False,True,True
44913,879,22,1500000.0,False,True,True
44966,356,5,1400000.0,False,True,True
44983,9262,153,3500000.0,False,True,False
45026,18990,211,20000000.0,True,True,False
45082,25,1,600000.0,False,True,True
45121,8305,162,19000000.0,True,True,False
45124,10004,121,28000000.0,True,True,False
45146,12986,194,32000000.0,True,True,False
45166,2138,28,1750000.0,False,True,True
45168,112,7,3000000.0,True,True,False
45178,3910,68,7000000.0,False,True,True
45184,13169,166,30000000.0,True,True,False
45185,28,1,1000000.0,False,True,True
45235,315,6,650000.0,False,True,True
45237,13593,169,2000000.0,False,True,False
45254,719,18,900000.0,False,True,True
45256,6982,81,4000000.0,False,True,True
45259,1325,25,1000000.0,False,True,True
45272,6869,89,6000000.0,False,True,True
45287,6041,92,10000000.0,True,True,False
45305,7113,90,6000000.0,False,True,True
45314,20900,251,13000000.0,True,True,False
45319,6047,78,6000000.0,False,True,True
45320,21519,316,65000000.0,True,True,False
45330,11887,160,6500000.0,False,True,False
45333,14397,195,17000000.0,False,True,False
45335,8026,141,7500000.0,False,True,False
45383,7935,157,15000000.0,True,True,False
45389,2302,46,1700000.0,False,True,True
45395,7079,93,5000000.0,False,True,True
45403,16692,236,18000000.0,False,True,False
45448,289,4,4500000.0,False,True,True
45464,2228,35,3000000.0,False,True,True
45475,3169,48,2000000.0,False,True,True
45494,10251,116,5500000.0,False,True,False
45509,594,22,10000000.0,False,True,False
45529,120,5,1500000.0,False,True,True
45548,7376,94,10000000.0,True,True,False
45565,11641,148,8000000.0,True,True,False
45567,7375,109,9500000.0,True,True,False
45581,5039,105,6000000.0,True,True,False
45593,4,1,13000000.0,False,True,False
45599,9594,117,10000000.0,True,True,False
45601,2038,23,1500000.0,False,True,True
45623,7066,101,4000000.0,False,True,True
45624,4966,56,12000000.0,False,True,False
45631,6,1,1250000.0,False,True,True
45639,7732,123,5000000.0,False,True,True
45644,8,2,2500000.0,False,True,True
45646,1876,48,6500000.0,False,True,True
45653,11453,135,18000000.0,True,True,False
45660,15042,271,10000000.0,True,True,False
45662,8487,162,3500000.0,False,True,True
45668,8882,126,5000000.0,False,True,True
45671,2557,55,23000000.0,False,True,False
45672,33849,378,12000000.0,True,True,False
45674,1710,19,1000000.0,False,True,True
45683,12178,164,4000000.0,False,True,False
45693,7561,148,4000000.0,False,True,True
45710,1727,32,8000000.0,False,True,False
45717,2342,54,6000000.0,False,True,True
45760,1189,24,4000000.0,False,True,True
45775,241,10,3000000.0,False,True,True
45832,5975,80,5000000.0,False,True,True
45846,595,14,1500000.0,False,True,True
45861,16673,188,11000000.0,False,True,False
45882,3240,36,5000000.0,False,True,True
45889,1353,22,3500000.0,False,True,True
45912,11690,132,5000000.0,False,True,False
45921,12,1,400000.0,False,True,True
46001,27548,370,25000000.0,True,True,False
46006,1195,28,2000000.0,False,True,True
46007,703,14,1500000.0,False,True,True
46060,462,10,2500000.0,False,True,True
46062,581,14,7500000.0,False,True,False
46104,10774,209,30000000.0,True,True,False
46105,21859,287,3500000.0,False,True,False
46106,1495,34,4000000.0,False,True,True
46110,791,13,15000000.0,False,True,False
46154,3,1,4500000.0,False,True,True
46156,18444,239,17000000.0,True,True,False
46162,1839,31,2000000.0,False,True,True
46179,4,1,400000.0,False,True,True
46215,7764,118,3500000.0,False,True,True
46220,5965,100,16000000.0,False,True,False
46405,306,4,7000000.0,False,True,True
46413,18217,265,15000000.0,False,True,False
46415,5962,98,5000000.0,False,True,True
46423,1227,17,2000000.0,False,True,True
46473,709,16,2500000.0,False,True,True
46477,507,24,2000000.0,False,True,True
46552,26147,295,20000000.0,False,True,False
46580,24805,335,38000000.0,False,True,False
46716,296,6,1000000.0,False,True,True
46728,283,5,1500000.0,False,True,True
46741,19853,237,30000000.0,True,True,False
46791,1987,56,8000000.0,False,True,False
46809,163,4,3800000.0,False,True,True
46831,3201,59,6000000.0,False,True,True
46894,1334,15,3200000.0,False,True,True
46972,6616,91,10000000.0,False,True,False
47005,885,25,1750000.0,False,True,True
47065,6127,108,5500000.0,False,True,True
47082,7074,129,25000000.0,True,True,False
47085,14526,187,5500000.0,False,True,False
47184,2678,46,7000000.0,False,True,True
47285,8332,162,6000000.0,False,True,True
47344,692,9,3500000.0,False,True,True
47435,715,13,1400000.0,False,True,True
47513,7387,122,3500000.0,False,True,True
47543,1305,37,10000000.0,False,True,False
47544,5970,75,1200000.0,False,True,True
47587,13730,194,9000000.0,False,True,False
47592,2077,26,7000000.0,False,True,True
47646,3548,55,4200000.0,False,True,True
47647,3518,65,2000000.0,False,True,True
47648,1105,21,2500000.0,False,True,True
47653,2006,27,1250000.0,False,True,True
47659,5301,60,6000000.0,True,True,False
47713,16148,200,19000000.0,True,True,False
47722,371,5,3000000.0,False,True,True
47768,1645,19,2000000.0,False,True,True
47893,4945,69,7500000.0,True,True,False
47995,14091,191,5500000.0,False,True,False
48002,21881,264,13000000.0,True,True,False
48003,7478,84,1300000.0,False,True,True
48015,30379,340,12000000.0,False,True,False
48066,9023,165,20000000.0,True,True,False
48078,3950,87,6000000.0,False,True,True
48081,2975,38,1200000.0,False,True,True
48119,43,2,3400000.0,False,True,True
48164,3291,57,4000000.0,False,True,True
48280,21662,300,60000000.0,True,True,False
48294,324,4,2000000.0,False,True,True
48298,22182,292,18000000.0,False,True,False
48678,160,6,3200000.0,False,True,True
48740,2153,32,5500000.0,False,True,True
48805,2265,39,1750000.0,False,True,True
48859,18015,230,13000000.0,True,True,False
48870,14826,165,5000000.0,False,True,False
48931,1675,20,2500000.0,False,True,True
48950,208,6,10000000.0,False,True,False
48974,1305,33,10000000.0,True,True,False
49101,17,1,2000000.0,False,True,True
49144,424,7,1000000.0,False,True,True
49239,6558,95,13000000.0,False,True,False
49275,18211,260,5000000.0,False,True,False
49319,2753,33,2000000.0,False,True,True
49327,5840,73,6000000.0,False,True,True
49347,1620,18,2500000.0,True,True,False
49409,1819,27,4000000.0,False,True,True
49499,19589,262,50000000.0,True,True,False
49500,15721,182,5000000.0,False,True,False
49501,5015,81,3500000.0,False,True,True
49521,2630,48,3000000.0,False,True,True
49542,1793,43,4500000.0,False,True,True
49655,7403,120,5000000.0,True,True,False
49693,6690,98,5500000.0,False,True,True
49723,14828,219,5000000.0,False,True,False
49730,7915,102,8000000.0,False,True,False
49734,3607,63,4000000.0,True,True,False
49755,8637,109,6000000.0,False,True,True
49795,356,18,2600000.0,False,True,True
49802,74,1,5000000.0,False,True,True
49804,6673,79,3000000.0,False,True,True
49867,1857,26,3500000.0,False,True,True
49872,3853,68,2500000.0,False,True,True
50057,16713,270,45000000.0,True,True,False
50135,438,8,1750000.0,False,True,True
50142,10658,153,1500000.0,False,True,False
50143,4505,66,12000000.0,False,True,False
50174,15208,186,30000000.0,True,True,False
50199,293,12,1250000.0,False,True,True
50201,19246,280,35000000.0,True,True,False
50202,21996,299,150000000.0,True,True,False
50219,17354,193,14000000.0,True,True,False
50303,1349,34,7000000.0,False,True,True
50355,749,14,16000000.0,False,True,False
50362,12701,178,15000000.0,True,True,False
50413,96,5,2000000.0,False,True,True
50477,4222,58,3500000.0,False,True,True
50487,1263,31,2000000.0,False,True,True
50512,16875,252,20000000.0,True,True,False
50570,6061,107,30000000.0,True,True,False
50577,4822,59,2000000.0,False,True,True
50587,45,1,1400000.0,False,True,True
50935,10135,189,25000000.0,True,True,False
50987,10,1,3000000.0,False,True,True
51030,4759,62,1500000.0,False,True,True
51035,4224,49,1800000.0,False,True,True
51040,3571,69,3500000.0,False,True,True
51046,10046,121,8000000.0,True,True,False
51053,2610,29,1250000.0,False,True,True
51058,1306,21,5000000.0,False,True,True
51069,900,27,1200000.0,False,True,True
51088,93,6,6000000.0,False,True,True
51100,15697,188,3500000.0,False,True,False
51106,81,2,300000.0,False,True,True
51118,16852,202,14000000.0,True,True,False
51152,8987,129,28000000.0,False,True,False
51168,3503,91,3000000.0,False,True,True
51174,13231,183,17500000.0,True,True,False
51176,8235,118,4500000.0,False,True,True
51186,9395,114,6500000.0,True,True,False
51190,323,8,450000.0,False,True,True
51226,11756,175,6000000.0,False,True,False
51282,21,1,1000000.0,False,True,True
51283,5041,73,3000000.0,False,True,True
51285,414,9,1600000.0,False,True,True
51318,382,7,2000000.0,False,True,True
51321,2970,33,4500000.0,False,True,True
51325,2059,27,3000000.0,False,True,True
51346,1803,26,6000000.0,False,True,True
51356,6754,107,5500000.0,False,True,True
51369,583,19,850000.0,False,True,True
51383,15,2,2500000.0,False,True,True
51426,10440,139,4000000.0,False,True,False
51452,11635,163,18000000.0,True,True,False
51457,52,4,3000000.0,False,True,True
51471,21574,362,45000000.0,True,True,False
51474,13469,195,8000000.0,False,True,False
51489,384,6,2000000.0,False,True,True
51504,2610,29,1500000.0,False,True,True
51510,9884,216,7500000.0,False,True,False
51528,3153,39,6000000.0,False,True,True
51532,2361,41,4000000.0,False,True,True
51535,3932,47,3500000.0,True,True,False
51540,9194,131,5000000.0,False,True,False
51542,339,11,800000.0,False,True,True
51545,1935,46,2500000.0,False,True,True
51547,1932,26,5000000.0,False,True,True
51550,835,14,2000000.0,False,True,True
51559,2611,40,1500000.0,False,True,True
51587,15713,235,10000000.0,False,True,False
51663,3466,46,1000000.0,False,True,True
51667,6217,75,2500000.0,False,True,True
51676,11345,161,4000000.0,False,True,False
51681,4930,57,6500000.0,False,True,True
51710,18395,205,12000000.0,True,True,False
51713,1395,20,4000000.0,False,True,True
51730,166,4,1750000.0,False,True,True
51736,2598,39,3000000.0,False,True,True
51972,3440,61,2750000.0,False,True,True
51977,3015,34,800000.0,False,True,True
52027,1557,28,2500000.0,False,True,True
52059,8766,111,5000000.0,False,True,True
52112,3309,43,2000000.0,False,True,True
52119,17442,208,12000000.0,False,True,False
52136,1447,22,3000000.0,False,True,True
52188,1374,24,1600000.0,False,True,True
52200,1222,35,3000000.0,False,True,True
52209,1056,21,1800000.0,False,True,True
52246,1878,30,5000000.0,False,True,True
52266,5208,74,10000000.0,True,True,False
52312,2752,57,21000000.0,True,True,False
52328,5844,85,6000000.0,False,True,True
52345,6941,90,5000000.0,False,True,True
52348,10361,122,8000000.0,False,True,False
52403,11411,134,6000000.0,False,True,False
52428,4817,73,4000000.0,False,True,True
52432,603,13,3500000.0,False,True,True
52469,15759,224,12000000.0,False,True,False
52495,6159,77,3000000.0,False,True,True
52513,1562,22,10000000.0,False,True,False
52530,5318,149,2500000.0,False,True,True
52570,13829,155,15000000.0,True,True,False
52585,198,6,2200000.0,False,True,True
52595,3433,53,5000000.0,False,True,True
52647,450,5,2000000.0,False,True,True
52744,57,2,1000000.0,False,True,True
52746,1098,41,2500000.0,False,True,True
52769,20832,327,50000000.0,True,True,False
52830,432,10,3000000.0,False,True,True
52893,3549,46,2000000.0,False,True,True
52897,8154,117,25000000.0,True,True,False
52903,380,7,3500000.0,False,True,True
52910,1085,16,9000000.0,False,True,False
52918,3415,43,4500000.0,False,True,True
52920,18377,209,9000000.0,False,True,False
52999,974,23,3000000.0,False,True,True
53058,93,6,15000000.0,False,True,False
53077,4235,51,6000000.0,False,True,True
53173,8557,108,9500000.0,False,True,False
53238,1318,22,2000000.0,False,True,True
53239,1764,39,4000000.0,False,True,True
53288,3105,63,4500000.0,True,True,False
53293,682,8,800000.0,False,True,True
53301,4787,57,2500000.0,False,True,True
53306,5106,57,2000000.0,False,True,True
53309,459,11,5000000.0,False,True,True
53332,2767,33,4000000.0,False,True,True
53350,561,8,2000000.0,False,True,True
53359,576,11,4000000.0,False,True,True
53360,14253,258,13000000.0,False,True,False
53399,2458,33,750000.0,False,True,True
53400,4179,81,4000000.0,False,True,True
53408,3545,40,3000000.0,False,True,True
53418,18043,270,22000000.0,True,True,False
53437,22554,275,7000000.0,False,True,False
53477,1896,28,5500000.0,False,True,True
53523,2368,27,5000000.0,False,True,True
53533,8510,101,8000000.0,False,True,False
53534,168,4,1750000.0,False,True,True
53536,9481,166,7500000.0,False,True,False
53602,5737,85,2500000.0,False,True,True
53622,23931,334,50000000.0,True,True,False
53669,15584,184,4500000.0,False,True,False
53696,1170,13,3500000.0,False,True,True
54137,7136,100,5000000.0,False,True,True
54149,3348,41,7500000.0,True,True,False
54155,13149,155,8000000.0,False,True,False
54170,6840,100,30000000.0,True,True,False
54183,1964,39,4500000.0,False,True,True
54217,1631,19,1500000.0,False,True,True
54231,4697,66,2500000.0,False,True,True
54235,22979,340,22000000.0,False,True,False
54245,12548,187,11000000.0,False,True,False
54275,395,8,8500000.0,True,True,False
54312,2988,45,5000000.0,True,True,False
54383,5182,65,8000000.0,False,True,False
54488,536,10,1750000.0,False,True,True
54576,36,3,6000000.0,False,True,True
54581,5857,115,5000000.0,False,True,True
54659,5799,77,22000000.0,True,True,False
54774,4590,68,5000000.0,False,True,True
54775,198,6,2500000.0,False,True,True
54781,14275,171,35000000.0,True,True,False
54794,419,14,2000000.0,False,True,True
54818,2018,27,3000000.0,False,True,True
54845,10,1,3500000.0,False,True,True
54846,5812,70,1000000.0,False,True,True
54859,2751,39,17500000.0,True,True,False
54890,4089,96,8500000.0,False,True,False
54906,24716,346,15000000.0,True,True,False
54916,2502,31,1500000.0,False,True,True
54921,1830,24,1800000.0,False,True,True
54928,20721,242,40000000.0,True,True,False
54929,8573,100,14000000.0,True,True,False
54933,6489,137,2000000.0,False,True,True
54935,12499,165,10000000.0,True,True,False
54964,1948,27,1000000.0,False,True,True
54984,11038,188,20000000.0,True,True,False
54996,275,7,3000000.0,False,True,True
55000,1800,20,800000.0,False,True,True
55001,2641,34,1500000.0,False,True,True
55042,6425,90,2500000.0,False,True,True
55044,89,3,1600000.0,False,True,True
55046,6813,86,2500000.0,False,True,True
55089,41310,459,10000000.0,False,True,False
55099,22665,293,4500000.0,False,True,False
55114,12553,149,4000000.0,False,True,False
55125,3653,52,2000000.0,False,True,True
55135,3047,36,3000000.0,False,True,True
55156,262,4,3000000.0,False,True,True
55213,198,6,1300000.0,False,True,True
55215,11606,197,30000000.0,True,True,False
55237,12090,142,2500000.0,False,True,False
55240,6727,85,4000000.0,False,True,True
55247,180,2,2000000.0,True,True,False
55282,15192,170,5000000.0,True,True,False
55291,3442,49,3000000.0,False,True,True
55385,2606,36,1250000.0,False,True,True
55409,15521,199,5000000.0,False,True,False
55472,2528,35,1800000.0,False,True,True
55508,12832,183,11000000.0,True,True,False
55510,8650,132,6000000.0,False,True,True
55512,506,8,750000.0,False,True,True
55519,2569,48,3000000.0,False,True,True
55595,72,4,1200000.0,False,True,True
55597,1414,19,1300000.0,False,True,True
55619,8794,133,6000000.0,False,True,True
55687,2540,38,2500000.0,False,True,True
55709,1474,37,6500000.0,False,True,True
55735,27337,384,37000000.0,True,True,False
55742,7602,94,7000000.0,False,True,True
55751,429,9,2500000.0,False,True,True
55769,21970,312,13000000.0,True,True,False
55801,10874,194,8000000.0,False,True,False
55854,11595,171,12000000.0,True,True,False
55866,5069,59,2650000.0,False,True,True
55870,275,8,3500000.0,False,True,True
55884,517,11,2100000.0,False,True,True
55895,945,15,4000000.0,True,True,False
55911,738,10,2000000.0,False,True,True
55932,175,4,3000000.0,False,True,True
55957,4267,67,7500000.0,False,True,False
55993,3577,45,2750000.0,False,True,True
55997,2079,24,3500000.0,False,True,True
56036,1786,20,6000000.0,False,True,True
56046,524,11,3000000.0,False,True,True
56059,115,5,1000000.0,False,True,True
56066,4495,61,25000000.0,False,True,False
56067,10202,182,9000000.0,False,True,False
56100,5728,77,2000000.0,False,True,True
56134,15213,189,7500000.0,False,True,False
56294,965,29,600000.0,False,True,True
56331,7851,121,22000000.0,False,True,False
56416,17036,295,32000000.0,True,True,False
56435,4786,59,1250000.0,False,True,True
56510,1,1,400000.0,False,True,True
56513,1022,20,1700000.0,False,True,True
56543,5404,63,2500000.0,False,True,True
56609,5837,74,2500000.0,False,True,True
56693,1860,26,900000.0,False,True,True
56703,10630,176,4500000.0,True,True,False
56711,3708,60,3000000.0,False,True,True
56762,7554,105,1600000.0,False,True,True
56777,9295,123,2500000.0,False,True,False
56778,1148,15,2000000.0,False,True,True
56790,5791,93,3300000.0,False,True,True
56794,14453,205,6000000.0,False,True,False
56795,10941,133,5500000.0,False,True,False
56802,2592,32,2500000.0,False,True,True
56806,3364,47,2000000.0,False,True,True
56807,140,2,1200000.0,False,True,True
56808,2819,40,900000.0,False,True,True
56809,11768,133,3000000.0,False,True,False
56810,4849,75,25000000.0,False,True,False
56815,320,7,1500000.0,False,True,True
56817,1406,23,6000000.0,False,True,True
56818,18236,248,30000000.0,True,True,False
56820,17712,201,2500000.0,False,True,False
56827,8219,100,2500000.0,False,True,True
56830,13091,174,3500000.0,False,True,False
56831,103,7,1650000.0,False,True,True
56841,1920,25,900000.0,False,True,True
56853,363,11,1500000.0,False,True,True
56854,5678,71,1300000.0,False,True,True
56872,5118,94,3500000.0,False,True,True
56889,2110,31,3500000.0,False,True,True
56903,705,15,3000000.0,False,True,True
56912,2211,64,1500000.0,False,True,True
56921,810,9,600000.0,False,True,True
57051,19855,283,15000000.0,True,True,False
57071,24033,269,13000000.0,False,True,False
57079,4760,82,16000000.0,True,True,False
57091,2643,30,3500000.0,False,True,True
57110,8811,138,6000000.0,False,True,True
57134,4320,48,950000.0,False,True,True
57135,1678,22,750000.0,False,True,True
57144,2323,37,1500000.0,False,True,True
57162,8402,134,18000000.0,False,True,False
57170,4628,60,1300000.0,False,True,True
57186,7794,96,4000000.0,False,True,True
57207,3960,75,6000000.0,False,True,True
57208,1646,21,1200000.0,False,True,True
57213,49,5,900000.0,False,True,True
57216,22922,265,1500000.0,False,True,False
57229,4799,79,40000000.0,True,True,False
57275,1408,32,7000000.0,True,True,False
57280,25525,348,24000000.0,True,True,False
57285,990,11,1500000.0,False,True,True
57295,407,8,900000.0,False,True,True
57337,390,12,3800000.0,False,True,True
57342,1233,23,2800000.0,False,True,True
57343,910,13,3500000.0,False,True,True
57348,2185,31,1250000.0,False,True,True
57349,991,22,1250000.0,False,True,True
57354,6604,79,2800000.0,False,True,True
57355,1123,29,5000000.0,False,True,True
57358,2396,42,1000000.0,False,True,True
57359,533,17,600000.0,False,True,True
57367,2696,31,2000000.0,False,True,True
57370,20813,243,5500000.0,False,True,False
57372,15614,210,3000000.0,False,True,False
57376,10414,131,3000000.0,False,True,False
57383,724,9,1000000.0,False,True,True
57389,3564,54,1000000.0,False,True,True
57402,1407,17,7500000.0,False,True,False
57403,3875,69,3500000.0,False,True,True
57404,7555,92,7500000.0,False,True,False
57410,169,7,900000.0,False,True,True
57420,16739,203,7000000.0,False,True,False
57423,574,11,6000000.0,False,True,True
57449,3783,63,3500000.0,False,True,True
57466,2399,36,1000000.0,False,True,True
57467,19228,219,3500000.0,False,True,False
57480,10633,135,9000000.0,True,True,False
57488,71,4,1000000.0,False,True,True
57500,33075,407,40000000.0,True,True,False
57510,3988,50,1000000.0,False,True,True
57515,6691,85,13000000.0,True,True,False
57522,13840,155,5000000.0,False,True,False
57525,11600,148,2000000.0,False,True,False
57545,1508,22,1600000.0,False,True,True
57598,3660,51,900000.0,False,True,True
57643,6894,96,1000000.0,False,True,True
57644,38,1,700000.0,False,True,True
57693,585,7,700000.0,False,True,True
57723,810,10,8000000.0,True,True,False
57785,2908,38,5000000.0,False,True,True
57791,7131,97,6000000.0,False,True,True
57800,6210,69,2000000.0,False,True,True
57808,1142,18,1000000.0,False,True,True
57816,2787,38,3500000.0,False,True,True
57818,2087,33,3000000.0,False,True,True
57825,16211,261,3500000.0,False,True,False
57842,6528,74,7000000.0,False,True,True
57845,13139,185,8000000.0,False,True,False
57866,2741,49,5000000.0,False,True,True
57876,4273,60,2000000.0,False,True,True
57895,46,4,5000000.0,False,True,True
57922,215,7,1200000.0,False,True,True
57935,819,32,2500000.0,False,True,True
57941,36,1,2000000.0,False,True,True
57943,2028,43,1500000.0,False,True,True
57944,2128,28,1000000.0,False,True,True
57950,124,5,2000000.0,False,True,True
57961,3026,36,1000000.0,False,True,True
57995,9102,153,7000000.0,False,True,False
58000,1113,16,4500000.0,False,True,True
58001,2223,36,5000000.0,False,True,True
58009,72,1,700000.0,False,True,True
58013,2553,32,5000000.0,False,True,True
58064,360,4,600000.0,False,True,True
58070,5839,72,1800000.0,False,True,True
58074,7375,90,5000000.0,False,True,True
58076,7734,110,3000000.0,False,True,True
58097,983,16,2000000.0,False,True,True
58112,6139,97,2000000.0,False,True,True
58115,7114,82,3000000.0,False,True,True
58124,3114,89,8000000.0,True,True,False
58163,358,5,3000000.0,False,True,True
58178,16184,194,5000000.0,False,True,False
58205,10779,178,30000000.0,True,True,False
58281,6996,92,4500000.0,False,True,True
58295,907,52,3800000.0,False,True,True
58330,7185,102,2000000.0,False,True,True
58341,8561,97,3500000.0,False,True,True
58345,6694,106,7000000.0,False,True,True
58358,25300,365,75000000.0,True,True,False
58361,559,20,16000000.0,False,True,False
58379,2229,45,3000000.0,False,True,True
58396,5037,83,500000.0,False,True,True
58405,1966,41,4000000.0,False,True,True
58426,1830,24,4000000.0,True,True,False
58437,2171,46,2000000.0,False,True,True
58474,789,10,900000.0,False,True,True
58489,6579,89,18000000.0,False,True,False
58497,2070,23,800000.0,False,True,True
58500,6624,101,3500000.0,False,True,True
58516,2277,31,17000000.0,False,True,False
58576,1818,27,10000000.0,False,True,False
58774,2773,39,2500000.0,False,True,True
58789,3103,43,3000000.0,False,True,True
58799,8768,148,2000000.0,False,True,True
58818,11660,182,5000000.0,False,True,False
58864,31196,406,75000000.0,True,True,False
58874,13946,166,13000000.0,False,True,False
58884,16597,240,35000000.0,True,True,False
58890,2752,31,3000000.0,False,True,True
58949,4438,89,25000000.0,False,True,False
58970,1079,24,2500000.0,False,True,True
58993,4471,80,9000000.0,False,True,False
58995,8335,121,1500000.0,False,True,True
59016,26690,331,65000000.0,True,True,False
59027,18835,210,14000000.0,True,True,False
59032,5562,82,15000000.0,False,True,False
59054,2670,56,2500000.0,False,True,True
59059,31,5,900000.0,False,True,True
59082,174,2,3500000.0,False,True,True
59196,148,9,1250000.0,False,True,True
59238,14957,168,4500000.0,True,True,False
59248,3605,45,5000000.0,False,True,True
59323,16617,307,10000000.0,False,True,False
59340,13473,206,17500000.0,True,True,False
59343,3167,37,2000000.0,False,True,True
59344,18121,258,25000000.0,True,True,False
59349,7785,87,2500000.0,False,True,True
59375,11089,169,4000000.0,False,True,False
59377,41159,458,70000000.0,True,True,False
59491,124,2,2250000.0,False,True,True
59527,59,1,700000.0,False,True,True
59529,218,4,1200000.0,False,True,True
59551,5211,87,1500000.0,False,True,True
59558,2570,37,3500000.0,False,True,True
59561,37706,473,35000000.0,False,True,False
59597,1191,19,5000000.0,False,True,True
59606,12673,153,5000000.0,False,True,False
59631,7862,140,15000000.0,True,True,False
59641,2864,34,2500000.0,False,True,True
59699,7596,90,1600000.0,False,True,True
59783,9784,161,8500000.0,False,True,False
59791,810,9,2000000.0,False,True,True
59866,9349,159,20000000.0,True,True,False
59938,3105,40,4500000.0,False,True,True
59950,6497,87,4000000.0,False,True,True
59957,8349,122,6000000.0,False,True,True
60026,712,14,500000.0,False,True,True
60028,6642,102,3500000.0,False,True,True
60128,19797,225,2500000.0,False,True,False
60289,66,1,700000.0,False,True,True
60394,437,20,2500000.0,False,True,True
60444,16691,245,70000000.0,True,True,False
60445,4045,66,8000000.0,True,True,False
60517,4631,62,26000000.0,False,True,False
60525,2426,48,2000000.0,False,True,True
60530,409,8,600000.0,False,True,True
60534,1324,28,2000000.0,False,True,True
60539,8843,102,1500000.0,False,True,True
60540,16582,311,10000000.0,False,True,False
60542,23677,309,16000000.0,True,True,False
60543,2668,30,1000000.0,False,True,True
60551,5478,69,4000000.0,False,True,True
60558,10682,131,5000000.0,False,True,False
60561,38131,427,25000000.0,False,True,False
60567,328,6,1400000.0,False,True,True
60570,4242,77,6000000.0,False,True,True
60573,11149,139,21000000.0,True,True,False
60577,23604,270,20000000.0,False,True,False
60578,11858,153,3500000.0,False,True,False
60583,9217,141,3500000.0,False,True,False
60588,3469,57,1250000.0,False,True,True
60591,3858,67,3000000.0,False,True,True
60599,3163,42,1750000.0,False,True,True
60602,3420,38,2000000.0,False,True,True
60603,14813,169,5000000.0,False,True,False
60604,2533,39,1000000.0,False,True,True
60607,2970,39,1750000.0,False,True,True
60632,22721,271,3500000.0,False,True,False
60732,1551,20,600000.0,False,True,True
60744,11578,145,7500000.0,False,True,False
60761,1251,30,1500000.0,False,True,True
60779,107,3,1500000.0,False,True,True
60790,1603,26,2800000.0,False,True,True
60885,1864,24,4000000.0,False,True,True
60889,19711,253,13000000.0,True,True,False
60890,19761,262,6000000.0,False,True,False
60957,5375,113,2250000.0,False,True,True
60990,14156,159,6000000.0,False,True,False
61087,13813,231,22000000.0,False,True,False
61253,24020,360,25000000.0,True,True,False
61344,2012,46,2500000.0,False,True,True
61358,182,4,900000.0,False,True,True
61375,33,3,3000000.0,False,True,True
61401,191,6,1500000.0,False,True,True
61447,1604,21,1000000.0,False,True,True
61449,19513,255,14000000.0,False,True,False
61464,2007,36,2500000.0,False,True,True
61511,2461,33,3000000.0,False,True,True
61546,16800,204,6000000.0,False,True,False
61559,469,9,500000.0,False,True,True
61560,15749,252,10000000.0,False,True,False
61561,2769,46,5500000.0,False,True,True
61568,1091,27,4000000.0,False,True,True
61572,925,11,2500000.0,False,True,True
61573,4787,59,3500000.0,False,True,True
61575,1136,17,2000000.0,False,True,True
61583,752,16,1500000.0,False,True,True
61588,22,4,500000.0,False,True,True
61591,2721,43,2500000.0,False,True,True
61592,18103,229,8000000.0,False,True,False
61637,7171,138,6000000.0,False,True,True
61644,11259,143,7500000.0,False,True,False
61651,26027,355,35000000.0,True,True,False
61653,1767,31,7500000.0,False,True,False
61682,276,9,2300000.0,False,True,True
61694,3420,38,8000000.0,False,True,False
61711,1260,40,5000000.0,False,True,True
61743,338,13,4500000.0,False,True,True
61751,770,12,1500000.0,False,True,True
61757,5377,79,2000000.0,False,True,True
61770,1571,22,2500000.0,False,True,True
61783,76,2,1000000.0,False,True,True
61786,1838,36,4400000.0,False,True,True
61812,25886,322,20000000.0,True,True,False
61814,450,5,2000000.0,False,True,True
61819,11061,129,3500000.0,False,True,False
61832,13400,171,9000000.0,True,True,False
61834,4053,69,8500000.0,True,True,False
61841,19178,255,9000000.0,False,True,False
61842,19066,291,15000000.0,True,True,False
61863,30,4,1000000.0,False,True,True
61869,315,4,800000.0,False,True,True
61887,192,14,3500000.0,False,True,True
61891,9610,144,8000000.0,True,True,False
61892,11426,160,15000000.0,True,True,False
61901,1690,38,7500000.0,False,True,False
61989,5905,66,2000000.0,False,True,True
62008,411,12,4500000.0,False,True,True
62013,3062,49,2000000.0,False,True,True
62049,11305,169,11000000.0,False,True,False
62052,342,9,1500000.0,False,True,True
62094,36,2,10000000.0,False,True,False
62121,6670,111,12000000.0,True,True,False
62144,2883,45,2000000.0,False,True,True
62240,5743,68,5500000.0,False,True,True
62351,10270,136,3000000.0,False,True,False
62379,339,15,1800000.0,False,True,True
62415,10599,156,3500000.0,True,True,False
62611,799,26,500000.0,False,True,True
62638,5253,67,4000000.0,False,True,True
62642,45,1,3500000.0,False,True,True
62688,13785,164,5000000.0,False,True,False
62713,4078,91,4000000.0,False,True,True
62716,161,2,3000000.0,False,True,True
62735,1387,33,4300000.0,False,True,True
62751,1417,35,4000000.0,False,True,True
62800,4263,57,1500000.0,False,True,True
62913,5419,70,2000000.0,False,True,True
62915,7053,81,11000000.0,False,True,False
62920,16282,203,14000000.0,False,True,False
62941,3355,42,2500000.0,False,True,True
62945,13706,155,3500000.0,False,True,False
63022,6010,123,3500000.0,False,True,True
63040,11754,181,2000000.0,False,True,False
63056,10178,171,8000000.0,False,True,False
63186,23543,334,16000000.0,False,True,False
63200,9856,172,10000000.0,False,True,False
63209,1354,18,1200000.0,False,True,True
63226,221,3,300000.0,False,True,True
63252,1153,16,10000000.0,False,True,False
63265,2995,38,1000000.0,False,True,True
63285,1956,26,2000000.0,False,True,True
63290,18171,233,4000000.0,False,True,False
63293,90,1,3750000.0,False,True,True
63342,9393,123,8500000.0,False,True,False
63384,124,4,800000.0,False,True,True
63463,23437,294,15000000.0,True,True,False
63494,24649,320,13000000.0,True,True,False
63531,12482,165,22000000.0,True,True,False
63689,7691,108,3000000.0,False,True,True
63695,1051,18,2500000.0,False,True,True
63706,540,6,500000.0,False,True,True
63723,10827,127,3000000.0,False,True,False
63737,2824,53,6000000.0,False,True,True
63821,3815,51,3000000.0,False,True,True
63824,1758,37,6000000.0,False,True,True
63833,513,15,2500000.0,False,True,True
63846,1696,20,3500000.0,False,True,True
63899,21,2,3500000.0,False,True,True
63955,310,6,3500000.0,False,True,True
63965,118,4,1000000.0,False,True,True
64000,6345,71,18000000.0,False,True,False
64134,10618,133,9000000.0,False,True,False
64147,231,8,2200000.0,False,True,True
64229,83,5,1700000.0,False,True,True
64248,102,2,1000000.0,False,True,True
64308,2027,37,11000000.0,False,True,False
64339,4552,63,27000000.0,False,True,False
64363,6385,78,4000000.0,False,True,True
64399,30181,337,10000000.0,False,True,False
64411,15366,194,5000000.0,False,True,False
64419,34,4,900000.0,False,True,True
64484,5116,116,2600000.0,False,True,True
64545,837,29,3600000.0,False,True,True
64598,11399,140,7000000.0,False,True,False
64791,1934,29,2000000.0,False,True,True
64793,13272,253,13000000.0,True,True,False
64992,1295,22,2300000.0,False,True,True
65060,1049,12,1600000.0,False,True,True
65177,56,1,500000.0,False,True,True
65230,28881,365,80000000.0,True,True,False
65233,133,6,1000000.0,False,True,True
65237,9331,114,4000000.0,False,True,False
65239,742,13,800000.0,False,True,True
65243,3365,63,1500000.0,False,True,True
65255,6189,79,5500000.0,False,True,True
65263,11148,124,6000000.0,True,True,False
65266,28,1,1500000.0,False,True,True
65278,22518,424,30000000.0,True,True,False
65301,5092,74,4000000.0,False,True,True
65318,18580,250,9000000.0,False,True,False
65331,8806,146,4000000.0,False,True,True
65467,18334,261,10000000.0,False,True,False
65477,12856,163,11000000.0,False,True,False
65489,1749,29,1500000.0,False,True,True
65635,12,2,700000.0,False,True,True
65781,1778,21,3000000.0,False,True,True
65921,412,16,4000000.0,False,True,True
65929,96,3,3000000.0,False,True,True
65976,3324,94,3000000.0,False,True,True
65992,195,10,1250000.0,False,True,True
66005,3682,60,2500000.0,False,True,True
66022,2965,48,5000000.0,False,True,True
66052,1556,26,1500000.0,False,True,True
66058,12173,193,10000000.0,False,True,False
66099,4056,61,2500000.0,False,True,True
66100,24614,349,12000000.0,True,True,False
66106,22365,331,25000000.0,False,True,False
66109,1262,29,1500000.0,False,True,True
66110,313,8,1000000.0,False,True,True
66112,7235,121,4000000.0,False,True,True
66219,11504,143,6000000.0,True,True,False
66280,1682,30,2500000.0,False,True,True
66319,19,1,2500000.0,False,True,True
66333,11149,143,5500000.0,False,True,False
66360,304,13,1500000.0,False,True,True
66386,2590,29,1250000.0,False,True,True
66398,1490,23,1000000.0,False,True,True
66407,5003,103,2500000.0,False,True,True
66413,9677,133,7500000.0,False,True,False
66415,2776,59,1200000.0,False,True,True
66521,5295,81,20000000.0,True,True,False
66550,10217,135,3500000.0,False,True,False
66736,4281,59,6000000.0,False,True,True
66783,1990,43,2000000.0,False,True,True
66788,43,1,2750000.0,False,True,True
66791,1718,24,1250000.0,False,True,True
66923,362,11,5000000.0,False,True,True
66926,72,3,550000.0,False,True,True
66934,21822,291,12000000.0,False,True,False
66960,9,1,2200000.0,False,True,True
66994,32,5,5000000.0,False,True,True
67063,18906,336,18000000.0,True,True,False
67080,15254,176,10000000.0,False,True,False
67082,12453,203,30000000.0,True,True,False
67084,1680,28,6000000.0,False,True,True
67089,9663,120,2000000.0,False,True,False
67090,7800,107,5000000.0,False,True,True
67202,81,4,500000.0,False,True,True
67211,30,2,3000000.0,False,True,True
67252,8247,103,7000000.0,False,True,True
67283,1547,19,750000.0,False,True,True
67303,8004,92,3000000.0,False,True,True
67322,2988,45,5000000.0,False,True,True
67339,1918,23,3500000.0,False,True,True
67346,90,1,2000000.0,False,True,True
67355,17932,204,8500000.0,False,True,False
67369,389,11,2500000.0,False,True,True
67416,8841,110,6000000.0,False,True,True
67421,3970,51,4000000.0,False,True,True
67542,1819,35,1000000.0,False,True,True
67544,210,9,1000000.0,False,True,True
67546,5767,66,3000000.0,True,True,False
67548,11382,186,4000000.0,False,True,False
67556,9554,176,1500000.0,False,True,False
67639,1554,32,1500000.0,False,True,True
67685,3342,43,7000000.0,False,True,True
67721,2029,29,3500000.0,False,True,True
67808,9237,130,8000000.0,False,True,False
67823,1688,24,1500000.0,False,True,True
67850,112,5,750000.0,False,True,True
67864,3095,40,5000000.0,False,True,True
67866,3509,49,2000000.0,False,True,True
67869,2581,54,3000000.0,False,True,True
67920,1527,30,18000000.0,False,True,False
68033,7543,129,10000000.0,False,True,False
68183,4882,81,3000000.0,False,True,True
68283,22,2,3000000.0,False,True,True
68290,19408,235,180000000.0,True,True,False
68306,12865,210,6000000.0,False,True,False
68390,25425,319,19000000.0,False,True,False
68410,371,5,3000000.0,False,True,True
68645,13935,175,15000000.0,True,True,False
68718,3781,68,1750000.0,False,True,True
68815,2500,46,3000000.0,False,True,True
68863,20548,283,100000000.0,True,True,False
68864,14406,221,28000000.0,True,True,False
68868,3657,46,1750000.0,False,True,True
69001,248,4,2500000.0,False,True,True
69006,2316,52,16000000.0,False,True,False
69015,3156,84,25000000.0,True,True,False
69101,2801,53,3500000.0,False,True,True
69246,1970,29,2500000.0,False,True,True
69374,11439,175,15000000.0,True,True,False
69396,894,13,1000000.0,False,True,True
69436,7537,95,1750000.0,False,True,True
69609,6829,92,5000000.0,False,True,True
69611,169,2,1500000.0,False,True,True
69633,28031,384,100000000.0,True,True,False
69646,11890,143,4000000.0,False,True,False
69653,1571,31,1500000.0,False,True,True
69660,4808,62,4000000.0,False,True,True
69751,22572,278,70000000.0,True,True,False
69819,2140,60,4000000.0,False,True,True
70131,1333,21,3500000.0,False,True,True
70203,635,13,1000000.0,False,True,True
70243,12484,165,22000000.0,False,True,False
70245,5086,62,5000000.0,True,True,False
70280,526,25,3000000.0,False,True,True
70285,21171,276,5000000.0,False,True,False
70411,21032,295,5000000.0,False,True,False
70689,2233,39,5000000.0,False,True,True
70767,151,6,7000000.0,False,True,True
70789,4447,55,14000000.0,False,True,False
70890,354,12,1000000.0,False,True,True
70898,2585,37,3000000.0,False,True,True
70934,16817,260,18000000.0,True,True,False
70946,469,9,800000.0,False,True,True
70950,10234,143,7500000.0,False,True,False
71002,6,2,1000000.0,False,True,True
71019,4694,66,3500000.0,False,True,True
71020,221,13,2500000.0,False,True,True
71096,608,12,1500000.0,False,True,True
71107,121,3,3000000.0,False,True,True
71204,4440,55,800000.0,False,True,True
71206,1170,13,1000000.0,False,True,True
71271,17033,191,9000000.0,True,True,False
71273,1810,34,2500000.0,False,True,True
71292,18632,250,18000000.0,True,True,False
71302,375,6,700000.0,False,True,True
71394,3089,45,2000000.0,False,True,True
71548,16773,210,3000000.0,False,True,False
71559,10737,131,4000000.0,False,True,False
71570,6430,73,4000000.0,False,True,True
71571,10829,169,12000000.0,False,True,False
71579,3180,60,2000000.0,False,True,True
71601,1141,15,300000.0,False,True,True
71671,6783,102,3000000.0,False,True,True
71801,717,10,1000000.0,False,True,True
71835,1200,14,1500000.0,False,True,True
71840,2111,59,5000000.0,False,True,True
71904,6998,88,2000000.0,False,True,True
71905,12977,182,4000000.0,False,True,False
71918,4818,72,2000000.0,False,True,True
72047,31062,417,25000000.0,True,True,False
72087,2700,30,1500000.0,False,True,True
72121,8517,106,1000000.0,False,True,True
72189,7007,92,3000000.0,False,True,True
72195,3298,51,3000000.0,False,True,True
72201,154,6,500000.0,False,True,True
72203,1181,15,1250000.0,False,True,True
72237,1196,23,2300000.0,False,True,True
72274,10016,132,3500000.0,True,True,False
72286,2295,33,1000000.0,False,True,True
72310,15926,197,3000000.0,False,True,False
72315,6729,105,6000000.0,False,True,True
72319,131,3,600000.0,False,True,True
72415,180,2,800000.0,False,True,True
72422,4421,50,3000000.0,False,True,True
72441,19988,258,16000000.0,True,True,False
72457,75,6,3500000.0,False,True,True
72462,1031,31,8000000.0,False,True,False
72471,1139,16,800000.0,False,True,True
72476,40477,451,35000000.0,True,True,False
72479,12173,199,12000000.0,True,True,False
72519,4880,72,4500000.0,False,True,True
72522,6124,138,13000000.0,True,True,False
72578,3067,36,2000000.0,True,True,False
72587,361,6,1200000.0,False,True,True
72638,125,2,1100000.0,False,True,True
72768,2987,70,6000000.0,False,True,True
72779,6670,109,3500000.0,False,True,True
72792,8461,122,4000000.0,False,True,True
72857,14756,183,7000000.0,False,True,False
72883,90,1,800000.0,False,True,True
72935,2810,43,2000000.0,False,True,True
73013,5643,96,12000000.0,False,True,False
73048,1024,16,800000.0,False,True,True
73067,2806,34,3500000.0,False,True,True
73076,346,8,1500000.0,False,True,True
73083,1257,28,4500000.0,False,True,True
73090,5929,68,3000000.0,False,True,True
73092,9607,143,3300000.0,True,True,False
73097,6163,108,5000000.0,True,True,False
73120,1356,19,1000000.0,False,True,True
73180,4507,55,800000.0,False,True,True
73185,15541,228,17000000.0,True,True,False
73215,745,11,2000000.0,False,True,True
73222,13,2,500000.0,False,True,True
73244,2257,36,2000000.0,False,True,True
73250,19194,229,20000000.0,False,True,False
73257,185,4,500000.0,False,True,True
73269,1362,23,1500000.0,False,True,True
73314,3087,56,3000000.0,False,True,True
73319,9356,108,5000000.0,False,True,False
73323,11,1,2000000.0,False,True,True
73333,793,16,1500000.0,False,True,True
73396,14527,165,8000000.0,True,True,False
73408,98,5,1300000.0,False,True,True
73457,2786,63,3000000.0,False,True,True
73458,609,8,900000.0,False,True,True
73482,4702,60,8000000.0,False,True,False
73484,14066,207,14000000.0,True,True,False
73491,7837,104,20000000.0,True,True,False
73517,7563,86,3000000.0,False,True,True
73522,2892,42,2500000.0,False,True,True
73547,6756,97,9000000.0,False,True,False
73636,6230,110,3500000.0,False,True,True
73734,22568,268,30000000.0,True,True,False
73782,6013,105,13000000.0,True,True,False
73786,3712,59,10500000.0,True,True,False
73794,23104,354,45000000.0,False,True,False
73846,1999,36,5000000.0,False,True,True
73858,54,3,300000.0,False,True,True
73926,14043,196,7000000.0,False,True,False
74088,990,11,2000000.0,False,True,True
74223,8026,131,33000000.0,True,True,False
74228,6505,89,5000000.0,False,True,True
74229,34264,439,70000000.0,True,True,False
74230,20930,343,40000000.0,True,True,False
74232,1155,15,2500000.0,False,True,True
74253,34,2,1800000.0,False,True,True
74294,12631,196,7000000.0,False,True,False
74295,5842,91,4000000.0,False,True,True
74297,13594,186,8000000.0,False,True,False
74300,13886,183,25000000.0,False,True,False
74314,1508,18,1250000.0,False,True,True
74418,654,15,35000000.0,True,True,False
74448,8344,130,2000000.0,False,True,True
74557,6416,91,3000000.0,False,True,True
74590,6663,107,17000000.0,True,True,False
74602,398,6,1200000.0,False,True,True
74615,10490,123,4000000.0,False,True,False
74641,230,4,6000000.0,False,True,True
74667,2641,42,8000000.0,False,True,False
74683,28052,375,40000000.0,True,True,False
74684,519,17,2500000.0,False,True,True
74687,174,6,2750000.0,False,True,True
74709,5701,71,2000000.0,False,True,True
74768,1717,50,3000000.0,False,True,True
74810,21188,244,10000000.0,False,True,False
74821,8,1,2800000.0,False,True,True
74842,18871,283,55000000.0,True,True,False
74857,29482,330,90000000.0,True,True,False
74869,14621,269,24000000.0,True,True,False
74943,17463,236,9000000.0,True,True,False
74954,3804,63,3000000.0,False,True,True
74956,4104,66,2000000.0,False,True,True
74960,17620,197,7500000.0,False,True,False
74996,1573,45,4500000.0,False,True,True
75058,1839,24,1250000.0,False,True,True
75076,953,21,3000000.0,False,True,True
75096,320,4,1200000.0,False,True,True
75127,9264,119,6500000.0,False,True,False
75224,1980,22,1500000.0,False,True,True
75238,4266,53,2000000.0,False,True,True
75282,7623,109,1500000.0,False,True,True
75287,1106,33,25000000.0,True,True,False
75314,1054,22,5000000.0,False,True,True
75327,2067,26,1000000.0,False,True,True
75411,247,6,1000000.0,True,True,False
75442,1286,33,30000000.0,True,True,False
75446,9297,157,3500000.0,False,True,False
75458,5585,65,10000000.0,True,True,False
75471,8800,119,20000000.0,False,True,False
75489,11767,192,15000000.0,True,True,False
75615,6901,134,55000000.0,True,True,False
75640,4104,86,2500000.0,False,True,True
75645,1462,25,1000000.0,False,True,True
75680,3,1,700000.0,False,True,True
75816,232,10,2000000.0,False,True,True
75820,347,6,500000.0,False,True,True
75852,6617,83,3000000.0,False,True,True
75890,180,2,3000000.0,False,True,True
75921,14511,194,1200000.0,False,True,False
75942,24765,330,9000000.0,True,True,False
76032,35,2,400000.0,False,True,True
76055,13114,194,5000000.0,False,True,False
76061,11659,159,25000000.0,True,True,False
76076,2160,24,1500000.0,False,True,True
76077,5829,111,16500000.0,True,True,False
76092,169,5,4000000.0,False,True,True
76163,15127,246,18000000.0,False,True,False
76273,9832,144,2000000.0,False,True,False
76277,20331,243,22000000.0,True,True,False
76285,315,4,500000.0,False,True,True
76293,9615,135,6000000.0,False,True,False
76329,4745,75,2500000.0,False,True,True
76386,4318,63,3000000.0,False,True,True
76387,7464,95,3000000.0,False,True,True
76406,1081,19,3500000.0,False,True,True
76467,17622,237,6000000.0,False,True,False
76560,8,1,1200000.0,False,True,True
76598,1016,26,1500000.0,False,True,True
76608,3405,63,8000000.0,False,True,False
76699,1946,23,2000000.0,False,True,True
76701,921,26,2000000.0,False,True,True
76743,114,2,1000000.0,False,True,True
76746,25553,305,4000000.0,False,True,False
76799,9956,123,7000000.0,False,True,False
76895,224,4,1000000.0,True,True,False
76902,149,6,2000000.0,False,True,True
76924,584,13,7500000.0,False,True,False
76984,425,12,1500000.0,False,True,True
77001,2553,38,4000000.0,False,True,True
77003,3715,56,10000000.0,False,True,False
77026,8168,93,3500000.0,False,True,True
77100,17306,305,40000000.0,True,True,False
77108,7663,110,2000000.0,False,True,True
77207,369,8,1100000.0,False,True,True
77259,234,4,2500000.0,False,True,True
77262,5429,67,2500000.0,False,True,True
77274,7939,115,9000000.0,False,True,False
77329,868,22,3000000.0,False,True,True
77348,2335,28,1500000.0,False,True,True
77383,5450,61,3000000.0,False,True,True
77395,1530,17,500000.0,False,True,True
77544,1960,24,1500000.0,False,True,True
77559,1518,20,1000000.0,False,True,True
77563,90,1,700000.0,False,True,True
77603,1154,32,2000000.0,False,True,True
77707,3931,59,7500000.0,False,True,False
77708,2804,36,3000000.0,False,True,True
77720,340,6,2000000.0,False,True,True
77737,7208,90,8000000.0,False,True,False
77740,952,13,900000.0,False,True,True
77745,1474,26,800000.0,False,True,True
77760,10910,154,30000000.0,True,True,False
77809,9407,115,6000000.0,False,True,False
77812,2805,39,3500000.0,False,True,True
77825,14460,163,7000000.0,False,True,False
77826,21184,286,10000000.0,False,True,False
77828,11307,158,4500000.0,False,True,False
77834,5517,95,12000000.0,False,True,False
77835,6,2,5500000.0,False,True,True
77910,973,15,400000.0,False,True,True
77920,3622,46,1750000.0,False,True,True
77932,3357,70,5500000.0,False,True,True
77947,6,2,400000.0,False,True,True
77974,8754,133,3500000.0,False,True,True
78082,7196,110,5000000.0,False,True,True
78339,11313,126,1500000.0,False,True,False
78553,5470,65,3000000.0,False,True,True
78590,115,3,1700000.0,False,True,True
78917,8931,120,1750000.0,False,True,True
78950,1759,52,3000000.0,False,True,True
78959,9969,130,5000000.0,True,True,False
78966,916,14,4000000.0,False,True,True
79027,8710,107,17000000.0,False,True,False
79110,1847,29,1200000.0,False,True,True
79242,3942,45,2800000.0,True,True,False
79352,671,30,1500000.0,False,True,True
79355,5186,70,3500000.0,False,True,True
79377,11338,173,4500000.0,False,True,False
79422,21578,242,20000000.0,True,True,False
79470,293,5,3000000.0,False,True,True
79501,6739,118,12000000.0,False,True,False
79503,2401,35,2000000.0,False,True,True
79510,8841,108,900000.0,False,True,True
79522,10728,147,14000000.0,True,True,False
79642,12879,229,10000000.0,False,True,False
79643,161,7,1250000.0,False,True,True
79723,4367,50,5000000.0,False,True,True
79893,7712,118,5000000.0,False,True,True
79960,16830,230,50000000.0,True,True,False
79967,5796,114,3000000.0,False,True,True
80009,6809,107,2500000.0,False,True,True
80031,3766,50,3500000.0,False,True,True
80036,739,11,1000000.0,False,True,True
80060,9,3,250000.0,False,True,True
80158,39,2,2000000.0,False,True,True
80173,6367,132,1500000.0,False,True,True
80191,11473,147,1500000.0,False,True,False
80197,12769,183,17000000.0,False,True,False
80205,4457,83,4500000.0,False,True,True
80293,32428,385,20000000.0,False,True,False
80351,15531,247,22000000.0,False,True,False
80444,19800,302,150000000.0,True,True,False
80672,589,11,2500000.0,False,True,True
80894,29159,326,7000000.0,True,True,False
81056,45,1,750000.0,False,True,True
81190,21,2,750000.0,False,True,True
81202,1225,17,2500000.0,False,True,True
81386,8833,120,5000000.0,False,True,True
81396,1,1,3000000.0,False,True,True
81433,7,1,4600000.0,False,True,True
81455,3540,68,20000000.0,True,True,False
81460,15422,232,7000000.0,False,True,False
81512,12408,167,9000000.0,False,True,False
81532,8411,107,5000000.0,False,True,True
81543,765,9,1000000.0,False,True,True
81663,4443,52,2000000.0,False,True,True
81698,1060,27,900000.0,False,True,True
81743,3710,55,3000000.0,False,True,True
81785,9065,137,22000000.0,True,True,False
81789,20223,255,7000000.0,False,True,False
81796,13380,188,10000000.0,False,True,False
81801,1073,38,7500000.0,False,True,False
81808,6687,115,25000000.0,True,True,False
81988,12434,187,10000000.0,False,True,False
81998,1146,30,1500000.0,False,True,True
81999,23572,345,8000000.0,True,True,False
82009,27190,363,35000000.0,False,True,False
82018,85,2,1000000.0,False,True,True
82048,18048,329,16000000.0,False,True,False
82070,11838,172,17000000.0,True,True,False
82097,19530,271,14000000.0,False,True,False
82105,22314,268,40000000.0,True,True,False
82110,999,17,2000000.0,False,True,True
82113,186,6,2500000.0,False,True,True
82130,239,5,15000000.0,False,True,False
82243,4800,91,5000000.0,True,True,False
82281,811,10,4000000.0,False,True,True
82324,3986,50,2000000.0,False,True,True
82350,25019,302,6000000.0,False,True,False
82361,8324,93,2500000.0,False,True,True
82367,54,5,600000.0,False,True,True
82389,9809,122,5000000.0,False,True,False
82442,22487,382,27000000.0,True,True,False
82461,567,14,3750000.0,False,True,True
82503,10301,124,4000000.0,False,True,False
82693,6310,71,1000000.0,False,True,True
82743,562,7,1000000.0,False,True,True
82751,389,13,900000.0,False,True,True
82863,9074,165,5000000.0,False,True,False
82873,27667,353,12000000.0,True,True,False
82878,91,3,250000.0,False,True,True
83002,19480,237,8000000.0,False,True,False
83132,17567,200,2500000.0,False,True,False
83188,8,1,700000.0,False,True,True
83256,683,20,1000000.0,False,True,True
83368,3839,48,1500000.0,False,True,True
83409,384,5,500000.0,False,True,True
83430,121,2,5000000.0,False,True,True
83458,4710,69,2300000.0,False,True,True
83700,13,1,900000.0,False,True,True
83877,9128,167,4500000.0,False,True,False
83891,1125,22,1500000.0,False,True,True
83895,3462,57,3400000.0,False,True,True
83910,827,11,1750000.0,False,True,True
83983,3931,48,4000000.0,False,True,True
84085,20430,241,7000000.0,False,True,False
84133,524,16,1500000.0,False,True,True
84150,4469,54,2200000.0,False,True,True
84301,35748,432,15000000.0,False,True,False
84344,10619,150,10000000.0,True,True,False
84435,28025,352,17000000.0,False,True,False
84442,2792,48,1800000.0,False,True,True
84467,9321,109,2000000.0,False,True,False
84481,3811,57,8000000.0,False,True,False
84511,1417,18,8000000.0,True,True,False
84545,22252,283,8500000.0,False,True,False
84622,6567,77,1200000.0,False,True,True
84751,90,1,500000.0,False,True,True
84765,15115,194,7500000.0,False,True,False
84835,8051,136,8500000.0,True,True,False
84845,1909,23,1200000.0,False,True,True
84846,2348,56,3500000.0,False,True,True
84870,3850,47,2500000.0,False,True,True
84878,792,25,600000.0,False,True,True
84903,8209,117,6000000.0,True,True,False
84921,5061,61,1800000.0,False,True,True
84938,19210,214,12000000.0,False,True,False
84993,3545,40,1250000.0,False,True,True
85066,5430,69,1100000.0,False,True,True
85093,41,3,9500000.0,False,True,False
85148,14951,239,40000000.0,True,True,False
85164,6621,89,5000000.0,False,True,True
85177,22307,278,21000000.0,True,True,False
85201,450,6,1000000.0,False,True,True
85208,2629,44,1000000.0,False,True,True
85240,3779,43,2500000.0,False,True,True
85258,20684,253,5000000.0,False,True,False
85288,21155,354,90000000.0,True,True,False
85289,10716,135,5000000.0,False,True,False
85295,15313,196,4000000.0,False,True,False
85314,8702,131,40000000.0,True,True,False
85324,5567,103,10000000.0,False,True,False
85352,12903,198,13000000.0,False,True,False
85357,58,4,800000.0,False,True,True
85365,135,3,600000.0,False,True,True
85370,16476,276,60000000.0,True,True,False
85372,2066,33,1200000.0,False,True,True
85380,721,9,500000.0,False,True,True
85383,10441,196,5000000.0,False,True,False
85393,5597,106,2100000.0,False,True,True
85475,20826,242,9000000.0,False,True,False
85484,196,6,700000.0,False,True,True
85500,234,10,1000000.0,False,True,True
85528,15534,173,10000000.0,False,True,False
85585,7977,93,2500000.0,False,True,True
85603,27,2,3000000.0,False,True,True
85605,13260,164,1900000.0,False,True,False
85611,381,7,750000.0,False,True,True
85706,6517,75,7000000.0,False,True,True
85789,16272,190,18000000.0,False,True,False
85791,9258,138,18000000.0,False,True,False
85822,1700,26,1750000.0,False,True,True
85825,21692,285,7000000.0,False,True,False
85863,3868,54,5500000.0,False,True,True
85864,11071,125,12000000.0,True,True,False
85867,10225,162,25000000.0,True,True,False
85906,16071,227,15000000.0,False,True,False
85935,7607,135,6000000.0,False,True,True
86074,6,1,700000.0,False,True,True
86079,4734,101,3000000.0,False,True,True
86172,97,4,2000000.0,False,True,True
86175,9755,121,10000000.0,False,True,False
86202,30700,367,50000000.0,True,True,False
86784,29592,367,28000000.0,True,True,False
86792,11815,196,25000000.0,True,True,False
86793,2977,40,2000000.0,False,True,True
86848,7448,88,5000000.0,False,True,True
86895,18,2,300000.0,False,True,True
86915,741,23,1250000.0,False,True,True
86916,1013,13,2500000.0,False,True,True
86926,475,12,5000000.0,False,True,True
86930,1874,22,2500000.0,False,True,True
87162,52,4,2300000.0,False,True,True
87210,15915,181,11000000.0,True,True,False
87282,2828,60,3000000.0,False,True,True
87409,1305,15,2400000.0,False,True,True
87422,1673,21,3100000.0,False,True,True
87463,777,20,3200000.0,False,True,True
87469,12588,170,5000000.0,False,True,False
87479,2105,43,2000000.0,False,True,True
87493,991,16,3000000.0,False,True,True
87645,19,1,250000.0,True,True,False
87672,6006,103,4500000.0,False,True,True
87856,240,3,2500000.0,False,True,True
87884,19297,248,15000000.0,True,True,False
87893,294,5,1200000.0,False,True,True
88067,1177,19,4500000.0,False,True,True
88082,403,11,4000000.0,False,True,True
88103,12724,191,80000000.0,True,True,False
88262,6031,73,10000000.0,True,True,False
88327,39,2,150000.0,False,True,True
88490,12947,207,10000000.0,True,True,False
88528,2160,24,1000000.0,False,True,True
88542,1045,31,5000000.0,True,True,False
88590,19697,240,30000000.0,True,True,False
88595,423,5,800000.0,False,True,True
88680,13940,179,4000000.0,False,True,False
88682,16502,234,14000000.0,True,True,False
88683,15337,273,17000000.0,True,True,False
88684,11962,156,5000000.0,False,True,False
88685,90,1,800000.0,False,True,True
88706,8112,104,1900000.0,False,True,True
88712,25,2,2500000.0,False,True,True
88713,14,1,1200000.0,False,True,True
88721,5832,75,10000000.0,False,True,False
88750,6,2,1500000.0,False,True,True
88755,30213,391,150000000.0,True,True,False
88909,12317,225,15000000.0,True,True,False
88971,111,6,10000000.0,False,True,False
89027,1414,17,7500000.0,False,True,False
89215,2202,27,800000.0,False,True,True
89231,9872,162,10000000.0,False,True,False
89313,7354,91,3000000.0,False,True,True
89318,3262,40,3500000.0,False,True,True
89325,550,8,1500000.0,False,True,True
89330,334,15,1500000.0,False,True,True
89450,3356,44,1500000.0,False,True,True
89473,3436,45,2200000.0,False,True,True
89542,1532,25,750000.0,False,True,True
89591,9284,165,4500000.0,False,True,False
89592,21572,260,17000000.0,False,True,False
89618,3330,37,2000000.0,False,True,True
89637,3340,43,2000000.0,False,True,True
89643,3126,41,900000.0,False,True,True
89650,10624,135,15000000.0,False,True,False
89659,1441,37,2500000.0,False,True,True
89701,12355,168,15000000.0,False,True,False
89708,57,6,4500000.0,False,True,True
89718,4213,76,11000000.0,False,True,False
89726,3868,51,4000000.0,False,True,True
89733,7634,140,7500000.0,False,True,False
89783,19,1,750000.0,False,True,True
90024,8007,140,15000000.0,False,True,False
90118,131,4,1000000.0,False,True,True
90273,213,3,400000.0,False,True,True
90294,548,7,650000.0,False,True,True
90368,637,20,3500000.0,False,True,True
90466,21655,300,35000000.0,True,True,False
90489,10268,126,3000000.0,False,True,False
90583,2872,56,6500000.0,False,True,True
90660,526,14,3300000.0,False,True,True
90681,9319,111,35000000.0,True,True,False
90836,15557,180,12000000.0,False,True,False
90964,4725,60,3000000.0,False,True,True
91059,16162,232,20000000.0,False,True,False
91251,3503,45,2500000.0,False,True,True
91317,23741,286,7000000.0,False,True,False
91415,4749,81,5500000.0,False,True,True
91423,1568,30,5000000.0,False,True,True
91469,2415,29,2000000.0,False,True,True
91716,10016,134,7500000.0,False,True,False
91763,7380,118,6000000.0,False,True,True
91841,12026,174,5500000.0,False,True,False
91845,31576,428,90000000.0,True,True,False
91849,10292,147,27000000.0,True,True,False
91885,720,8,1000000.0,True,True,False
91914,366,5,300000.0,False,True,True
91915,942,19,7000000.0,False,True,True
91931,270,3,5500000.0,False,True,True
91956,456,9,2500000.0,False,True,True
91970,24825,374,32000000.0,True,True,False
92109,1821,23,3500000.0,False,True,True
92111,884,25,1000000.0,False,True,True
92141,5833,96,8500000.0,True,True,False
92180,1660,38,5000000.0,False,True,True
92381,2017,43,5000000.0,False,True,True
92385,6164,71,1750000.0,False,True,True
92469,12883,182,12000000.0,False,True,False
92472,255,10,1300000.0,False,True,True
92569,1117,14,1250000.0,False,True,True
92571,25639,312,12000000.0,False,True,False
92572,26280,306,5000000.0,False,True,False
92693,3697,58,15000000.0,False,True,False
92701,1449,22,4200000.0,False,True,True
92813,3571,49,2000000.0,False,True,True
92899,5288,82,4000000.0,False,True,True
92947,18408,237,10000000.0,False,True,False
93056,222,6,2000000.0,False,True,True
93128,22512,259,75000000.0,True,True,False
93142,2726,41,3000000.0,False,True,True
93145,1169,22,2500000.0,False,True,True
93176,5648,76,19000000.0,True,True,False
93184,277,7,1300000.0,False,True,True
93309,4987,73,2500000.0,False,True,True
93330,1807,21,2000000.0,False,True,True
93535,1632,21,1000000.0,False,True,True
93552,250,9,1000000.0,False,True,True
93571,775,10,1250000.0,False,True,True
93604,13866,199,3000000.0,False,True,False
93626,474,14,1000000.0,False,True,True
93658,30,2,550000.0,False,True,True
93664,4315,65,8000000.0,False,True,False
93678,9930,179,2500000.0,False,True,False
93690,8424,104,4500000.0,False,True,True
93701,2983,45,1750000.0,False,True,True
93704,19548,281,14000000.0,True,True,False
93707,31002,370,12000000.0,False,True,False
93720,31024,416,70000000.0,True,True,False
93726,16820,254,2500000.0,False,True,False
93730,3257,38,1500000.0,True,True,False
93732,4556,56,5000000.0,False,True,True
93740,22264,259,20000000.0,False,True,False
93744,685,10,600000.0,False,True,True
93751,12,3,400000.0,True,True,False
93758,12280,144,5500000.0,False,True,False
93759,4951,58,1500000.0,False,True,True
93763,18299,206,9000000.0,False,True,False
93764,6,1,100000.0,False,True,True
93768,121,2,4000000.0,False,True,True
93795,1064,38,9000000.0,False,True,False
93805,167,2,200000.0,False,True,True
93827,2932,60,3500000.0,False,True,True
93831,1440,22,4000000.0,False,True,True
93841,1207,28,900000.0,False,True,True
93844,17531,304,7000000.0,True,True,False
93853,210,8,800000.0,False,True,True
93905,2131,46,6000000.0,False,True,True
93922,9338,129,6000000.0,True,True,False
93926,26,2,800000.0,False,True,True
93935,16113,218,7500000.0,False,True,False
93936,18732,326,3000000.0,False,True,False
94005,22364,310,20000000.0,True,True,False
94137,2842,67,4000000.0,False,True,True
94167,56,2,400000.0,False,True,True
94174,90,1,1250000.0,False,True,True
94199,4079,62,4500000.0,False,True,True
94201,25849,303,12000000.0,False,True,False
94304,2004,26,3000000.0,False,True,True
94305,3413,43,1250000.0,False,True,True
94307,10152,183,10000000.0,False,True,False
94308,20859,233,12000000.0,False,True,False
94414,312,6,1000000.0,False,True,True
94529,18645,335,30000000.0,True,True,False
94570,353,18,800000.0,False,True,True
94598,37,1,400000.0,False,True,True
94655,531,19,1000000.0,False,True,True
94674,635,21,1500000.0,False,True,True
94768,90,1,2000000.0,True,True,False
94783,5804,68,3000000.0,False,True,True
94807,917,11,2500000.0,False,True,True
94936,9240,130,2000000.0,False,True,False
94939,700,13,2000000.0,False,True,True
95182,2209,27,2500000.0,False,True,True
95280,27,1,5000000.0,False,True,True
95336,1478,17,500000.0,False,True,True
95424,33519,402,50000000.0,True,True,False
95435,5948,104,9000000.0,False,True,False
95438,3498,79,8000000.0,True,True,False
95480,1396,18,800000.0,False,True,True
95483,4442,57,2000000.0,False,True,True
95488,772,19,1000000.0,False,True,True
95604,3327,73,2500000.0,False,True,True
95641,12673,211,4000000.0,False,True,False
95680,4423,93,2000000.0,False,True,True
95732,19130,268,12000000.0,True,True,False
95736,2610,29,1500000.0,False,True,True
95755,770,23,7000000.0,False,True,True
95810,19571,255,35000000.0,True,True,False
95963,7231,94,800000.0,False,True,True
95976,13646,152,6500000.0,False,True,False
96167,2755,72,10000000.0,True,True,False
96254,10630,120,2500000.0,True,True,False
96327,381,5,1500000.0,False,True,True
96341,33600,440,100000000.0,True,True,False
96374,1,1,125000.0,False,True,True
96454,1661,35,10000000.0,False,True,False
96533,10233,155,7500000.0,False,True,False
96540,248,5,1000000.0,False,True,True
96630,22,2,10000000.0,True,True,False
96718,27566,369,10000000.0,False,True,False
96754,10227,172,12000000.0,True,True,False
96758,2213,30,2200000.0,False,True,True
96806,10169,162,2500000.0,False,True,False
96828,14132,235,25000000.0,True,True,False
96853,5072,94,2000000.0,False,True,True
98101,180,3,2500000.0,False,True,True
98240,14833,179,6000000.0,False,True,False
98249,16702,241,7500000.0,False,True,False
98262,1183,14,800000.0,False,True,True
98274,3945,50,1000000.0,False,True,True
98315,5857,82,1500000.0,False,True,True
98322,6133,136,10000000.0,True,True,False
98334,6177,103,8000000.0,False,True,False
98349,17879,284,7000000.0,False,True,False
98351,9522,150,3250000.0,False,True,False
98356,120,2,400000.0,False,True,True
98512,481,13,3500000.0,False,True,True
98596,4888,136,8000000.0,False,True,False
98888,15214,210,4500000.0,False,True,False
99180,2916,67,6000000.0,False,True,True
99189,449,8,8000000.0,False,True,False
99227,12648,175,15000000.0,True,True,False
99232,6493,135,2500000.0,False,True,True
99235,527,19,2000000.0,False,True,True
99254,15434,172,6000000.0,True,True,False
99327,7609,118,3000000.0,False,True,True
99331,21189,261,20000000.0,False,True,False
99343,18992,300,30000000.0,True,True,False
99345,1106,19,5000000.0,False,True,True
99349,27,1,500000.0,False,True,True
99352,9884,173,10000000.0,False,True,False
99353,16358,288,20000000.0,False,True,False
99355,4912,75,2500000.0,False,True,True
99397,6660,74,4500000.0,False,True,True
99499,319,13,2000000.0,False,True,True
99523,4050,45,900000.0,False,True,True
99559,2944,60,1200000.0,False,True,True
99632,1725,27,4000000.0,False,True,True
99922,20750,260,22000000.0,True,True,False
99924,732,11,700000.0,False,True,True
99946,2,1,150000.0,False,True,True
100131,9905,172,30000000.0,False,True,False
100497,1147,13,2000000.0,False,True,True
100507,767,17,2000000.0,False,True,True
100722,2237,40,4000000.0,False,True,True
100986,14006,195,35000000.0,True,True,False
101118,9775,111,7500000.0,False,True,False
101213,17776,269,10000000.0,False,True,False
101469,1335,15,7500000.0,False,True,False
101500,3832,106,10000000.0,False,True,False
101682,1114,22,3500000.0,False,True,True
101742,7115,80,3000000.0,False,True,True
101913,2568,31,600000.0,False,True,True
101922,9422,115,1500000.0,False,True,False
102017,25338,347,65000000.0,True,True,False
102132,50,3,2000000.0,False,True,True
102192,2105,33,3750000.0,False,True,True
102226,14853,234,45000000.0,True,True,False
102249,485,18,1500000.0,False,True,True
102258,19330,231,5000000.0,False,True,False
102382,44,3,1500000.0,False,True,True
102423,19140,220,10000000.0,False,True,False
102427,2286,31,15000000.0,True,True,False
102470,2256,56,2000000.0,False,True,True
102558,20169,276,75000000.0,True,True,False
102744,19721,259,7500000.0,False,True,False
102745,12112,154,3500000.0,False,True,False
102750,9,1,400000.0,False,True,True
102779,480,8,500000.0,False,True,True
102990,90,1,700000.0,False,True,True
103004,1398,17,500000.0,False,True,True
103054,789,15,250000.0,False,True,True
103060,581,7,900000.0,False,True,True
103064,379,7,1750000.0,False,True,True
103310,13046,156,4000000.0,False,True,False
103427,22823,284,20000000.0,True,True,False
103547,5846,108,6500000.0,False,True,True
103563,7386,95,2000000.0,False,True,True
103565,23375,354,16000000.0,False,True,False
103667,8,1,250000.0,False,True,True
103674,613,15,2000000.0,False,True,True
103890,2466,30,3000000.0,False,True,True
103916,3015,34,4000000.0,True,True,False
104124,19086,268,18000000.0,False,True,False
104223,2577,38,11000000.0,False,True,False
104290,498,7,1300000.0,False,True,True
104414,1742,34,4200000.0,False,True,True
104466,293,6,4000000.0,False,True,True
104586,289,6,3500000.0,False,True,True
104597,12281,152,5000000.0,False,True,False
104725,469,19,3500000.0,False,True,True
104752,18458,224,45000000.0,True,True,False
104941,29,2,2000000.0,False,True,True
105388,2166,27,1750000.0,False,True,True
105400,927,20,1000000.0,False,True,True
105456,2984,35,15000000.0,False,True,False
105470,26204,292,90000000.0,True,True,False
105521,29102,400,50000000.0,True,True,False
105625,47,3,600000.0,False,True,True
105892,13480,191,7500000.0,False,True,False
105899,1754,24,15000000.0,False,True,False
106181,4010,58,2000000.0,False,True,True
106225,918,11,1000000.0,False,True,True
106270,11573,200,5000000.0,False,True,False
106306,218,4,4500000.0,False,True,True
106405,23260,269,12000000.0,False,True,False
106825,71,2,2500000.0,False,True,True
106837,3733,46,3000000.0,False,True,True
106872,12471,208,6000000.0,False,True,False
106987,18879,273,42000000.0,True,True,False
107010,25825,303,40000000.0,True,True,False
107184,10,1,500000.0,False,True,True
107350,21,1,1000000.0,False,True,True
107427,1689,29,4000000.0,False,True,True
107525,509,14,4000000.0,False,True,True
107574,202,5,1500000.0,False,True,True
107617,49,2,500000.0,False,True,True
107662,657,8,1000000.0,False,True,True
107775,13248,149,5500000.0,False,True,False
107958,405,12,1800000.0,False,True,True
108119,1841,22,1000000.0,False,True,True
108354,28076,404,10000000.0,False,True,False
108390,38737,432,75000000.0,True,True,False
108484,10339,157,6000000.0,False,True,False
108537,19668,228,20000000.0,False,True,False
108636,1227,28,2000000.0,False,True,True
108650,11106,181,6000000.0,False,True,False
108725,18750,275,18000000.0,False,True,False
108830,9320,112,10000000.0,False,True,False
108878,36,1,3000000.0,False,True,True
108880,25354,283,14000000.0,False,True,False
109008,1325,16,2500000.0,False,True,True
109038,5157,74,7000000.0,True,True,False
109039,2092,27,1250000.0,False,True,True
109110,990,11,1300000.0,False,True,True
109256,8066,135,18000000.0,False,True,False
109436,28,3,850000.0,False,True,True
109598,9078,119,5500000.0,False,True,False
109720,2570,30,1250000.0,False,True,True
109751,1383,26,4000000.0,False,True,True
109792,57,2,300000.0,False,True,True
110036,17521,219,10000000.0,False,True,False
110078,2323,30,6000000.0,False,True,True
110116,90,1,200000.0,False,True,True
110268,477,7,800000.0,False,True,True
110309,4801,70,5000000.0,False,True,True
110338,1046,21,800000.0,False,True,True
110366,2384,43,4000000.0,False,True,True
110475,420,6,1000000.0,False,True,True
110577,1874,23,450000.0,False,True,True
110622,3224,43,1750000.0,False,True,True
110858,2926,63,10000000.0,False,True,False
110860,287,5,2000000.0,False,True,True
110861,19,2,2000000.0,False,True,True
110867,188,3,2000000.0,False,True,True
110868,167,3,1000000.0,False,True,True
110923,23940,271,18000000.0,True,True,False
110925,4708,53,9000000.0,False,True,False
110928,3957,53,4000000.0,False,True,True
110931,1097,17,2600000.0,False,True,True
111005,1022,16,2500000.0,False,True,True
111026,10471,132,2500000.0,False,True,False
111036,9379,129,2500000.0,False,True,False
111038,14166,185,3000000.0,False,True,False
111039,10100,180,15000000.0,True,True,False
111041,2970,33,3000000.0,False,True,True
111043,900,10,1750000.0,False,True,True
111048,7554,124,2500000.0,False,True,True
111051,18245,248,12000000.0,False,True,False
111053,3011,61,3000000.0,False,True,True
111057,1129,36,2000000.0,False,True,True
111058,10687,148,5000000.0,False,True,False
111061,142,6,600000.0,False,True,True
111063,1767,26,1500000.0,False,True,True
111073,135,2,900000.0,False,True,True
111078,11318,197,28000000.0,False,True,False
111082,3154,57,5000000.0,False,True,True
111114,3829,47,2500000.0,False,True,True
111163,2322,31,900000.0,False,True,True
111196,24432,308,60000000.0,True,True,False
111227,6958,107,18000000.0,True,True,False
111275,14212,180,20000000.0,False,True,False
111277,213,5,500000.0,False,True,True
111283,5196,71,1500000.0,False,True,True
111347,10236,127,8500000.0,True,True,False
111376,4,1,8000000.0,False,True,False
111422,984,29,5000000.0,False,True,True
111433,4312,57,1000000.0,False,True,True
111438,568,8,700000.0,False,True,True
111455,35829,433,50000000.0,True,True,False
111482,7938,103,4000000.0,False,True,True
111494,1069,23,700000.0,False,True,True
111508,24110,319,5000000.0,False,True,False
111511,244,6,600000.0,False,True,True
111524,3598,42,8000000.0,False,True,False
111527,2228,30,2000000.0,False,True,True
111528,2813,47,600000.0,False,True,True
111621,191,5,900000.0,False,True,True
111627,2146,54,3500000.0,False,True,True
111630,15244,275,30000000.0,True,True,False
111783,6137,87,2500000.0,False,True,True
111819,19800,221,18000000.0,True,True,False
111873,20456,232,35000000.0,True,True,False
111881,2575,50,2500000.0,False,True,True
111893,9891,118,5000000.0,False,True,False
111900,4204,51,2500000.0,True,True,False
111961,20942,321,50000000.0,True,True,False
112022,5950,100,3000000.0,False,True,True
112052,4393,52,11500000.0,False,True,False
112062,1962,26,6000000.0,False,True,True
112302,25394,346,17000000.0,True,True,False
112343,16857,304,18000000.0,True,True,False
112465,1008,20,19000000.0,True,True,False
112515,25519,320,45000000.0,True,True,False
112552,918,14,2800000.0,False,True,True
112617,148,5,1250000.0,False,True,True
112663,920,23,1500000.0,False,True,True
112666,4200,53,1800000.0,False,True,True
112668,5571,88,3500000.0,False,True,True
112822,8589,96,2500000.0,False,True,True
112930,4534,80,12000000.0,False,True,False
112935,11605,185,23000000.0,False,True,False
112962,412,6,750000.0,False,True,True
112988,13113,171,15000000.0,True,True,False
113039,800,15,2000000.0,False,True,True
113045,17528,225,7500000.0,False,True,False
113133,23956,278,20000000.0,False,True,False
113612,10,1,400000.0,False,True,True
113707,22827,326,14000000.0,False,True,False
114060,3385,60,3000000.0,False,True,True
114093,630,7,4000000.0,False,True,True
114130,86,2,1500000.0,False,True,True
114282,358,19,1500000.0,False,True,True
114340,12441,169,5000000.0,False,True,False
114341,320,10,2000000.0,False,True,True
115333,8724,116,7500000.0,False,True,False
115382,7991,100,4500000.0,False,True,True
115507,1647,25,4000000.0,False,True,True
115763,9524,127,5000000.0,True,True,False
115989,450,5,900000.0,False,True,True
116088,10579,178,3000000.0,False,True,False
116272,109,3,850000.0,False,True,True
116648,630,7,4000000.0,False,True,True
116655,1,1,75000.0,False,True,True
116792,1198,34,1000000.0,False,True,True
116918,258,3,500000.0,False,True,True
117469,4724,65,3000000.0,False,True,True
117476,551,13,1000000.0,False,True,True
117478,4324,77,1500000.0,False,True,True
117509,2373,31,1250000.0,False,True,True
117518,24,1,525000.0,False,True,True
117549,2532,39,2000000.0,False,True,True
117674,32025,398,19000000.0,False,True,False
117996,10906,140,20000000.0,True,True,False
118008,752,14,800000.0,False,True,True
118022,5742,76,14000000.0,False,True,False
118078,86,6,700000.0,False,True,True
118196,2154,35,2750000.0,False,True,True
118275,56,1,400000.0,False,True,True
118278,13300,161,5000000.0,False,True,False
118284,23842,357,7500000.0,False,True,False
118287,7114,161,12000000.0,False,True,False
118303,5752,105,2000000.0,False,True,True
118397,9088,143,7500000.0,False,True,False
118492,410,6,2000000.0,False,True,True
118534,23716,286,30000000.0,True,True,False
118535,286,6,1500000.0,True,True,False
118689,14841,223,26000000.0,True,True,False
118732,4664,74,3000000.0,False,True,True
118847,22924,333,8500000.0,False,True,False
118940,415,10,2000000.0,False,True,True
118997,11122,125,10000000.0,False,True,False
119031,9773,143,9000000.0,False,True,False
119044,1643,32,3500000.0,False,True,True
119085,4549,54,4000000.0,False,True,True
119115,6726,114,5000000.0,False,True,True
119120,32,6,1500000.0,False,True,True
119164,6861,115,6500000.0,True,True,False
119169,951,28,4000000.0,False,True,True
119194,21,3,350000.0,False,True,True
119211,17992,231,14000000.0,True,True,False
119213,1954,49,6000000.0,False,True,True
119228,17000,334,30000000.0,False,True,False
119234,12739,214,4500000.0,False,True,False
119235,13344,232,25000000.0,True,True,False
119269,9066,115,12000000.0,False,True,False
119277,19008,295,12000000.0,False,True,False
119296,24865,341,40000000.0,True,True,False
119355,1296,18,1000000.0,False,True,True
119366,2454,28,1500000.0,False,True,True
119369,2674,42,3500000.0,False,True,True
119537,2004,26,2500000.0,False,True,True
119555,424,7,500000.0,False,True,True
119557,6128,123,3500000.0,False,True,True
119581,4,1,1500000.0,False,True,True
119622,1692,31,1500000.0,False,True,True
119878,1250,26,900000.0,False,True,True
119905,26320,309,15000000.0,False,True,False
120091,5157,64,2500000.0,False,True,True
120095,13724,191,25000000.0,False,True,False
120175,273,4,400000.0,False,True,True
120205,16524,287,20000000.0,False,True,False
120206,25,2,800000.0,False,True,True
120211,122,2,6000000.0,False,True,True
120241,763,14,1500000.0,False,True,True
120443,3370,52,20000000.0,True,True,False
120458,7,2,500000.0,False,True,True
120565,5870,115,15000000.0,False,True,False
120610,4684,77,12000000.0,False,True,False
120629,23496,266,17500000.0,True,True,False
120630,509,13,16000000.0,False,True,False
120651,16655,199,2000000.0,False,True,False
120705,5582,63,1000000.0,False,True,True
120760,163,9,900000.0,False,True,True
120785,781,14,2500000.0,False,True,True
120834,153,3,1000000.0,False,True,True
121236,12,1,1000000.0,False,True,True
121257,4706,68,5000000.0,False,True,True
121279,5232,94,7000000.0,True,True,False
121280,8159,97,9000000.0,True,True,False
121324,6303,73,13000000.0,False,True,False
121385,4161,48,4500000.0,False,True,True
121398,3050,39,3000000.0,False,True,True
121402,4534,61,3000000.0,False,True,True
121404,2933,37,6000000.0,False,True,True
121411,109,3,1000000.0,False,True,True
121477,25158,295,8000000.0,False,True,False
121483,34821,388,100000000.0,True,True,False
121528,579,13,1250000.0,False,True,True
121686,4873,87,2000000.0,False,True,True
121756,11215,152,8000000.0,True,True,False
121985,20922,279,14000000.0,True,True,False
121990,1987,31,2000000.0,False,True,True
122011,633,15,5000000.0,False,True,True
122043,2652,58,22000000.0,True,True,False
122116,17875,273,7000000.0,False,True,False
122153,22434,292,100000000.0,True,True,False
122155,17107,284,30000000.0,True,True,False
122223,5234,66,8000000.0,False,True,False
122374,553,15,900000.0,False,True,True
122538,1440,16,800000.0,False,True,True
122582,1841,29,15000000.0,False,True,False
122675,7048,86,12000000.0,True,True,False
122676,205,5,2500000.0,False,True,True
122695,1046,14,1000000.0,False,True,True
122797,19403,261,16000000.0,False,True,False
122835,4068,52,1000000.0,False,True,True
123021,11306,134,3000000.0,False,True,False
123189,13,1,300000.0,False,True,True
123261,10515,137,11000000.0,True,True,False
123275,6786,157,18000000.0,False,True,False
123300,90,1,250000.0,False,True,True
123305,4397,63,2000000.0,False,True,True
123397,1308,28,1500000.0,False,True,True
123536,180,2,500000.0,False,True,True
123682,17507,271,30000000.0,False,True,False
123742,10962,209,15000000.0,False,True,False
123951,7483,96,14000000.0,False,True,False
124002,766,14,700000.0,False,True,True
124083,644,11,700000.0,False,True,True
124172,439,14,1750000.0,False,True,True
124173,850,10,800000.0,False,True,True
124244,490,7,2600000.0,False,True,True
124384,28,1,1100000.0,False,True,True
124410,22637,287,10000000.0,False,True,False
124419,3622,41,18000000.0,False,True,False
124422,35,3,2000000.0,False,True,True
124441,28,1,350000.0,False,True,True
124461,123,4,100000.0,False,True,True
124495,56,6,2500000.0,False,True,True
124502,34182,399,35000000.0,True,True,False
124517,2019,50,1500000.0,False,True,True
124550,755,19,12000000.0,False,True,False
124555,29417,375,12000000.0,True,True,False
124559,680,15,3500000.0,False,True,True
124560,3023,88,2000000.0,False,True,True
124715,12500,153,18000000.0,True,True,False
124732,21010,252,15000000.0,False,True,False
124769,5220,69,7000000.0,True,True,False
124785,23,1,250000.0,False,True,True
124891,97,3,7000000.0,False,True,True
124901,2889,33,1250000.0,False,True,True
124902,7371,143,9000000.0,False,True,False
124909,505,7,1300000.0,False,True,True
124911,900,21,1500000.0,False,True,True
124983,3588,60,4500000.0,False,True,True
125019,2291,27,7000000.0,True,True,False
125020,15597,217,10000000.0,False,True,False
125103,9192,130,9000000.0,True,True,False
125172,135,2,700000.0,True,True,False
125251,7007,87,2800000.0,True,True,False
125314,5286,65,7000000.0,False,True,True
125409,986,20,3000000.0,False,True,True
125614,2965,90,5000000.0,False,True,True
125714,15891,178,12000000.0,False,True,False
125735,1244,24,3000000.0,False,True,True
125781,33976,455,150000000.0,True,True,False
125783,11829,196,4000000.0,False,True,False
125858,12389,184,32000000.0,False,True,False
125868,9454,116,6500000.0,False,True,False
125931,9301,114,3000000.0,False,True,False
126014,6549,96,3000000.0,False,True,True
126114,13,1,1500000.0,True,True,False
126214,8043,130,4000000.0,False,True,True
126252,6878,84,3000000.0,False,True,True
126281,9609,133,3000000.0,False,True,False
126285,260,10,700000.0,False,True,True
126321,6129,84,9000000.0,True,True,False
126412,244,5,1000000.0,False,True,True
126413,61,6,1500000.0,False,True,True
126414,29926,396,45000000.0,True,True,False
126422,24122,314,60000000.0,True,True,False
126516,8819,112,2500000.0,False,True,True
126528,8748,118,5000000.0,False,True,True
126530,1069,22,1750000.0,False,True,True
126534,16341,193,22000000.0,False,True,False
126540,19831,241,70000000.0,True,True,False
126542,2565,63,1750000.0,False,True,True
126552,8294,141,6000000.0,False,True,True
126557,15694,185,5000000.0,False,True,False
126600,5673,68,4500000.0,False,True,True
126625,8340,123,2500000.0,False,True,True
126634,61,6,175000.0,False,True,True
126638,3422,56,2500000.0,False,True,True
126643,1725,23,1500000.0,False,True,True
126656,15134,210,25000000.0,True,True,False
126659,2946,40,1750000.0,False,True,True
126662,207,3,200000.0,False,True,True
126664,29398,378,35000000.0,True,True,False
126665,33896,426,30000000.0,True,True,False
126673,15074,182,10000000.0,False,True,False
126681,1395,16,1200000.0,False,True,True
126683,4631,83,2500000.0,False,True,True
126687,12585,208,7000000.0,False,True,False
126692,2860,42,1000000.0,False,True,True
126697,27,2,50000.0,False,True,True
126699,13745,201,3000000.0,False,True,False
126704,311,12,400000.0,False,True,True
126710,12643,168,23000000.0,True,True,False
126711,7207,100,16000000.0,True,True,False
126716,11274,210,50000000.0,True,True,False
126719,15756,233,20000000.0,True,True,False
126722,1089,15,600000.0,False,True,True
126729,12386,186,9000000.0,False,True,False
126731,90,1,400000.0,False,True,True
126737,14184,291,15000000.0,False,True,False
126741,63,3,500000.0,False,True,True
126746,90,1,300000.0,False,True,True
126748,61,5,700000.0,False,True,True
126751,9811,144,5000000.0,False,True,False
126767,7743,87,4000000.0,False,True,True
126796,5196,115,3000000.0,False,True,True
126910,1,1,300000.0,False,True,True
126924,760,15,300000.0,False,True,True
127032,20457,251,20000000.0,True,True,False
127048,10884,201,25000000.0,False,True,False
127053,1013,21,900000.0,False,True,True
127073,1131,17,500000.0,False,True,True
127074,567,7,1800000.0,False,True,True
127075,270,3,800000.0,False,True,True
127076,19248,266,20000000.0,False,True,False
127098,764,15,1250000.0,False,True,True
127108,25590,291,8000000.0,False,True,False
127128,9495,128,2500000.0,False,True,False
127140,1170,13,800000.0,False,True,True
127142,18048,288,5000000.0,False,True,False
127143,1093,14,800000.0,False,True,True
127151,173,3,700000.0,False,True,True
127156,16673,200,12000000.0,False,True,False
127160,16416,230,12000000.0,True,True,False
127177,4982,59,2500000.0,False,True,True
127181,26244,294,17000000.0,False,True,False
127182,10548,147,3500000.0,False,True,False
127187,28993,368,25000000.0,False,True,False
127188,8139,91,2500000.0,False,True,True
127189,22853,348,30000000.0,True,True,False
127192,22,4,700000.0,False,True,True
127194,4196,84,2500000.0,True,True,False
127202,22287,249,8000000.0,False,True,False
127213,1145,24,600000.0,False,True,True
127457,5594,89,3000000.0,False,True,True
127554,11937,149,5000000.0,False,True,False
127573,8954,114,3000000.0,False,True,True
127610,13375,164,6000000.0,False,True,False
127766,718,11,1500000.0,False,True,True
127828,1,1,2000000.0,False,True,True
127837,11047,204,5000000.0,False,True,False
127987,6501,102,7000000.0,False,True,True
128219,1006,21,3000000.0,False,True,True
128220,20748,295,55000000.0,True,True,False
128223,21457,397,65000000.0,True,True,False
128229,9850,160,10000000.0,False,True,False
128287,25,1,800000.0,False,True,True
128295,13536,166,2500000.0,False,True,False
128375,1675,28,3000000.0,False,True,True
128488,11996,153,3500000.0,False,True,False
128895,495,6,450000.0,False,True,True
128897,7528,133,15000000.0,False,True,False
128899,7740,87,22000000.0,False,True,False
128900,1909,60,7000000.0,True,True,False
128901,17317,198,25000000.0,True,True,False
128904,5978,67,15000000.0,False,True,False
128906,936,11,7000000.0,False,True,True
128907,1259,22,4000000.0,False,True,True
128909,4267,51,2500000.0,False,True,True
128910,230,5,2000000.0,False,True,True
128911,1,1,200000.0,True,True,False
128912,3890,48,6000000.0,True,True,False
128931,1637,40,4500000.0,False,True,True
128969,16830,187,10000000.0,True,True,False
129078,19092,276,20000000.0,False,True,False
129085,3256,38,5500000.0,False,True,True
129129,16938,217,18000000.0,False,True,False
129248,191,6,300000.0,False,True,True
129358,4413,63,3500000.0,False,True,True
129386,11237,136,6000000.0,False,True,False
129444,24224,315,15000000.0,True,True,False
129473,11170,179,28000000.0,True,True,False
129476,14575,235,25000000.0,True,True,False
129495,172,6,400000.0,False,True,True
129505,4745,84,3500000.0,False,True,True
129513,6492,140,7000000.0,False,True,True
129515,439,11,1500000.0,False,True,True
129554,223,9,15000000.0,False,True,False
129561,1374,17,1250000.0,False,True,True
129586,87,3,3500000.0,False,True,True
129588,11390,185,25000000.0,False,True,False
129593,792,17,7000000.0,False,True,True
129627,6362,111,13000000.0,False,True,False
129674,18157,240,6000000.0,True,True,False
129679,6032,103,1600000.0,False,True,True
129688,67,5,3000000.0,True,True,False
129693,1391,29,3000000.0,False,True,True
129753,9076,143,3000000.0,False,True,False
129868,1826,40,2200000.0,False,True,True
129893,4398,55,2000000.0,False,True,True
129990,2372,70,4000000.0,False,True,True
130108,1827,31,6500000.0,False,True,True
130110,302,5,400000.0,False,True,True
130164,32533,362,40000000.0,False,True,False
130172,909,11,1800000.0,False,True,True
130347,7,2,200000.0,False,True,True
130348,1439,17,700000.0,False,True,True
130353,996,12,5000000.0,False,True,True
130360,13492,249,25000000.0,True,True,False
130365,20776,320,30000000.0,True,True,False
130369,255,6,1300000.0,False,True,True
130382,1699,24,3000000.0,False,True,True
130388,90,1,200000.0,False,True,True
130394,9009,160,8000000.0,True,True,False
130485,1681,31,6000000.0,False,True,True
130756,10650,145,18000000.0,False,True,False
130765,8798,149,8000000.0,False,True,False
131075,34679,406,15000000.0,True,True,False
131090,5521,67,7000000.0,False,True,True
131098,609,7,1600000.0,False,True,True
131101,4020,53,4500000.0,False,True,True
131102,17994,230,18000000.0,True,True,False
131109,5988,90,2800000.0,False,True,True
131209,653,13,2800000.0,False,True,True
131248,4833,92,8000000.0,True,True,False
131275,6699,141,4000000.0,False,True,True
131480,425,17,1500000.0,False,True,True
131505,15402,229,50000000.0,False,True,False
131506,535,18,3500000.0,False,True,True
131561,385,12,1000000.0,False,True,True
131589,88,5,3600000.0,False,True,True
131667,4340,71,3000000.0,False,True,True
131694,376,12,4000000.0,False,True,True
131708,4312,51,5000000.0,False,True,True
131709,4376,75,7000000.0,False,True,True
131731,6715,119,4000000.0,False,True,True
131758,3312,37,5000000.0,False,True,True
131789,26808,355,90000000.0,True,True,False
131918,324,8,500000.0,False,True,True
131951,13766,227,8000000.0,False,True,False
131978,19640,326,30000000.0,True,True,False
131996,10033,176,20000000.0,True,True,False
132002,255,7,700000.0,False,True,True
132056,100,5,250000.0,False,True,True
132098,34569,414,150000000.0,True,True,False
132214,11,2,2000000.0,True,True,False
132323,230,4,400000.0,False,True,True
132414,1,1,750000.0,False,True,True
132529,2816,34,2500000.0,False,True,True
132921,2477,41,2000000.0,False,True,True
133078,2767,35,1750000.0,False,True,True
133089,753,14,5000000.0,False,True,True
133179,31034,373,24000000.0,False,True,False
133392,17,1,150000.0,False,True,True
133794,8863,153,3000000.0,False,True,True
133964,23958,336,75000000.0,True,True,False
134098,3333,49,2500000.0,False,True,True
134270,19386,236,12000000.0,False,True,False
134277,2261,29,2500000.0,False,True,True
134294,11424,205,22000000.0,True,True,False
134369,1448,23,900000.0,False,True,True
134414,650,11,2000000.0,True,True,False
134424,86,6,5000000.0,True,True,False
134425,28536,393,160000000.0,True,True,False
134712,3417,53,2750000.0,False,True,True
134883,14290,235,10000000.0,False,True,False
134936,4998,128,15000000.0,True,True,False
134983,1029,30,2500000.0,False,True,True
135057,1537,28,12000000.0,False,True,False
135208,4920,65,6000000.0,False,True,True
135213,746,19,8000000.0,False,True,False
135343,21609,266,16000000.0,False,True,False
135490,5052,62,3500000.0,False,True,True
135492,24765,293,10000000.0,False,True,False
135560,29,2,2000000.0,False,True,True
135617,13271,179,25000000.0,False,True,False
135747,657,10,800000.0,False,True,True
135853,11342,179,20000000.0,False,True,False
136054,8,2,800000.0,False,True,True
136091,643,15,400000.0,False,True,True
136111,7605,87,6000000.0,False,True,True
136181,2698,46,2000000.0,False,True,True
136308,16,3,350000.0,False,True,True
136501,365,13,1500000.0,False,True,True
136514,10786,171,2500000.0,False,True,False
136589,940,14,4500000.0,False,True,True
136605,2436,36,3000000.0,False,True,True
136610,10853,125,6500000.0,False,True,False
136647,150,4,3000000.0,False,True,True
137162,1130,23,2000000.0,False,True,True
137174,11730,138,4000000.0,False,True,False
137438,5285,115,2500000.0,False,True,True
137616,6549,103,12000000.0,False,True,False
137648,1473,17,6000000.0,False,True,True
137669,102,2,900000.0,False,True,True
137704,5475,89,2000000.0,False,True,True
137745,7850,104,8000000.0,False,True,False
137841,8482,120,2000000.0,False,True,True
138049,16790,194,2500000.0,False,True,False
138055,14196,182,4000000.0,False,True,False
138110,1527,22,6000000.0,False,True,True
138171,3364,72,2500000.0,False,True,True
138199,1385,29,1000000.0,False,True,True
138292,146,9,1000000.0,False,True,True
138335,405,5,1000000.0,False,True,True
138410,212,6,1250000.0,False,True,True
138584,2687,34,1800000.0,False,True,True
138655,8,1,1400000.0,False,True,True
138662,2338,29,1500000.0,False,True,True
138800,102,2,300000.0,False,True,True
138803,10220,195,4000000.0,False,True,False
138927,26061,335,60000000.0,True,True,False
138935,8975,127,3000000.0,False,True,True
138949,2285,30,1250000.0,False,True,True
139018,834,27,1500000.0,False,True,True
139169,1200,18,700000.0,False,True,True
139173,4962,68,3000000.0,False,True,True
139208,30166,339,100000000.0,True,True,False
139278,104,2,700000.0,False,True,True
139279,24768,292,3500000.0,False,True,False
139286,789,18,1200000.0,False,True,True
139307,183,3,600000.0,False,True,True
139336,9187,111,8500000.0,False,True,False
139396,3608,74,12500000.0,False,True,False
139434,5828,81,1000000.0,False,True,True
139435,12878,183,1500000.0,False,True,False
139440,247,6,1000000.0,False,True,True
139449,129,3,25000000.0,False,True,False
139503,4035,75,11000000.0,False,True,False
139607,944,12,4000000.0,False,True,True
139634,4222,53,2500000.0,False,True,True
139895,16632,238,5000000.0,False,True,False
139915,822,23,5000000.0,False,True,True
139955,1945,41,2500000.0,False,True,True
140082,267,6,1250000.0,False,True,True
140126,861,33,1500000.0,False,True,True
140191,4724,75,7000000.0,False,True,True
140206,5289,81,5000000.0,False,True,True
140436,3247,72,10000000.0,False,True,False
140497,4818,66,4500000.0,False,True,True
140559,2570,42,1600000.0,False,True,True
140579,5905,128,12000000.0,False,True,False
140678,90,1,2000000.0,False,True,True
140748,8085,101,2500000.0,False,True,True
140757,5615,104,5000000.0,False,True,True
140776,16599,252,40000000.0,True,True,False
140803,1384,33,8000000.0,False,True,False
140804,2745,66,7000000.0,False,True,True
140808,90,1,2500000.0,False,True,True
141349,15,3,225000.0,False,True,True
141650,10,1,250000.0,False,True,True
141654,2133,32,800000.0,False,True,True
141655,584,16,3500000.0,True,True,False
141660,10159,182,40000000.0,True,True,False
141828,507,6,7000000.0,False,True,True
141832,8,1,100000.0,False,True,True
141834,10871,235,12000000.0,True,True,False
141835,5937,109,6000000.0,False,True,True
142021,30310,407,16000000.0,False,True,False
142023,871,23,1000000.0,False,True,True
142027,2928,74,1500000.0,False,True,True
142031,20552,276,14000000.0,True,True,False
142033,180,2,1500000.0,False,True,True
142281,6584,124,5500000.0,False,True,True
142310,10205,126,18000000.0,False,True,False
142370,257,10,650000.0,False,True,True
142419,9240,108,5000000.0,False,True,False
142920,2405,57,2000000.0,False,True,True
143029,15496,184,3500000.0,False,True,False
143039,2380,35,2200000.0,False,True,True
143121,293,14,500000.0,False,True,True
143424,10171,219,40000000.0,True,True,False
143559,18833,228,22000000.0,True,True,False
143798,19830,256,20000000.0,False,True,False
143812,19039,318,25000000.0,True,True,False
143863,51,1,1000000.0,False,True,True
143891,8055,173,20000000.0,True,True,False
144028,15902,239,38000000.0,True,True,False
144143,16835,207,12000000.0,True,True,False
144303,1989,32,20000000.0,True,True,False
144688,6,1,375000.0,False,True,True
144779,10004,148,10000000.0,True,True,False
145115,3267,61,10000000.0,False,True,False
145416,3674,62,2000000.0,False,True,True
145466,7084,84,4000000.0,False,True,True
145581,9499,162,3000000.0,False,True,False
145602,336,7,6000000.0,False,True,True
145707,18144,231,25000000.0,True,True,False
145769,7757,160,5000000.0,False,True,True
145840,19,1,1250000.0,True,True,False
145866,4042,86,15000000.0,False,True,False
145918,721,20,2500000.0,False,True,True
145922,2677,34,8000000.0,True,True,False
145988,24725,309,55000000.0,True,True,False
146096,996,19,1000000.0,False,True,True
146099,239,8,1000000.0,False,True,True
146143,1499,31,1500000.0,False,True,True
146155,318,10,12000000.0,False,True,False
146163,5122,84,2000000.0,False,True,True
146164,11872,202,20000000.0,False,True,False
146227,7242,83,20000000.0,True,True,False
146258,5482,89,10000000.0,False,True,False
146373,100,5,600000.0,False,True,True
146596,294,10,1500000.0,False,True,True
146660,107,3,700000.0,False,True,True
146680,5414,73,2000000.0,False,True,True
146690,7179,83,6500000.0,False,True,True
146714,9405,105,7000000.0,False,True,False
146743,4493,58,2000000.0,False,True,True
146752,17525,287,10000000.0,True,True,False
146795,12029,181,30000000.0,False,True,False
146799,1274,15,1800000.0,False,True,True
146805,9370,142,5000000.0,False,True,False
146844,231,7,5000000.0,False,True,True
146854,29249,398,50000000.0,False,True,False
146889,1062,19,3000000.0,False,True,True
147031,124,3,1200000.0,False,True,True
147034,2073,36,12000000.0,True,True,False
147043,1581,30,5000000.0,False,True,True
147049,2,1,1500000.0,False,True,True
147051,8068,91,4500000.0,False,True,True
147078,1472,21,1000000.0,False,True,True
147094,2789,48,14000000.0,False,True,False
147359,1199,25,2500000.0,True,True,False
147396,83,1,3000000.0,False,True,True
147483,2329,43,4000000.0,False,True,True
147485,1264,37,4000000.0,False,True,True
147487,4289,65,18000000.0,False,True,False
147573,5083,75,7000000.0,False,True,True
147602,251,7,600000.0,False,True,True
147846,4258,49,4500000.0,False,True,True
148004,3097,36,2000000.0,False,True,True
148153,26343,299,27000000.0,False,True,False
148208,135,2,1250000.0,True,True,False
148209,604,9,800000.0,False,True,True
148252,26770,329,25000000.0,False,True,False
148262,10534,147,11000000.0,False,True,False
148367,10597,135,20000000.0,True,True,False
148368,10682,258,20000000.0,True,True,False
148396,43,4,6000000.0,False,True,True
148455,32944,409,150000000.0,True,True,False
148597,3060,34,1250000.0,False,True,True
148607,913,21,2800000.0,False,True,True
148657,180,2,6000000.0,True,True,False
148666,7639,96,4500000.0,False,True,True
148690,57,5,800000.0,False,True,True
148751,11049,159,13000000.0,True,True,False
148754,5912,84,3000000.0,False,True,True
148928,23766,339,90000000.0,True,True,False
148955,6580,102,10000000.0,False,True,False
148967,7034,108,4500000.0,False,True,True
149231,9670,150,3000000.0,False,True,False
149237,4588,72,8000000.0,False,True,False
149239,388,5,500000.0,False,True,True
149249,1342,18,5500000.0,False,True,True
149444,2032,27,1500000.0,False,True,True
149446,11139,179,4500000.0,False,True,False
149498,22386,270,22000000.0,True,True,False
149525,5930,68,800000.0,False,True,True
149526,1011,20,1400000.0,False,True,True
149540,2270,33,1700000.0,False,True,True
149551,7726,124,2000000.0,False,True,True
149577,7824,94,10000000.0,False,True,False
149652,2453,31,3500000.0,False,True,True
149716,6928,124,12000000.0,False,True,False
149729,4658,77,35000000.0,True,True,False
149752,3673,49,9000000.0,False,True,False
149829,3381,75,6000000.0,False,True,True
149946,1520,31,2000000.0,False,True,True
150948,14716,212,5000000.0,False,True,False
151470,3172,65,7500000.0,False,True,False
151582,182,4,1000000.0,False,True,True
151636,431,11,700000.0,False,True,True
152651,4116,49,15000000.0,False,True,False
152733,1036,22,3800000.0,False,True,True
152873,251,9,700000.0,False,True,True
152963,11594,197,10000000.0,False,True,False
153022,197,6,6000000.0,False,True,True
153084,22306,327,70000000.0,True,True,False
153236,5308,75,3500000.0,False,True,True
153238,11812,156,10000000.0,False,True,False
153427,7220,162,3000000.0,False,True,True
153628,129,12,900000.0,False,True,True
153634,34,1,400000.0,False,True,True
153637,1920,29,4000000.0,False,True,True
153667,254,8,1000000.0,False,True,True
153678,2257,60,3000000.0,False,True,True
153739,25,2,1500000.0,False,True,True
154059,12193,208,3000000.0,False,True,False
154171,8279,146,6500000.0,False,True,True
154199,17066,213,3000000.0,False,True,False
154209,3300,39,2000000.0,False,True,True
154396,4780,59,2200000.0,False,True,True
154819,35,2,1000000.0,True,True,False
155233,90,1,150000.0,False,True,True
155395,844,19,3000000.0,False,True,True
156487,5214,64,1500000.0,False,True,True
156489,450,5,300000.0,False,True,True
156501,7636,108,32000000.0,True,True,False
156617,19768,261,60000000.0,True,True,False
156618,4920,62,3500000.0,False,True,True
156639,123,6,1800000.0,False,True,True
156779,4843,96,6000000.0,False,True,True
156799,36,4,500000.0,False,True,True
156808,8145,100,4000000.0,False,True,True
156814,5146,90,3000000.0,False,True,True
156892,33,1,200000.0,False,True,True
156934,328,7,1200000.0,False,True,True
156941,4488,62,10000000.0,False,True,False
156990,15593,187,12000000.0,True,True,False
157058,91,4,1750000.0,False,True,True
157167,132,3,700000.0,False,True,True
157368,3168,48,10000000.0,False,True,False
157373,494,13,2500000.0,False,True,True
157484,38,1,1000000.0,False,True,True
157490,1618,26,6000000.0,False,True,True
157491,6448,75,1500000.0,False,True,True
157494,239,3,750000.0,False,True,True
157495,13163,171,45000000.0,True,True,False
157500,4119,78,2500000.0,False,True,True
157501,15939,272,15000000.0,True,True,False
157506,16774,280,12000000.0,False,True,False
157507,17199,259,10000000.0,False,True,False
157509,22722,289,35000000.0,True,True,False
157635,12122,248,35000000.0,False,True,False
157849,601,30,12500000.0,False,True,False
158049,83,1,250000.0,False,True,True
158057,514,14,2500000.0,False,True,True
158071,29,1,300000.0,False,True,True
158463,2095,27,1200000.0,False,True,True
158623,1945,28,3500000.0,False,True,True
158697,408,13,3000000.0,False,True,True
158703,6,2,1500000.0,False,True,True
158791,8721,114,3000000.0,False,True,True
158795,6220,111,2000000.0,False,True,True
158810,7260,99,4000000.0,False,True,True
158849,1725,25,1500000.0,False,True,True
158863,33267,379,32000000.0,True,True,False
159026,1217,27,4000000.0,False,True,True
159037,677,9,600000.0,False,True,True
159088,15172,197,17000000.0,False,True,False
159142,2521,29,7500000.0,False,True,False
159162,51,1,550000.0,True,True,False
159239,1168,25,1500000.0,False,True,True
159288,2732,41,2000000.0,False,True,True
159337,9449,150,15000000.0,False,True,False
159372,21969,314,45000000.0,False,True,False
159471,16631,274,90000000.0,True,True,False
159522,9,1,2000000.0,False,True,True
159622,308,12,8500000.0,False,True,False
159692,1309,15,5000000.0,False,True,True
159720,13,1,450000.0,False,True,True
159773,7,1,3000000.0,False,True,True
159778,14,1,3500000.0,False,True,True
159844,6523,98,5000000.0,False,True,True
159883,2018,31,6000000.0,False,True,True
159902,945,18,3000000.0,False,True,True
160080,3716,61,3500000.0,False,True,True
160182,660,13,400000.0,False,True,True
160217,310,9,4000000.0,False,True,True
160222,5219,63,8000000.0,False,True,False
160241,11677,179,12000000.0,False,True,False
160285,4008,79,4500000.0,True,True,False
160348,18,1,800000.0,False,True,True
160357,5037,77,1100000.0,False,True,True
160380,87,3,2200000.0,False,True,True
160404,1394,22,400000.0,False,True,True
160438,5216,91,11000000.0,True,True,False
160471,233,5,1500000.0,False,True,True
160506,528,17,2500000.0,False,True,True
160560,6606,88,2500000.0,False,True,True
160561,3853,44,900000.0,False,True,True
160668,1428,28,5500000.0,False,True,True
160670,66,3,600000.0,True,True,False
160736,543,9,1500000.0,False,True,True
160825,4074,51,900000.0,False,True,True
160910,12,1,1500000.0,False,True,True
160938,14900,187,8000000.0,False,True,False
160943,4792,78,8000000.0,False,True,False
160954,1170,13,1000000.0,False,True,True
160963,18652,208,5000000.0,False,True,False
160968,8654,132,3000000.0,False,True,True
160971,2520,28,1500000.0,False,True,True
160986,6247,81,1400000.0,False,True,True
161011,25007,333,40000000.0,True,True,False
161056,25988,324,90000000.0,True,True,False
161060,1527,24,2000000.0,False,True,True
161072,68,3,1000000.0,False,True,True
161079,42,4,325000.0,False,True,True
161204,1159,29,2000000.0,False,True,True
161267,1201,27,500000.0,False,True,True
161411,35,5,250000.0,False,True,True
161549,124,2,1000000.0,False,True,True
161851,83,2,200000.0,False,True,True
161869,23055,310,23000000.0,False,True,False
162029,13172,185,6000000.0,True,True,False
162038,8955,127,25000000.0,False,True,False
162043,10,1,500000.0,False,True,True
162056,9120,160,7500000.0,False,True,False
162063,74,2,700000.0,False,True,True
162074,2912,59,5000000.0,False,True,True
162079,2470,57,2000000.0,False,True,True
162434,21889,284,20000000.0,False,True,False
162551,11,1,150000.0,False,True,True
162569,2996,58,17500000.0,False,True,False
162812,718,13,6000000.0,False,True,True
162952,355,10,1000000.0,False,True,True
162959,13933,184,22000000.0,True,True,False
162961,6593,150,4000000.0,False,True,True
163053,874,15,3200000.0,False,True,True
163062,824,21,1300000.0,False,True,True
163086,6137,88,10000000.0,False,True,False
163187,5,1,500000.0,False,True,True
163216,2155,25,3500000.0,False,True,True
163222,15105,277,12000000.0,True,True,False
163223,2489,38,1800000.0,False,True,True
163489,2431,37,1700000.0,False,True,True
163568,10282,117,9000000.0,False,True,False
163582,2726,38,1400000.0,False,True,True
163600,718,9,800000.0,False,True,True
163639,17160,227,4000000.0,False,True,False
163647,1155,19,1500000.0,False,True,True
163654,822,11,1000000.0,False,True,True
163656,199,3,8000000.0,False,True,False
163683,9288,136,4000000.0,False,True,False
163690,542,14,800000.0,False,True,True
163724,1575,22,1200000.0,False,True,True
163744,12561,156,8000000.0,False,True,False
164055,5939,79,3000000.0,False,True,True
164091,7297,90,1800000.0,False,True,True
164108,6206,83,2200000.0,False,True,True
164230,7568,130,4000000.0,False,True,True
164231,97,3,2500000.0,False,True,True
164236,128,7,1400000.0,False,True,True
164265,6749,128,2500000.0,False,True,True
164277,1665,19,3800000.0,False,True,True
164451,1296,36,2500000.0,False,True,True
164477,181,7,2200000.0,False,True,True
164478,580,8,1250000.0,False,True,True
164534,4,1,2700000.0,True,True,False
164759,2831,53,2500000.0,False,True,True
164770,24084,295,80000000.0,True,True,False
164771,29722,384,35000000.0,True,True,False
164816,83,9,1000000.0,False,True,True
164897,4641,92,2500000.0,True,True,False
164912,6391,79,3500000.0,False,True,True
164913,10910,179,13000000.0,True,True,False
164928,56,2,500000.0,False,True,True
164937,2342,54,1500000.0,False,True,True
165007,16252,286,18000000.0,True,True,False
165008,219,3,1000000.0,False,True,True
165012,1968,34,3000000.0,True,True,False
165331,2397,33,2000000.0,False,True,True
165351,133,2,500000.0,False,True,True
165381,337,7,1750000.0,False,True,True
165400,3199,42,1000000.0,False,True,True
165467,13566,151,4000000.0,False,True,False
165472,27,2,350000.0,False,True,True
165513,22251,284,22000000.0,False,True,False
165531,169,3,2800000.0,False,True,True
165722,2211,41,2000000.0,False,True,True
165724,1553,21,1600000.0,False,True,True
165793,7472,134,20000000.0,True,True,False
165873,9138,115,2000000.0,False,True,False
165894,122,6,1500000.0,False,True,True
165895,21912,363,30000000.0,True,True,False
165900,5542,70,3800000.0,False,True,True
166237,13530,224,40000000.0,True,True,False
166240,2530,57,15000000.0,False,True,False
166601,22809,300,60000000.0,True,True,False
166666,6,1,2000000.0,True,True,False
166683,2562,70,3000000.0,False,True,True
167093,4851,60,2500000.0,False,True,True
167105,8261,106,6000000.0,False,True,True
167189,50,1,400000.0,False,True,True
167228,2868,32,1000000.0,False,True,True
167268,1690,33,6000000.0,True,True,False
167291,5158,63,15000000.0,False,True,False
167329,22992,328,38000000.0,False,True,False
167393,59,1,1000000.0,False,True,True
167444,2958,41,1700000.0,False,True,True
167491,9155,125,2000000.0,False,True,False
167721,9583,185,15000000.0,False,True,False
167727,23836,356,40000000.0,True,True,False
167741,4994,108,2500000.0,False,True,True
167791,8,1,600000.0,True,True,False
167796,6212,100,6000000.0,False,True,True
167798,620,24,4000000.0,False,True,True
167799,27780,372,45000000.0,True,True,False
167850,15013,233,55000000.0,True,True,False
167859,9676,155,12000000.0,True,True,False
167895,2976,61,3500000.0,False,True,True
168063,858,16,3000000.0,False,True,True
168088,1861,22,1250000.0,False,True,True
168157,11086,174,32000000.0,True,True,False
168337,753,21,18000000.0,False,True,False
168416,1098,21,2000000.0,False,True,True
168471,818,34,4500000.0,False,True,True
168536,681,13,3000000.0,False,True,True
168543,10119,190,6500000.0,False,True,False
168678,695,20,2000000.0,False,True,True
168797,90,1,500000.0,False,True,True
168933,3404,52,4000000.0,False,True,True
168944,631,18,2200000.0,False,True,True
168959,11307,181,8000000.0,False,True,False
168989,18271,264,9000000.0,False,True,False
169052,5581,75,4000000.0,False,True,True
169090,563,8,800000.0,False,True,True
169179,1075,17,1000000.0,False,True,True
169249,972,20,4500000.0,False,True,True
169533,877,32,800000.0,False,True,True
169555,1997,27,5000000.0,False,True,True
169801,819,30,3500000.0,False,True,True
169880,24513,275,25000000.0,True,True,False
170321,11435,151,7000000.0,False,True,False
170322,223,12,2500000.0,False,True,True
170460,3871,58,2000000.0,False,True,True
170463,10302,130,7500000.0,False,True,False
170468,29,1,,False,True,False
170472,23377,342,4000000.0,False,True,False
170475,270,3,300000.0,False,True,True
170478,2213,46,1250000.0,False,True,True
170481,13733,229,3500000.0,False,True,False
170495,5221,91,2500000.0,False,True,True
170516,39,4,250000.0,True,True,False
170522,1274,16,1000000.0,False,True,True
170523,45,3,250000.0,False,True,True
170527,22993,347,80000000.0,True,True,False
170530,50,3,1000000.0,True,True,False
170544,12996,156,9000000.0,False,True,False
170646,9441,124,12000000.0,False,True,False
170767,4596,73,2500000.0,False,True,True
170838,454,21,5500000.0,True,True,False
170895,2099,41,9000000.0,False,True,False
170903,9487,122,2250000.0,False,True,False
170911,5645,65,1200000.0,False,True,True
170916,1591,30,900000.0,False,True,True
170927,6080,71,4000000.0,False,True,True
170929,11022,176,3000000.0,False,True,False
170930,36,2,250000.0,False,True,True
170934,18225,275,15000000.0,True,True,False
170938,2529,54,1500000.0,False,True,True
170953,8053,147,8000000.0,False,True,False
170957,74,4,200000.0,False,True,True
170961,8690,120,2000000.0,False,True,True
170962,937,12,900000.0,False,True,True
170963,8,1,250000.0,False,True,True
170966,1294,45,3000000.0,False,True,True
170968,41,1,400000.0,False,True,True
170976,542,18,1000000.0,False,True,True
170979,196,3,300000.0,False,True,True
170986,24123,325,40000000.0,True,True,False
170994,935,12,800000.0,False,True,True
171068,1231,15,2000000.0,False,True,True
171159,2272,49,3000000.0,False,True,True
171165,169,5,900000.0,False,True,True
171167,6364,108,6000000.0,False,True,True
171209,6446,138,3500000.0,False,True,True
171234,25,3,250000.0,False,True,True
171260,923,19,3500000.0,False,True,True
171307,43,3,1000000.0,False,True,True
171336,288,13,2700000.0,False,True,True
171362,5709,80,4000000.0,False,True,True
171376,2419,28,1500000.0,False,True,True
171399,14571,207,7000000.0,False,True,False
171408,3755,74,1750000.0,False,True,True
171410,5642,65,7000000.0,False,True,True
171424,19581,284,60000000.0,True,True,False
171557,4828,77,1250000.0,False,True,True
171679,12830,191,20000000.0,True,True,False
172015,20038,225,18000000.0,False,True,False
172127,41,3,400000.0,False,True,True
172128,703,11,1500000.0,False,True,True
172142,643,20,4000000.0,False,True,True
172153,3297,54,900000.0,False,True,True
172168,7,1,150000.0,False,True,True
172181,4404,58,3500000.0,False,True,True
172333,17,2,2500000.0,False,True,True
173483,45,9,5000000.0,False,True,True
173491,2780,62,3500000.0,False,True,True
173504,29294,340,28000000.0,False,True,False
173589,38,3,1250000.0,False,True,True
173832,51,3,250000.0,False,True,True
173859,20025,296,20000000.0,True,True,False
173900,5088,101,15000000.0,False,True,False
174089,463,13,500000.0,False,True,True
174094,22532,325,28000000.0,False,True,False
174196,21342,247,14000000.0,False,True,False
174344,12617,174,4500000.0,False,True,False
174488,3254,48,2500000.0,False,True,True
174694,12724,190,28000000.0,False,True,False
174706,2690,45,1800000.0,False,True,True
174733,11260,129,8000000.0,False,True,False
174835,1582,31,3000000.0,False,True,True
174859,1239,20,600000.0,False,True,True
174915,5089,104,25000000.0,False,True,False
175169,3856,73,20000000.0,False,True,False
175323,8288,111,4000000.0,False,True,True
175446,26580,324,20000000.0,False,True,False
175449,19721,317,10000000.0,False,True,False
175709,472,8,1000000.0,False,True,True
175722,26193,319,40000000.0,True,True,False
175745,587,10,2000000.0,True,True,False
175787,314,11,2000000.0,False,True,True
175792,2285,40,4500000.0,False,True,True
175836,556,13,1000000.0,False,True,True
175914,44,4,2000000.0,False,True,True
175921,1032,21,800000.0,False,True,True
175961,5977,75,8000000.0,False,True,False
176067,675,24,1500000.0,False,True,True
176130,45,1,1200000.0,False,True,True
176133,1567,35,1000000.0,False,True,True
176139,13241,163,3200000.0,False,True,False
176140,9836,118,6000000.0,True,True,False
176285,3976,64,5000000.0,False,True,True
176298,105,6,600000.0,False,True,True
176485,1606,38,7500000.0,True,True,False
176514,449,15,4000000.0,False,True,True
176553,26116,307,75000000.0,True,True,False
176591,2636,51,5000000.0,False,True,True
176936,1440,16,1500000.0,False,True,True
177046,17588,217,6000000.0,False,True,False
177065,7165,117,6000000.0,False,True,True
177231,170,3,500000.0,False,True,True
177321,3,3,1000000.0,True,True,False
177452,3114,142,2000000.0,False,True,True
177467,23128,317,40000000.0,False,True,False
177476,19105,253,42000000.0,True,True,False
177690,4623,62,2000000.0,False,True,True
177779,16862,267,10000000.0,False,True,False
177781,45,4,300000.0,False,True,True
177843,27075,340,35000000.0,False,True,False
177847,12198,253,15000000.0,True,True,False
177859,1827,21,7000000.0,False,True,True
177862,1538,27,5000000.0,True,True,False
177907,23224,291,70000000.0,True,True,False
178019,1948,40,600000.0,False,True,True
178024,252,4,800000.0,False,True,True
178107,1290,30,4000000.0,False,True,True
178187,2298,49,2000000.0,False,True,True
178313,11231,173,10000000.0,False,True,False
178314,3399,56,4000000.0,False,True,True
178425,23790,303,6000000.0,False,True,False
178459,11810,238,20000000.0,False,True,False
178540,3125,40,1250000.0,False,True,True
178614,11684,147,35000000.0,False,True,False
179184,7924,180,40000000.0,True,True,False
179408,593,17,1000000.0,False,True,True
179451,660,13,1000000.0,True,True,False
179634,6478,89,3500000.0,False,True,True
179638,18,1,2000000.0,True,True,False
179643,16902,224,10000000.0,False,True,False
179757,1611,28,1500000.0,False,True,True
179895,1421,21,4000000.0,False,True,True
180091,104,3,500000.0,False,True,True
180704,331,8,500000.0,False,True,True
180805,1669,27,2000000.0,False,True,True
181112,1443,25,5000000.0,True,True,False
181136,25748,423,50000000.0,True,True,False
181373,4185,50,2500000.0,True,True,False
181375,9757,149,45000000.0,True,True,False
181378,21121,297,18000000.0,False,True,False
181380,9907,139,10000000.0,False,True,False
181382,15852,220,10000000.0,False,True,False
181477,4248,81,3000000.0,False,True,True
181547,4209,111,15000000.0,False,True,False
181579,29610,422,38000000.0,False,True,False
181619,171,3,800000.0,False,True,True
181767,28493,352,75000000.0,True,True,False
181768,7238,126,6500000.0,False,True,True
181778,15375,222,30000000.0,True,True,False
181779,199,9,7500000.0,True,True,False
181781,130,7,5000000.0,False,True,True
182201,2491,41,12000000.0,False,True,False
182312,332,13,1000000.0,False,True,True
182323,8807,105,7500000.0,False,True,False
182381,1569,33,24000000.0,False,True,False
182574,9319,143,6000000.0,False,True,False
182579,11474,144,15000000.0,True,True,False
182618,16112,236,40000000.0,True,True,False
182712,21453,286,70000000.0,True,True,False
182752,243,9,500000.0,False,True,True
182811,10,1,300000.0,False,True,True
182813,42,4,500000.0,False,True,True
182814,237,7,400000.0,False,True,True
182875,13957,164,5000000.0,False,True,False
182877,16296,270,65000000.0,True,True,False
182889,11632,166,18000000.0,False,True,False
182891,3600,40,5000000.0,False,True,True
182893,21152,275,32000000.0,False,True,False
182894,12715,170,30000000.0,False,True,False
182898,487,16,800000.0,False,True,True
182903,23,3,300000.0,False,True,True
182904,20186,257,60000000.0,True,True,False
182906,27307,306,45000000.0,True,True,False
182910,1276,27,1500000.0,True,True,False
182913,27564,379,50000000.0,True,True,False
182916,11670,240,8000000.0,False,True,False
182923,2353,31,6000000.0,False,True,True
182932,6437,89,22000000.0,True,True,False
182962,350,8,150000.0,False,True,True
182963,5712,101,4000000.0,False,True,True
183029,4,1,275000.0,False,True,True
183031,16607,221,5000000.0,False,True,False
183286,90,3,750000.0,False,True,True
183288,23685,296,42000000.0,True,True,False
183299,2285,48,8000000.0,False,True,False
183318,13898,177,18000000.0,False,True,False
183321,7059,100,14000000.0,False,True,False
183334,5815,102,22000000.0,False,True,False
183494,9466,113,2000000.0,False,True,False
183647,22149,254,9000000.0,False,True,False
183720,6459,115,13000000.0,False,True,False
183780,4287,73,3000000.0,False,True,True
184133,23,1,1200000.0,False,True,True
184218,155,9,2000000.0,False,True,True
184381,324,13,4000000.0,False,True,True
184398,1392,17,2500000.0,False,True,True
184473,1282,34,1600000.0,False,True,True
184491,5538,82,8000000.0,False,True,False
184528,10955,161,5000000.0,False,True,False
184573,16252,211,35000000.0,True,True,False
184575,1573,19,2500000.0,False,True,True
184672,8413,178,18000000.0,False,True,False
184767,14091,177,3000000.0,False,True,False
184892,26259,375,50000000.0,False,True,False
184894,19651,320,18000000.0,True,True,False
184915,115,3,900000.0,False,True,True
184922,5379,74,4000000.0,False,True,True
184935,5531,99,5000000.0,False,True,True
185077,21009,306,12000000.0,False,True,False
185245,11012,173,17000000.0,False,True,False
185570,387,10,1400000.0,False,True,True
185593,1882,58,8000000.0,True,True,False
185699,2767,32,4000000.0,False,True,True
185939,349,7,2000000.0,False,True,True
186186,8453,152,10000000.0,False,True,False
186260,1361,22,5000000.0,False,True,True
186368,14579,220,19000000.0,True,True,False
186383,4,1,700000.0,True,True,False
186557,810,9,800000.0,False,True,True
186590,19340,257,60000000.0,True,True,False
186644,5014,79,15000000.0,False,True,False
186664,2649,36,3500000.0,False,True,True
186796,3,1,400000.0,False,True,True
186862,9516,117,3000000.0,False,True,False
186891,2010,28,1200000.0,False,True,True
186988,2748,85,1250000.0,False,True,True
186997,4507,92,6000000.0,False,True,True
187047,252,10,2500000.0,False,True,True
187090,1623,22,1500000.0,False,True,True
187105,3975,55,3500000.0,False,True,True
187245,5211,74,5000000.0,False,True,True
187285,68,1,250000.0,False,True,True
187392,2867,61,1500000.0,False,True,True
187491,10157,119,15000000.0,False,True,False
187492,24988,383,50000000.0,True,True,False
187496,91,5,500000.0,False,True,True
187499,787,22,600000.0,False,True,True
187530,93,2,6000000.0,False,True,True
187587,11897,223,40000000.0,True,True,False
187624,3286,37,1500000.0,False,True,True
187674,13,1,100000.0,False,True,True
187759,1242,17,1500000.0,False,True,True
187847,7087,130,5000000.0,False,True,True
187896,218,5,1500000.0,False,True,True
188157,4331,93,3000000.0,False,True,True
188335,139,4,2500000.0,False,True,True
188338,91,3,4000000.0,False,True,True
188498,1388,36,2800000.0,False,True,True
188501,646,18,750000.0,False,True,True
188651,159,11,3000000.0,False,True,True
188838,10267,126,3000000.0,False,True,False
188853,1719,44,12000000.0,False,True,False
188854,18893,297,20000000.0,False,True,False
188862,746,11,2500000.0,True,True,False
188888,9521,164,17000000.0,False,True,False
188930,1530,17,1500000.0,False,True,True
189070,2209,51,3000000.0,False,True,True
189073,1857,30,4500000.0,False,True,True
189283,8,1,550000.0,False,True,True
189340,1007,13,2000000.0,False,True,True
189410,556,18,4500000.0,False,True,True
189441,21105,326,50000000.0,True,True,False
189452,3569,51,2500000.0,False,True,True
189453,5819,74,4000000.0,True,True,False
189458,4602,56,4000000.0,False,True,True
189475,6038,87,6000000.0,False,True,True
189525,180,2,600000.0,False,True,True
189735,61,2,600000.0,False,True,True
189740,46,4,5500000.0,False,True,True
189744,4230,47,3000000.0,False,True,True
189940,4398,85,1500000.0,False,True,True
190206,20,1,800000.0,False,True,True
190263,15615,174,10000000.0,False,True,False
190269,188,6,600000.0,False,True,True
190284,26129,318,30000000.0,False,True,False
190289,6513,135,4500000.0,False,True,True
190333,771,31,2000000.0,False,True,True
190338,5890,72,5000000.0,False,True,True
190393,21402,305,45000000.0,True,True,False
190634,1606,25,1500000.0,False,True,True
190685,11780,196,9000000.0,True,True,False
190780,10216,144,16000000.0,False,True,False
190786,15379,173,5000000.0,False,True,False
190804,470,14,6000000.0,False,True,True
190831,829,17,3000000.0,False,True,True
190911,75,2,500000.0,False,True,True
191056,15863,177,15000000.0,False,True,False
191182,776,13,300000.0,False,True,True
191217,21369,268,40000000.0,True,True,False
191407,6256,78,3500000.0,False,True,True
191422,11765,208,18000000.0,True,True,False
191614,8867,139,50000000.0,True,True,False
191866,180,2,350000.0,False,True,True
191891,11100,218,40000000.0,True,True,False
191895,230,11,2000000.0,False,True,True
191903,951,13,2500000.0,False,True,True
191987,4157,51,7500000.0,False,True,False
192009,13344,255,12000000.0,False,True,False
192080,22199,248,20000000.0,False,True,False
192167,1508,20,2500000.0,False,True,True
192169,7050,90,2000000.0,False,True,True
192266,17,1,350000.0,False,True,True
192279,18513,208,60000000.0,True,True,False
192294,742,12,800000.0,False,True,True
192300,3525,57,2500000.0,False,True,True
192347,108,8,1450000.0,False,True,True
192492,8765,101,3000000.0,False,True,True
192565,18590,290,100000000.0,True,True,False
192611,90,1,1000000.0,True,True,False
192616,4020,69,5000000.0,False,True,True
192635,27204,318,35000000.0,False,True,False
192637,5,1,2250000.0,False,True,True
192638,2697,60,3500000.0,False,True,True
192735,21019,278,40000000.0,True,True,False
192736,2304,62,3000000.0,False,True,True
192765,24155,316,25000000.0,True,True,False
192774,7380,124,9000000.0,False,True,False
192875,7473,91,5000000.0,False,True,True
192886,60,1,350000.0,False,True,True
193004,21887,254,24000000.0,True,True,False
193006,13,1,800000.0,False,True,True
193033,6964,93,17000000.0,False,True,False
193050,203,10,550000.0,False,True,True
193098,17289,232,20000000.0,False,True,False
193116,18837,233,32000000.0,False,True,False
193130,3776,79,5000000.0,False,True,True
193142,2667,30,2000000.0,False,True,True
193153,26,2,2900000.0,False,True,True
193469,4417,50,12000000.0,False,True,False
193515,3110,47,4000000.0,False,True,True
193584,209,15,950000.0,False,True,True
193593,267,5,2500000.0,False,True,True
193782,6160,146,20000000.0,False,True,False
193784,10800,135,3000000.0,False,True,False
193830,752,13,6000000.0,False,True,True
193859,2075,33,3000000.0,False,True,True
193867,5568,104,3000000.0,False,True,True
193877,187,11,2000000.0,False,True,True
193900,14710,236,10000000.0,True,True,False
193938,10217,162,8000000.0,False,True,False
194218,2000,27,1500000.0,False,True,True
194460,3190,50,7000000.0,False,True,True
194549,5397,97,8000000.0,False,True,False
194638,6298,115,5000000.0,False,True,True
195002,302,5,700000.0,False,True,True
195051,389,10,2500000.0,True,True,False
195171,13648,253,18000000.0,True,True,False
195199,499,7,400000.0,False,True,True
195246,8655,151,6500000.0,False,True,True
195332,33,1,3200000.0,False,True,True
195488,16762,188,4000000.0,True,True,False
195605,1845,42,3000000.0,True,True,False
195633,13978,169,7000000.0,False,True,False
195652,5775,119,10000000.0,True,True,False
195676,74,1,450000.0,False,True,True
195680,1960,28,5000000.0,False,True,True
195736,17308,229,25000000.0,False,True,False
195778,19701,221,16000000.0,True,True,False
195781,21,2,300000.0,False,True,True
195782,692,23,1500000.0,False,True,True
195810,4133,68,8000000.0,False,True,False
195906,168,10,7000000.0,False,True,True
196095,7501,181,20000000.0,False,True,False
196227,294,9,3000000.0,False,True,True
196231,11800,168,10000000.0,False,True,False
196316,2,1,,False,True,False
196357,28140,335,40000000.0,True,True,False
196382,90,1,800000.0,False,True,True
196435,3775,60,3000000.0,False,True,True
196522,6083,145,15000000.0,False,True,False
196524,95,3,3500000.0,False,True,True
196770,84,3,500000.0,False,True,True
196792,16634,203,30000000.0,True,True,False
196815,318,16,1000000.0,False,True,True
196829,675,8,7000000.0,False,True,True
196834,244,4,3000000.0,False,True,True
196836,9,2,800000.0,False,True,True
196948,17298,226,40000000.0,True,True,False
197122,7487,99,2500000.0,False,True,True
197126,2700,76,3000000.0,False,True,True
197131,103,2,700000.0,False,True,True
197135,15243,205,15000000.0,False,True,False
197300,12281,235,45000000.0,True,True,False
197333,45,3,1500000.0,False,True,True
197470,9912,127,25000000.0,True,True,False
197471,14706,240,20000000.0,True,True,False
197473,15576,248,7000000.0,False,True,False
197482,19,1,375000.0,False,True,True
197491,9439,128,2500000.0,False,True,False
197545,17089,230,7500000.0,False,True,False
197576,12,1,900000.0,False,True,True
197602,1079,15,14000000.0,False,True,False
197642,665,18,12000000.0,True,True,False
197693,1,1,7000000.0,True,True,False
197743,2208,39,1000000.0,False,True,True
197744,6,1,400000.0,False,True,True
197745,1203,22,1000000.0,False,True,True
197747,30932,367,50000000.0,True,True,False
197751,3021,90,7500000.0,False,True,False
197838,28691,371,20000000.0,False,True,False
197857,838,19,800000.0,False,True,True
197860,4963,57,6000000.0,False,True,True
197929,17964,200,14000000.0,False,True,False
198006,1569,25,3500000.0,False,True,True
198008,14405,238,45000000.0,True,True,False
198027,575,21,800000.0,False,True,True
198047,737,17,1500000.0,False,True,True
198067,6909,84,3500000.0,False,True,True
198086,2281,48,4000000.0,True,True,False
198116,15207,240,60000000.0,True,True,False
198400,14,1,800000.0,False,True,True
198473,1031,32,1000000.0,False,True,True
198495,38,3,3000000.0,False,True,True
198513,59,3,1800000.0,False,True,True
198529,136,2,675000.0,False,True,True
198589,547,8,5500000.0,False,True,True
198613,552,9,1000000.0,False,True,True
198619,22,3,250000.0,False,True,True
198709,6792,80,3000000.0,False,True,True
198728,111,11,1500000.0,False,True,True
198976,20,3,400000.0,False,True,True
199132,1890,37,1000000.0,False,True,True
199134,1,1,200000.0,False,True,True
199243,114,6,600000.0,False,True,True
199248,24958,340,25000000.0,True,True,False
199258,14939,253,20000000.0,True,True,False
199274,1232,37,1800000.0,False,True,True
199321,11290,129,10000000.0,False,True,False
199330,270,3,700000.0,False,True,True
199369,12783,223,10000000.0,True,True,False
199527,10965,218,16000000.0,False,True,False
199528,1955,38,10000000.0,False,True,False
199633,6193,94,2500000.0,False,True,True
199704,20240,235,2500000.0,False,True,False
199733,15601,266,10000000.0,False,True,False
199758,25,1,75000.0,False,True,True
199763,1,1,150000.0,False,True,True
199927,8943,116,4500000.0,False,True,True
199941,2377,30,2000000.0,False,True,True
199976,18510,209,10000000.0,True,True,False
200056,23637,315,25000000.0,True,True,False
200127,153,2,300000.0,False,True,True
200174,1608,31,2500000.0,False,True,True
200185,22,1,100000.0,False,True,True
200188,2155,33,5000000.0,False,True,True
200194,4717,71,3000000.0,True,True,False
200320,558,8,400000.0,False,True,True
200512,22106,288,150000000.0,True,True,False
200525,90,1,100000.0,False,True,True
200558,4472,62,5000000.0,False,True,True
200612,3,1,300000.0,False,True,True
200777,3167,48,10000000.0,True,True,False
200782,582,11,4500000.0,True,True,False
201040,14826,231,20000000.0,True,True,False
201135,1187,18,1000000.0,False,True,True
201311,1755,35,5000000.0,False,True,True
201497,745,13,1500000.0,False,True,True
201574,2835,32,10000000.0,False,True,False
201734,32,2,375000.0,False,True,True
201737,12715,150,6500000.0,False,True,False
201861,347,17,1200000.0,False,True,True
202035,1249,21,1750000.0,False,True,True
202228,15453,197,12000000.0,True,True,False
202278,11755,176,9000000.0,False,True,False
202318,5364,85,5500000.0,False,True,True
202591,14631,227,20000000.0,False,True,False
202886,12777,233,30000000.0,True,True,False
202925,239,10,1400000.0,False,True,True
202979,224,6,5000000.0,False,True,True
202984,14148,201,12000000.0,False,True,False
203026,2745,31,10000000.0,True,True,False
203043,17500,224,5000000.0,False,True,False
203055,9,1,75000.0,False,True,True
203057,6,1,50000.0,False,True,True
203108,249,10,600000.0,False,True,True
203324,60,2,600000.0,False,True,True
203348,9608,116,20000000.0,False,True,False
203378,1743,57,4000000.0,False,True,True
203394,13994,232,20000000.0,True,True,False
203412,5205,106,12000000.0,False,True,False
203460,14396,210,100000000.0,True,True,False
203464,32,1,250000.0,False,True,True
203470,98,5,500000.0,False,True,True
203496,20685,280,70000000.0,False,True,False
203504,1495,48,3500000.0,False,True,True
203507,8387,158,6000000.0,False,True,True
203516,1450,45,800000.0,False,True,True
203517,8231,113,2000000.0,False,True,True
203532,113,2,2500000.0,False,True,True
203540,1142,18,1250000.0,False,True,True
203617,2380,32,2000000.0,False,True,True
203655,1873,29,2500000.0,False,True,True
203746,16382,227,12000000.0,False,True,False
203764,2505,44,1500000.0,False,True,True
203778,3222,42,1500000.0,False,True,True
203784,18,1,350000.0,False,True,True
203853,10213,150,42000000.0,True,True,False
204069,22006,260,65000000.0,True,True,False
204097,102,3,250000.0,False,True,True
204102,2201,26,5000000.0,True,True,False
204103,13305,283,40000000.0,True,True,False
204195,21,1,500000.0,False,True,True
204198,12071,145,10000000.0,False,True,False
204294,3445,83,5000000.0,False,True,True
204347,15,2,1000000.0,False,True,True
204354,23,3,250000.0,False,True,True
204585,2038,27,1250000.0,False,True,True
205006,8026,113,15000000.0,True,True,False
205023,118,5,1300000.0,False,True,True
205054,8458,114,1500000.0,True,True,False
205179,5,1,2500000.0,False,True,True
205465,3791,45,1500000.0,False,True,True
205497,2251,26,600000.0,False,True,True
205503,12066,167,15000000.0,False,True,False
205519,779,18,500000.0,False,True,True
205550,471,12,5000000.0,False,True,True
205562,15852,281,70000000.0,True,True,False
205569,3890,70,5000000.0,False,True,True
205587,8778,146,5000000.0,False,True,True
205646,426,8,500000.0,False,True,True
205657,3165,37,4500000.0,True,True,False
205677,814,32,1800000.0,True,True,False
205809,4093,60,1500000.0,False,True,True
205938,19874,334,28000000.0,True,True,False
205940,4532,116,18000000.0,True,True,False
206040,16787,233,50000000.0,False,True,False
206050,25197,370,110000000.0,True,True,False
206225,8407,118,10000000.0,False,True,False
206386,8646,117,9000000.0,True,True,False
206542,11552,189,13000000.0,False,True,False
206746,12234,165,15000000.0,False,True,False
206808,164,4,800000.0,False,True,True
206912,6188,111,5000000.0,False,True,True
206947,5691,92,5000000.0,False,True,True
207006,906,15,5000000.0,False,True,True
207014,13166,214,18000000.0,False,True,False
207015,869,31,14000000.0,True,True,False
207037,111,2,1200000.0,False,True,True
207302,15058,170,20000000.0,True,True,False
207578,86,3,2000000.0,False,True,True
207590,47,2,200000.0,False,True,True
207592,775,19,1500000.0,False,True,True
207597,932,33,3500000.0,False,True,True
207715,9871,142,6500000.0,True,True,False
207834,14014,158,18000000.0,False,True,False
207877,10965,206,30000000.0,False,True,False
207917,18626,275,15000000.0,True,True,False
207922,173,12,700000.0,False,True,True
207924,6961,113,5000000.0,False,True,True
207929,13832,195,100000000.0,True,True,False
207943,24,1,150000.0,False,True,True
208116,341,6,1500000.0,False,True,True
208166,11235,129,16000000.0,False,True,False
208167,2995,87,9000000.0,False,True,False
208244,1644,20,3000000.0,False,True,True
208542,1511,27,2500000.0,False,True,True
208690,953,23,6000000.0,True,True,False
208715,1831,33,2000000.0,False,True,True
208890,5482,104,7500000.0,False,True,False
208905,15,1,500000.0,False,True,True
209048,98,4,200000.0,False,True,True
209212,12364,194,22000000.0,False,True,False
209513,180,2,4000000.0,False,True,True
209649,483,15,7000000.0,False,True,True
209686,1,1,700000.0,False,True,True
209781,3335,65,13000000.0,False,True,False
209936,31,1,1400000.0,False,True,True
210081,12266,146,10000000.0,False,True,False
210142,14,1,150000.0,False,True,True
210143,1000,25,1500000.0,False,True,True
210153,1192,16,800000.0,False,True,True
210363,5054,100,4000000.0,False,True,True
211251,8969,185,10000000.0,False,True,False
211325,1140,13,15000000.0,False,True,False
211395,480,13,3500000.0,False,True,True
211397,143,8,5000000.0,False,True,True
211722,96,7,400000.0,False,True,True
212391,13093,226,10000000.0,False,True,False
212420,1275,15,500000.0,False,True,True
212718,133,5,6000000.0,False,True,True
212723,14725,208,22000000.0,False,True,False
212829,3095,35,12000000.0,False,True,False
212847,10715,138,25000000.0,False,True,False
212862,22086,246,25000000.0,False,True,False
212867,909,14,1500000.0,False,True,True
212899,141,6,2000000.0,False,True,True
212937,1420,47,3000000.0,False,True,True
213052,2092,25,1500000.0,False,True,True
213260,21287,346,10000000.0,False,True,False
213268,1852,50,18000000.0,False,True,False
213368,3341,70,3000000.0,False,True,True
213590,6,1,750000.0,False,True,True
213595,450,12,1500000.0,False,True,True
213614,2245,26,1800000.0,False,True,True
213670,14717,203,8000000.0,False,True,False
213751,2070,23,2000000.0,False,True,True
213841,2062,34,8000000.0,False,True,False
213911,6,3,100000.0,False,True,True
214056,7345,106,15000000.0,False,True,False
214104,420,15,2000000.0,True,True,False
214219,101,4,500000.0,False,True,True
214316,4050,80,20000000.0,True,True,False
214346,1544,23,6000000.0,False,True,True
214532,14280,261,2000000.0,False,True,False
214576,25,2,100000.0,False,True,True
214666,2777,39,8000000.0,False,True,False
214770,214,4,2000000.0,False,True,True
214775,9474,191,17000000.0,True,True,False
215089,237,9,500000.0,False,True,True
215099,3638,71,9000000.0,False,True,False
215114,14698,176,7000000.0,False,True,False
215118,12582,181,18000000.0,True,True,False
215390,1083,18,9000000.0,True,True,False
215528,332,9,,False,True,False
215599,14286,203,38000000.0,False,True,False
215616,12689,174,15000000.0,False,True,False
215652,2781,60,1500000.0,False,True,True
215653,455,14,1250000.0,False,True,True
215677,4136,49,2500000.0,False,True,True
215679,4099,84,8000000.0,True,True,False
215686,4326,74,3500000.0,False,True,True
215864,7966,143,11000000.0,False,True,False
215876,12769,162,40000000.0,False,True,False
215977,27098,376,9000000.0,False,True,False
216179,8363,155,30000000.0,True,True,False
216181,7393,114,8000000.0,False,True,False
216240,8709,105,6000000.0,False,True,True
216259,192,3,1500000.0,False,True,True
216375,464,11,5000000.0,False,True,True
216426,9579,120,5000000.0,False,True,False
216443,1562,25,15000000.0,False,True,False
216463,468,10,6000000.0,False,True,True
216464,4223,95,10000000.0,False,True,False
216499,9011,113,1500000.0,False,True,False
216508,1920,26,1000000.0,False,True,True
216569,14786,268,25000000.0,True,True,False
216597,26,1,700000.0,False,True,True
216714,1651,25,1500000.0,False,True,True
216870,12172,175,5000000.0,False,True,False
216872,7083,91,2500000.0,False,True,True
217115,13665,240,22000000.0,False,True,False
217144,4865,65,5000000.0,False,True,True
217149,123,2,400000.0,False,True,True
217285,14,1,500000.0,False,True,True
217593,16,2,3000000.0,False,True,True
217684,345,9,500000.0,False,True,True
217728,3112,42,5000000.0,False,True,True
217886,776,18,8000000.0,False,True,False
218011,665,25,500000.0,False,True,True
218058,234,6,1000000.0,False,True,True
218067,3100,51,3000000.0,False,True,True
218087,3559,61,3000000.0,False,True,True
218118,1373,30,13000000.0,True,True,False
218140,271,6,1500000.0,False,True,True
218144,25,3,200000.0,False,True,True
218299,151,8,1000000.0,False,True,True
218306,308,13,2000000.0,False,True,True
220656,971,18,3000000.0,False,True,True
220755,479,7,1000000.0,False,True,True
220793,4259,50,18000000.0,False,True,False
220805,15,1,1000000.0,True,True,False
220878,20295,276,3500000.0,False,True,False
221025,16207,257,30000000.0,True,True,False
221076,247,8,1000000.0,False,True,True
221150,25815,304,30000000.0,False,True,False
221309,9785,138,4000000.0,False,True,False
221315,4594,68,2000000.0,False,True,True
221316,18271,322,25000000.0,True,True,False
221321,6729,85,3000000.0,False,True,True
221322,25242,310,50000000.0,False,True,False
221540,112,5,8000000.0,False,True,False
221611,4533,60,8000000.0,False,True,False
221624,1710,19,10000000.0,True,True,False
221658,28,2,500000.0,False,True,True
221815,652,15,1500000.0,False,True,True
221899,15362,238,7000000.0,True,True,False
221986,1596,32,600000.0,False,True,True
222209,14850,166,25000000.0,False,True,False
222223,161,10,2500000.0,False,True,True
222571,67,4,400000.0,False,True,True
222813,4252,59,20000000.0,True,True,False
222859,15416,239,9000000.0,False,True,False
222876,3508,76,6000000.0,False,True,True
223047,37,1,1800000.0,False,True,True
223053,7286,104,1200000.0,False,True,True
223068,5889,83,3500000.0,False,True,True
223441,2,1,250000.0,False,True,True
223560,1169,25,5500000.0,False,True,True
223572,2079,31,1800000.0,False,True,True
223725,14018,267,12000000.0,True,True,False
223779,4,1,300000.0,False,True,True
223781,4,1,300000.0,False,True,True
223890,2539,34,1200000.0,False,True,True
223967,13592,217,32000000.0,True,True,False
223974,16655,219,14000000.0,False,True,False
223979,11423,150,28000000.0,False,True,False
224088,2081,41,5000000.0,False,True,True
224884,7291,95,15000000.0,True,True,False
225004,4124,79,4000000.0,False,True,True
225015,3737,51,1200000.0,False,True,True
225020,4774,116,22000000.0,True,True,False
225055,296,16,7000000.0,False,True,True
225083,21611,264,100000000.0,True,True,False
225122,14692,244,40000000.0,True,True,False
225161,14434,177,50000000.0,False,True,False
225335,7232,94,9000000.0,False,True,False
225452,649,24,7500000.0,True,True,False
225462,4984,101,800000.0,False,True,True
225591,43,5,1300000.0,False,True,True
225593,8225,152,3000000.0,False,True,True
225657,16992,209,20000000.0,False,True,False
225693,25930,319,70000000.0,True,True,False
225873,17082,255,15000000.0,False,True,False
225874,12,1,400000.0,False,True,True
225984,3818,52,15000000.0,False,True,False
226005,24,1,2800000.0,False,True,True
226006,1023,12,2000000.0,False,True,True
226009,2822,40,3000000.0,False,True,True
226012,27714,309,18000000.0,False,True,False
226025,5737,107,4000000.0,True,True,False
226074,4435,80,10000000.0,False,True,False
226085,184,5,3500000.0,False,True,True
226093,551,14,1300000.0,False,True,True
226273,74,5,150000.0,False,True,True
226276,66,4,200000.0,False,True,True
226288,8,1,600000.0,False,True,True
226450,2483,37,2500000.0,False,True,True
226524,12708,194,7000000.0,False,True,False
226964,1,1,250000.0,False,True,True
226965,8,1,250000.0,False,True,True
226968,750,20,1000000.0,False,True,True
226973,7184,131,18000000.0,False,True,False
227081,12996,253,38000000.0,True,True,False
227085,2,1,250000.0,False,True,True
227087,1,1,700000.0,False,True,True
227102,232,13,2800000.0,False,True,True
227110,7181,97,13000000.0,False,True,False
227183,415,22,3500000.0,False,True,True
227185,3,1,500000.0,False,True,True
227240,3676,72,1250000.0,False,True,True
227356,14,2,300000.0,False,True,True
227805,6874,78,7500000.0,False,True,False
227961,10758,206,10000000.0,False,True,False
227965,35,2,200000.0,False,True,True
227967,8,1,900000.0,False,True,True
227974,10,1,750000.0,False,True,True
228433,14944,186,25000000.0,False,True,False
228434,956,26,700000.0,False,True,True
228584,4301,54,2000000.0,False,True,True
228604,77,5,1000000.0,False,True,True
228645,14421,183,30000000.0,True,True,False
228761,9374,147,10000000.0,False,True,False
228891,5567,87,2000000.0,False,True,True
228900,3,1,600000.0,False,True,True
228917,8636,117,3500000.0,False,True,True
228948,17248,231,35000000.0,True,True,False
228975,1334,16,3000000.0,False,True,True
228999,116,6,750000.0,False,True,True
229004,8134,136,50000000.0,True,True,False
229005,9315,123,35000000.0,True,True,False
229006,14998,213,12000000.0,False,True,False
229007,22,2,1400000.0,False,True,True
229604,25602,285,14000000.0,False,True,False
229695,2315,33,5000000.0,True,True,False
229804,17166,243,20000000.0,False,True,False
229817,25,2,3000000.0,False,True,True
229826,15,2,900000.0,False,True,True
229853,7741,101,2000000.0,False,True,True
229970,121,4,6000000.0,True,True,False
230058,634,15,5000000.0,False,True,True
230066,2334,30,3000000.0,False,True,True
230166,4545,53,1800000.0,False,True,True
230210,95,7,800000.0,False,True,True
230221,961,25,1000000.0,False,True,True
230222,690,9,800000.0,False,True,True
230457,775,15,4500000.0,False,True,True
230485,15,1,250000.0,False,True,True
230541,6264,117,10000000.0,False,True,False
230552,11557,170,18000000.0,True,True,False
230611,905,21,1800000.0,False,True,True
230784,21193,318,50000000.0,True,True,False
230895,90,1,800000.0,False,True,True
231011,19,1,250000.0,False,True,True
231025,6765,109,1500000.0,False,True,True
231378,1081,16,3000000.0,False,True,True
231381,810,9,650000.0,False,True,True
231572,18939,247,40000000.0,True,True,False
231586,4104,66,4000000.0,False,True,True
231614,457,10,6000000.0,False,True,True
231916,288,8,700000.0,False,True,True
231941,1928,31,2000000.0,False,True,True
232144,1743,43,2200000.0,True,True,False
232271,13479,221,15000000.0,False,True,False
232418,15372,220,17000000.0,False,True,False
232454,17961,295,22000000.0,False,True,False
232854,921,15,1000000.0,False,True,True
232859,347,12,5500000.0,False,True,True
232895,6047,83,8000000.0,False,True,False
233124,2571,32,8000000.0,False,True,False
233654,255,10,800000.0,False,True,True
233782,2033,38,10000000.0,False,True,False
233998,16,1,650000.0,False,True,True
234006,1985,55,1500000.0,False,True,True
234029,10700,150,7500000.0,False,True,False
234189,3128,56,11000000.0,False,True,False
234193,664,9,4000000.0,False,True,True
234249,285,12,1800000.0,False,True,True
234375,667,14,2000000.0,False,True,True
234523,18197,304,10000000.0,True,True,False
234625,184,4,750000.0,False,True,True
234781,12492,248,18000000.0,False,True,False
234802,11324,154,5000000.0,False,True,False
234803,26411,332,80000000.0,True,True,False
234811,14068,157,15000000.0,False,True,False
234880,530,6,200000.0,False,True,True
235371,180,2,200000.0,False,True,True
235412,3539,51,2000000.0,False,True,True
235413,1122,21,3250000.0,False,True,True
235540,2658,43,4000000.0,False,True,True
235931,9985,182,2000000.0,False,True,False
236041,13629,199,8000000.0,False,True,False
236045,10067,135,12000000.0,False,True,False
236202,761,20,11000000.0,False,True,False
236400,16281,197,16000000.0,False,True,False
236414,618,21,1000000.0,False,True,True
236490,15533,211,22000000.0,True,True,False
236510,855,23,3000000.0,True,True,False
236513,168,11,1500000.0,True,True,False
236734,810,9,1500000.0,True,True,False
236783,1148,27,1000000.0,False,True,True
236953,4107,61,4500000.0,False,True,True
236956,1088,14,1000000.0,False,True,True
236981,8200,93,8500000.0,False,True,False
237000,480,10,1000000.0,False,True,True
237125,2365,39,7000000.0,False,True,True
237162,1819,25,2500000.0,False,True,True
237164,12857,202,16000000.0,False,True,False
237456,9,2,375000.0,False,True,True
237466,50,1,10000.0,False,True,True
237499,2757,42,900000.0,False,True,True
237617,2096,55,1500000.0,False,True,True
237662,13488,233,22000000.0,False,True,False
237669,1193,42,5000000.0,False,True,True
237732,43,4,400000.0,False,True,True
238032,360,4,450000.0,False,True,True
238185,122,8,3000000.0,False,True,True
238223,24516,276,70000000.0,True,True,False
238266,14984,186,25000000.0,False,True,False
238291,591,10,1000000.0,False,True,True
238407,12161,217,25000000.0,True,True,False
238486,2203,41,5000000.0,False,True,True
238537,14715,164,5000000.0,False,True,False
238584,740,14,1200000.0,False,True,True
238585,1487,20,1000000.0,False,True,True
238626,13470,163,3000000.0,False,True,False
238628,17,1,,False,True,False
238630,1146,35,1000000.0,False,True,True
238639,15267,237,10000000.0,False,True,False
238716,2974,43,2000000.0,False,True,True
238717,746,18,800000.0,False,True,True
238720,2514,29,2500000.0,False,True,True
238752,12138,240,30000000.0,True,True,False
238809,5735,72,7000000.0,False,True,True
238865,434,11,700000.0,False,True,True
238868,12791,216,10000000.0,False,True,False
238947,173,3,2300000.0,True,True,False
238951,1,1,300000.0,True,True,False
238977,535,17,2000000.0,False,True,True
238981,1292,45,2000000.0,False,True,True
238993,8173,92,6000000.0,True,True,False
239570,90,1,650000.0,False,True,True
239802,22260,280,10000000.0,False,True,False
239941,739,27,7500000.0,False,True,False
239962,4609,70,8000000.0,False,True,False
239972,90,1,400000.0,False,True,True
240039,861,12,350000.0,False,True,True
240077,21,1,75000.0,False,True,True
240158,8102,96,5000000.0,False,True,True
240197,114,2,1000000.0,True,True,False
240219,7829,129,3000000.0,False,True,True
240244,3606,54,1000000.0,False,True,True
240260,1,1,600000.0,False,True,True
240306,26954,349,90000000.0,True,True,False
240349,1542,35,800000.0,False,True,True
240365,54,2,800000.0,True,True,False
240408,190,5,500000.0,False,True,True
240414,16680,188,40000000.0,True,True,False
240415,115,7,2200000.0,False,True,True
240497,467,13,1200000.0,False,True,True
240692,11701,165,25000000.0,True,True,False
240786,11379,142,3000000.0,False,True,False
240889,18,1,700000.0,False,True,True
240892,3306,52,3500000.0,False,True,True
240897,4844,68,2800000.0,False,True,True
240900,1610,29,8000000.0,True,True,False
240955,6,1,150000.0,False,True,True
240958,3889,59,6000000.0,True,True,False
241109,398,15,400000.0,False,True,True
241119,4013,106,15000000.0,True,True,False
241162,8,1,250000.0,False,True,True
241229,14049,187,16000000.0,False,True,False
241231,6683,75,5500000.0,False,True,True
241307,1971,32,600000.0,False,True,True
241325,14,1,400000.0,False,True,True
241457,248,4,4500000.0,False,True,True
241481,3421,80,8000000.0,False,True,False
241527,8260,177,5000000.0,True,True,False
241641,28996,405,100000000.0,True,True,False
241889,4599,66,8000000.0,False,True,False
242078,3278,40,1900000.0,False,True,True
242086,14757,249,50000000.0,True,True,False
242235,10,1,75000.0,False,True,True
242273,11978,152,7000000.0,True,True,False
242295,562,11,1000000.0,False,True,True
242301,90,1,700000.0,False,True,True
242359,16169,181,20000000.0,True,True,False
242497,8983,144,7500000.0,False,True,False
242532,2573,65,2500000.0,False,True,True
242548,6429,105,5000000.0,False,True,True
242606,3587,46,13000000.0,False,True,False
242631,22248,320,32000000.0,True,True,False
242638,1544,24,5000000.0,False,True,True
242813,586,13,2300000.0,False,True,True
242827,180,2,300000.0,False,True,True
242940,14437,184,3000000.0,False,True,False
242965,13,2,500000.0,False,True,True
243028,15676,184,25000000.0,False,True,False
243188,2859,88,10000000.0,False,True,False
243225,168,6,1000000.0,False,True,True
243239,1589,25,2500000.0,False,True,True
243541,6153,105,5000000.0,False,True,True
243589,482,26,6000000.0,True,True,False
243606,3417,91,4000000.0,False,True,True
243714,14192,245,65000000.0,True,True,False
243725,163,4,2500000.0,False,True,True
243737,627,24,700000.0,False,True,True
244061,764,16,500000.0,False,True,True
244125,18,1,500000.0,False,True,True
244130,81,3,500000.0,False,True,True
244192,12306,139,17000000.0,True,True,False
244275,112,9,26000000.0,True,True,False
244927,107,7,800000.0,False,True,True
244940,9268,177,17000000.0,True,True,False
245014,9917,148,20000000.0,False,True,False
245030,2175,28,5000000.0,False,True,True
245034,719,11,4500000.0,False,True,True
245048,484,6,3000000.0,False,True,True
245056,16519,259,15000000.0,False,True,False
245072,3285,76,3000000.0,False,True,True
245078,4754,112,10000000.0,False,True,False
245083,905,15,1000000.0,False,True,True
245134,90,1,150000.0,False,True,True
245537,17668,250,20000000.0,True,True,False
245744,8515,150,4000000.0,False,True,True
245805,321,15,5000000.0,True,True,False
245893,1686,21,3000000.0,True,True,False
246277,4621,100,3000000.0,False,True,True
246291,22189,275,25000000.0,True,True,False
246579,233,7,7000000.0,False,True,True
246877,1555,26,1500000.0,False,True,True
246968,20818,328,30000000.0,False,True,False
247189,1201,19,650000.0,False,True,True
247250,13369,172,10000000.0,False,True,False
247300,520,6,400000.0,False,True,True
247377,9191,125,7000000.0,False,True,False
247380,72,3,650000.0,False,True,True
247459,2168,53,6000000.0,False,True,True
247555,10967,181,8000000.0,False,True,False
247647,1,1,100000.0,False,True,True
247661,6258,83,4000000.0,False,True,True
248045,1936,37,3000000.0,False,True,True
248054,69,2,6000000.0,False,True,True
248213,43,1,600000.0,False,True,True
248330,4223,59,3000000.0,False,True,True
248333,35,2,300000.0,False,True,True
248732,9372,139,5000000.0,False,True,False
248738,18867,211,8000000.0,False,True,False
248999,16835,264,6500000.0,False,True,False
249089,13094,190,20000000.0,False,True,False
249126,10098,170,40000000.0,True,True,False
249157,4472,103,3500000.0,False,True,True
249303,210,9,2500000.0,False,True,True
249356,1843,29,4000000.0,False,True,True
249459,63,1,700000.0,False,True,True
249513,17798,224,10000000.0,False,True,False
249552,1060,18,2000000.0,True,True,False
249565,22035,291,55000000.0,False,True,False
249636,8285,96,3000000.0,False,True,True
249730,17711,221,15000000.0,False,True,False
249952,1054,20,5000000.0,False,True,True
250010,18,2,1100000.0,False,True,True
250013,14241,234,12000000.0,False,True,False
250030,50,1,750000.0,False,True,True
250426,5383,102,18000000.0,False,True,False
250431,6,1,125000.0,False,True,True
250478,12294,164,17000000.0,False,True,False
250779,16673,197,8000000.0,False,True,False
250844,18769,221,10000000.0,False,True,False
250845,19468,248,70000000.0,True,True,False
250937,1,1,300000.0,False,True,True
251058,1,1,500000.0,True,True,False
251075,17295,224,20000000.0,True,True,False
251106,14331,257,25000000.0,False,True,False
251289,152,4,500000.0,False,True,True
251295,394,7,1200000.0,True,True,False
251302,7930,118,10000000.0,True,True,False
251303,3612,73,10000000.0,False,True,False
251309,7786,125,13000000.0,False,True,False
251664,7322,85,50000000.0,False,True,False
251680,759,19,2000000.0,False,True,True
251845,3769,81,14000000.0,True,True,False
251846,90,1,1500000.0,False,True,True
251848,4536,87,5000000.0,False,True,True
251876,17645,219,10000000.0,False,True,False
251878,22650,288,20000000.0,False,True,False
251883,5,1,700000.0,False,True,True
251888,1,1,250000.0,False,True,True
251892,1890,21,2500000.0,False,True,True
251896,5737,84,15000000.0,True,True,False
251897,3637,118,4500000.0,False,True,True
252345,4069,67,5000000.0,False,True,True
252641,5919,110,15000000.0,False,True,False
252677,22028,332,10000000.0,False,True,False
252688,30,1,300000.0,False,True,True
252755,106,5,4000000.0,False,True,True
252767,5126,75,2800000.0,False,True,True
252779,14,1,250000.0,False,True,True
253125,62,5,500000.0,False,True,True
253267,5,1,500000.0,False,True,True
253316,2951,46,1500000.0,False,True,True
253341,6979,98,18000000.0,True,True,False
253677,15772,189,32000000.0,False,True,False
253765,9459,116,15000000.0,False,True,False
253839,4623,77,5000000.0,True,True,False
253842,2232,36,3000000.0,False,True,True
253857,212,10,700000.0,False,True,True
253892,13,1,1500000.0,False,True,True
254039,162,4,500000.0,False,True,True
254290,214,12,6000000.0,False,True,True
254358,469,8,900000.0,False,True,True
254476,90,1,200000.0,False,True,True
254934,2669,30,3000000.0,False,True,True
255220,6817,123,2000000.0,False,True,True
255284,5246,66,7500000.0,False,True,False
255294,1530,17,2000000.0,False,True,True
255322,2700,30,2000000.0,False,True,True
255473,293,9,3000000.0,False,True,True
255488,17965,216,30000000.0,False,True,False
255493,1,1,,False,True,False
255501,12913,212,7500000.0,False,True,False
255508,30301,407,50000000.0,False,True,False
255653,15549,268,30000000.0,False,True,False
255744,13278,163,7000000.0,False,True,False
255755,5355,78,40000000.0,True,True,False
255901,23435,345,40000000.0,True,True,False
255916,8513,109,8000000.0,True,True,False
255930,135,2,400000.0,False,True,True
255942,26479,338,80000000.0,True,True,False
255984,376,8,300000.0,False,True,True
255995,39,4,4000000.0,False,True,True
256008,9,1,500000.0,False,True,True
256120,968,15,4000000.0,False,True,True
256178,10674,170,42000000.0,True,True,False
256339,18829,210,15000000.0,True,True,False
256358,1958,42,13500000.0,False,True,False
256361,6868,144,5000000.0,True,True,False
256429,10201,185,7500000.0,False,True,False
256448,23362,283,30000000.0,True,True,False
256567,1080,12,2000000.0,False,True,True
256678,5199,66,7000000.0,False,True,True
256680,4564,86,3000000.0,False,True,True
256866,3384,44,10000000.0,False,True,False
256902,1846,22,1250000.0,False,True,True
256977,5265,93,25000000.0,False,True,False
256996,90,1,400000.0,False,True,True
257062,14932,210,6000000.0,False,True,False
257118,29,1,600000.0,False,True,True
257376,15405,187,12000000.0,False,True,False
257448,7118,111,35000000.0,True,True,False
257459,745,17,1250000.0,False,True,True
257462,6905,155,60000000.0,True,True,False
257474,15555,173,20000000.0,True,True,False
257660,273,4,400000.0,False,True,True
257732,17504,203,25000000.0,True,True,False
257814,17751,199,40000000.0,True,True,False
257831,15,1,75000.0,False,True,True
257851,14092,180,10000000.0,False,True,False
257968,90,1,325000.0,False,True,True
258011,17,1,1000000.0,False,True,True
258027,7149,144,30000000.0,True,True,False
258188,1161,29,1000000.0,False,True,True
258216,169,4,3000000.0,False,True,True
258254,9488,109,18000000.0,False,True,False
258374,93,6,3500000.0,False,True,True
258482,1260,14,1500000.0,False,True,True
258519,2008,39,2000000.0,False,True,True
258879,692,10,3000000.0,True,True,False
258883,8515,110,12000000.0,False,True,False
258886,90,1,400000.0,True,True,False
258889,11980,176,45000000.0,True,True,False
258912,2,1,1500000.0,False,True,True
258916,984,21,3000000.0,False,True,True
258917,10,1,400000.0,False,True,True
258919,14355,160,28000000.0,True,True,False
258923,21884,329,85000000.0,True,True,False
258924,14,1,750000.0,True,True,False
259025,1291,30,6000000.0,False,True,True
259350,4169,96,7500000.0,False,True,False
259930,555,20,3000000.0,False,True,True
259953,10710,181,10000000.0,True,True,False
260053,15607,175,12000000.0,False,True,False
260166,6686,92,7000000.0,False,True,True
260230,364,5,500000.0,False,True,True
260655,4094,78,7000000.0,False,True,True
260806,4109,79,7000000.0,False,True,True
260827,22543,258,35000000.0,False,True,False
261095,543,7,850000.0,False,True,True
261155,939,14,1000000.0,False,True,True
261357,112,3,500000.0,True,True,False
261406,11,2,650000.0,False,True,True
261502,73,3,1500000.0,False,True,True
261504,12689,194,25000000.0,True,True,False
261611,4583,68,3800000.0,False,True,True
261738,19,1,350000.0,False,True,True
261905,15933,245,25000000.0,False,True,False
261927,2302,48,20000000.0,False,True,False
262117,50,1,1800000.0,False,True,True
262226,19118,254,28000000.0,False,True,False
262365,7604,129,7500000.0,False,True,False
262391,299,4,1500000.0,False,True,True
262396,21161,237,30000000.0,False,True,False
262523,16120,221,25000000.0,True,True,False
262545,163,3,500000.0,True,True,False
262597,9,1,1750000.0,False,True,True
262608,3176,57,10000000.0,False,True,False
262689,3008,44,3500000.0,False,True,True
262939,15666,225,5000000.0,False,True,False
262980,19705,251,25000000.0,False,True,False
263027,7,1,900000.0,False,True,True
263183,1358,31,7500000.0,False,True,False
263214,5,1,300000.0,False,True,True
263236,15340,193,25000000.0,True,True,False
263267,75,5,5000000.0,False,True,True
263294,561,9,600000.0,False,True,True
263361,3908,50,14000000.0,False,True,False
263482,427,14,9000000.0,False,True,False
263627,3765,54,1000000.0,False,True,True
263685,432,11,1200000.0,False,True,True
263727,14248,212,30000000.0,False,True,False
263801,2896,42,8500000.0,False,True,False
263843,1576,41,4000000.0,False,True,True
263856,11764,173,10000000.0,False,True,False
263860,6545,116,6000000.0,False,True,True
263918,14404,206,30000000.0,False,True,False
264046,45,1,1200000.0,False,True,True
264116,1596,56,15000000.0,False,True,False
264140,4092,49,5000000.0,False,True,True
264199,142,4,100000.0,False,True,True
264220,2079,27,3000000.0,False,True,True
264514,70,4,2500000.0,False,True,True
264567,3671,77,4000000.0,False,True,True
264956,2706,85,25000000.0,True,True,False
265077,180,2,200000.0,False,True,True
265078,8749,190,30000000.0,True,True,False
265088,23250,315,35000000.0,True,True,False
265132,315,4,150000.0,False,True,True
265254,495,11,1250000.0,False,True,True
265471,132,4,7000000.0,False,True,True
265504,3212,60,6000000.0,False,True,True
265569,6534,91,10000000.0,False,True,False
265763,1281,41,2000000.0,False,True,True
266302,21564,267,90000000.0,False,True,False
266359,19889,261,18000000.0,False,True,False
266795,15258,237,5000000.0,False,True,False
266807,16432,335,45000000.0,True,True,False
267101,144,3,650000.0,False,True,True
267420,187,5,5000000.0,False,True,True
267676,121,7,6000000.0,False,True,True
268176,2455,31,6000000.0,False,True,True
268178,8243,113,4000000.0,False,True,True
268426,2,1,1800000.0,False,True,True
268555,1926,45,2000000.0,False,True,True
268670,12004,195,3500000.0,True,True,False
268946,245,3,1500000.0,False,True,True
268949,54,1,1500000.0,False,True,True
268957,90,1,1200000.0,False,True,True
268958,333,9,1500000.0,False,True,True
269878,5805,114,6500000.0,False,True,True
270051,14146,176,5000000.0,False,True,False
270188,1061,24,5000000.0,False,True,True
270393,7832,132,14000000.0,False,True,False
270410,55,2,350000.0,False,True,True
270411,7211,148,5000000.0,False,True,True
270541,15874,243,45000000.0,True,True,False
270646,238,6,700000.0,False,True,True
271256,792,17,3500000.0,False,True,True
271390,615,10,600000.0,False,True,True
271446,7,2,300000.0,False,True,True
271451,73,6,700000.0,False,True,True
271455,6658,118,3500000.0,False,True,True
271787,154,6,2500000.0,False,True,True
271988,329,10,400000.0,False,True,True
272261,12406,182,20000000.0,False,True,False
272278,10001,160,28000000.0,False,True,False
272622,21281,258,35000000.0,False,True,False
272631,1397,25,3000000.0,False,True,True
272633,37,4,350000.0,False,True,True
272636,4924,61,6000000.0,False,True,True
272640,311,7,1000000.0,False,True,True
272642,16524,248,40000000.0,False,True,False
272644,166,11,900000.0,False,True,True
272679,561,16,2000000.0,False,True,True
272812,11024,184,3000000.0,False,True,False
272999,12560,186,35000000.0,False,True,False
273000,4269,55,8000000.0,False,True,False
273132,17166,249,35000000.0,True,True,False
273152,17687,222,25000000.0,False,True,False
273236,8762,118,10000000.0,True,True,False
273438,4372,62,10000000.0,False,True,False
273773,6,1,400000.0,False,True,True
273824,488,6,500000.0,False,True,True
273980,204,6,600000.0,False,True,True
274347,391,11,3000000.0,True,True,False
274461,4986,82,3000000.0,True,True,False
274484,4706,73,9000000.0,False,True,False
274571,2154,34,900000.0,False,True,True
274771,30,3,300000.0,False,True,True
274839,18210,220,60000000.0,False,True,False
274862,16450,225,12000000.0,False,True,False
275028,230,4,300000.0,False,True,True
275249,2564,56,3000000.0,False,True,True
275303,14346,209,18000000.0,False,True,False
275361,3401,51,1500000.0,False,True,True
275512,1514,17,12000000.0,False,True,False
275682,621,12,2000000.0,False,True,True
276111,4955,65,3500000.0,False,True,True
276255,7242,134,2000000.0,False,True,True
276768,438,15,750000.0,False,True,True
276895,1825,25,1000000.0,False,True,True
277033,5382,118,30000000.0,False,True,False
277093,2041,50,2000000.0,False,True,True
277111,258,5,1800000.0,False,True,True
277114,10389,126,25000000.0,False,True,False
277118,2931,56,5000000.0,True,True,False
277167,21290,255,14000000.0,False,True,False
277179,13348,168,35000000.0,True,True,False
277268,3,1,350000.0,False,True,True
277335,2212,33,4500000.0,False,True,True
277384,17454,198,6000000.0,False,True,False
277635,6674,88,5000000.0,False,True,True
278296,14912,170,4000000.0,False,True,False
278323,662,9,1250000.0,False,True,True
278332,13111,207,38000000.0,False,True,False
278343,11522,150,16000000.0,False,True,False
278357,104,2,800000.0,False,True,True
278359,14900,259,28000000.0,False,True,False
278531,17900,213,5000000.0,True,True,False
278553,1587,22,2500000.0,False,True,True
278578,2457,40,1000000.0,False,True,True
278651,158,3,1000000.0,False,True,True
278837,14886,211,4000000.0,False,True,False
278992,159,6,7000000.0,False,True,True
279009,10006,176,10000000.0,False,True,False
279079,2790,31,4500000.0,False,True,True
279455,8228,156,25000000.0,False,True,False
279457,244,6,17500000.0,False,True,False
279529,1088,13,1500000.0,False,True,True
279657,5,1,175000.0,False,True,True
280178,1271,23,1500000.0,False,True,True
280239,343,14,1700000.0,False,True,True
280387,5556,78,4000000.0,False,True,True
280575,13694,212,8000000.0,False,True,False
280701,5444,92,11000000.0,False,True,False
280730,9093,128,30000000.0,True,True,False
280795,565,13,8000000.0,False,True,False
281404,5397,116,12000000.0,True,True,False
281755,6145,129,4000000.0,False,True,True
281769,17708,224,35000000.0,True,True,False
281963,14888,208,70000000.0,True,True,False
281990,90,1,400000.0,True,True,False
282006,64,1,250000.0,True,True,False
282041,13446,165,40000000.0,True,True,False
282058,8020,92,4000000.0,False,True,True
282076,844,24,7000000.0,False,True,True
282144,10624,138,10000000.0,True,True,False
282349,4421,60,2000000.0,False,True,True
282371,1925,41,4000000.0,False,True,True
282388,19241,330,25000000.0,True,True,False
282406,524,13,1000000.0,False,True,True
282411,19671,270,80000000.0,True,True,False
282421,5833,90,3000000.0,False,True,True
282429,9836,137,28000000.0,True,True,False
282434,29,1,1500000.0,False,True,True
282544,2073,42,8000000.0,False,True,False
282577,5720,77,5000000.0,False,True,True
282660,15659,239,20000000.0,False,True,False
282671,318,8,500000.0,False,True,True
282672,1012,45,700000.0,False,True,True
282722,1749,33,5000000.0,True,True,False
282724,127,2,3000000.0,False,True,True
282810,6683,142,10000000.0,True,True,False
282900,10646,126,3500000.0,False,True,False
283001,1312,46,1500000.0,False,True,True
283060,172,6,2200000.0,False,True,True
283127,4206,69,1200000.0,False,True,True
283135,12,3,,False,True,False
283136,2144,26,600000.0,False,True,True
283196,5918,91,23000000.0,False,True,False
283223,1991,56,5000000.0,True,True,False
283233,1015,14,4000000.0,False,True,True
283286,794,13,1750000.0,False,True,True
283489,826,10,2000000.0,True,True,False
283528,4679,98,10000000.0,False,True,False
283628,17986,229,45000000.0,False,True,False
283735,16587,233,30000000.0,False,True,False
283863,106,5,1500000.0,False,True,True
283994,18002,241,16000000.0,False,True,False
284010,5272,103,12000000.0,False,True,False
284035,104,2,1000000.0,False,True,True
284118,413,7,350000.0,False,True,True
284165,2465,60,35000000.0,True,True,False
284177,393,11,1500000.0,False,True,True
284188,496,8,800000.0,False,True,True
284248,3744,49,7500000.0,False,True,False
284270,7220,81,8000000.0,False,True,False
284430,4395,50,3000000.0,False,True,True
284454,19,1,800000.0,False,True,True
284595,14959,197,4000000.0,False,True,False
284724,1439,24,1400000.0,False,True,True
284727,9897,139,10000000.0,False,True,False
284730,19665,237,45000000.0,True,True,False
284732,20009,265,22000000.0,True,True,False
284737,374,17,1000000.0,False,True,True
284769,11687,131,10000000.0,False,True,False
284854,11964,218,30000000.0,True,True,False
284857,21134,256,55000000.0,True,True,False
284884,10353,196,15000000.0,False,True,False
285033,181,3,400000.0,False,True,True
285322,3370,43,3000000.0,False,True,True
285323,22351,299,16000000.0,False,True,False
285548,4388,54,12000000.0,False,True,False
285551,90,1,500000.0,False,True,True
285771,226,8,5000000.0,False,True,True
285845,13051,202,18000000.0,True,True,False
285920,5,2,500000.0,True,True,False
285957,83,10,300000.0,False,True,True
286005,63,6,1000000.0,False,True,True
286259,19,1,275000.0,False,True,True
286297,21308,300,45000000.0,True,True,False
286378,22,1,150000.0,False,True,True
286384,11441,164,35000000.0,True,True,False
286415,22896,258,24000000.0,True,True,False
286779,10026,125,10000000.0,False,True,False
286849,1,1,1200000.0,False,True,True
286919,576,20,2000000.0,False,True,True
286949,15811,221,7000000.0,False,True,False
287167,219,6,8000000.0,False,True,False
287178,39,2,450000.0,False,True,True
287307,15,1,500000.0,True,True,False
287431,6980,80,15000000.0,False,True,False
287579,10715,157,30000000.0,True,True,False
287600,2670,43,650000.0,False,True,True
287635,6677,135,5000000.0,False,True,True
287636,1,1,250000.0,False,True,True
287638,248,3,300000.0,False,True,True
287648,16,2,600000.0,False,True,True
287663,1129,17,1700000.0,False,True,True
287700,8249,115,7000000.0,False,True,True
287717,549,18,3000000.0,False,True,True
287871,144,2,500000.0,False,True,True
287876,1678,40,6000000.0,False,True,True
288225,21812,325,22000000.0,False,True,False
288230,15855,262,120000000.0,True,True,False
288237,4507,64,8000000.0,False,True,False
288241,6597,100,5000000.0,False,True,True
288248,27,2,1500000.0,False,True,True
288251,108,3,3000000.0,False,True,True
288253,5600,65,16000000.0,False,True,False
288318,14229,240,8000000.0,False,True,False
288371,45,1,250000.0,False,True,True
288429,6427,115,3500000.0,False,True,True
288454,118,4,500000.0,False,True,True
288496,2110,55,10000000.0,False,True,False
288499,55,5,1000000.0,False,True,True
288506,99,6,2500000.0,False,True,True
289061,4093,71,6000000.0,False,True,True
289065,67,1,900000.0,False,True,True
289087,23,3,1000000.0,False,True,True
289182,6789,113,2200000.0,False,True,True
289216,301,12,1250000.0,False,True,True
289236,1524,66,5000000.0,False,True,True
289241,19,3,450000.0,False,True,True
289255,13357,194,10000000.0,False,True,False
289257,7188,127,5000000.0,False,True,True
289272,723,18,2000000.0,False,True,True
289286,1385,29,4000000.0,False,True,True
289287,37,3,300000.0,False,True,True
289433,1,1,3000000.0,True,True,False
289446,12914,166,30000000.0,True,True,False
289507,20,2,850000.0,False,True,True
289510,2152,33,7000000.0,False,True,True
289587,3474,79,3000000.0,False,True,True
289592,10010,156,22000000.0,False,True,False
289844,90,1,800000.0,True,True,False
289846,354,16,5000000.0,False,True,True
290017,13885,198,8000000.0,False,True,False
290249,20994,261,25000000.0,False,True,False
290256,8866,139,10000000.0,False,True,False
290273,2794,49,3000000.0,True,True,False
290532,8460,164,25000000.0,False,True,False
290533,4204,77,4000000.0,False,True,True
290540,234,4,50000.0,False,True,True
290549,196,3,500000.0,False,True,True
290551,6271,96,11000000.0,False,True,False
290561,3632,92,3500000.0,False,True,True
290569,272,12,400000.0,False,True,True
290577,3,2,50000.0,False,True,True
290587,26315,323,13000000.0,False,True,False
290593,7258,133,5500000.0,False,True,True
290595,5,1,500000.0,False,True,True
290605,14,1,800000.0,False,True,True
290733,278,7,600000.0,True,True,False
290746,3500,54,3500000.0,False,True,True
290754,6,1,600000.0,False,True,True
290770,13,1,250000.0,False,True,True
290788,90,1,1250000.0,False,True,True
290862,16991,254,17000000.0,False,True,False
290872,106,3,250000.0,False,True,True
290876,1,1,75000.0,False,True,True
290928,544,15,800000.0,False,True,True
290951,1571,36,4000000.0,False,True,True
291110,7948,129,6000000.0,False,True,True
291111,36,2,1200000.0,False,True,True
291128,625,9,600000.0,False,True,True
291140,8979,107,4000000.0,False,True,True
291178,600,20,1200000.0,False,True,True
291200,22404,261,18000000.0,False,True,False
291222,1166,21,3500000.0,False,True,True
291247,101,6,1000000.0,False,True,True
291266,5357,89,10000000.0,False,True,False
291392,9,1,200000.0,True,True,False
291400,307,13,1400000.0,False,True,True
291417,14696,190,50000000.0,True,True,False
291422,2879,105,14000000.0,False,True,False
291432,121,4,700000.0,True,True,False
291544,22,3,8000000.0,False,True,False
291739,7920,118,35000000.0,False,True,False
291856,4,1,350000.0,False,True,True
292417,10830,210,22000000.0,False,True,False
292422,9,1,300000.0,False,True,True
292772,6552,76,4000000.0,False,True,True
292813,3,1,,False,True,False
292818,19699,264,25000000.0,False,True,False
292820,1819,33,900000.0,False,True,True
292822,684,24,1500000.0,False,True,True
293169,10496,185,15000000.0,False,True,False
293194,8450,119,23000000.0,False,True,False
293200,11652,165,30000000.0,False,True,False
293281,6123,170,20000000.0,True,True,False
293385,9729,165,60000000.0,True,True,False
293450,12,1,250000.0,False,True,True
293569,8824,111,18000000.0,False,True,False
293592,298,7,1200000.0,False,True,True
293944,7384,99,5500000.0,False,True,True
294057,16541,225,70000000.0,True,True,False
294568,316,9,2500000.0,False,True,True
294798,9,1,3000000.0,False,True,True
294808,17942,232,55000000.0,True,True,False
294873,3618,62,9000000.0,False,True,False
294894,562,16,3000000.0,False,True,True
294895,611,11,1500000.0,False,True,True
295065,1480,31,1500000.0,True,True,False
295313,7381,154,30000000.0,False,True,False
295330,8234,205,20000000.0,True,True,False
295331,9062,191,5000000.0,False,True,False
295360,180,2,1000000.0,False,True,True
295414,3516,59,2000000.0,False,True,True
296227,360,4,850000.0,False,True,True
296340,8,1,650000.0,False,True,True
296345,13,3,400000.0,False,True,True
296356,7389,91,3000000.0,False,True,True
296359,3946,50,5000000.0,False,True,True
296378,1992,34,2000000.0,False,True,True
296397,10660,184,24000000.0,False,True,False
296422,10037,157,12000000.0,True,True,False
296622,15344,269,90000000.0,True,True,False
296741,741,9,2000000.0,False,True,True
296783,3989,100,7000000.0,False,True,True
296802,15064,168,14000000.0,False,True,False
296986,2334,51,8000000.0,False,True,False
297070,23526,283,10000000.0,False,True,False
297194,5233,61,2500000.0,False,True,True
297583,6331,162,5500000.0,False,True,True
297648,165,4,500000.0,True,True,False
297731,410,6,300000.0,False,True,True
297784,3091,63,2000000.0,False,True,True
297785,2,1,,False,True,False
298197,10243,116,6000000.0,False,True,False
298276,24,1,300000.0,False,True,True
298477,6907,130,15000000.0,False,True,False
298575,4965,148,4000000.0,False,True,True
298589,16256,186,20000000.0,False,True,False
298602,429,5,800000.0,False,True,True
298607,488,14,400000.0,False,True,True
298613,630,7,600000.0,False,True,True
298635,5291,122,1800000.0,False,True,True
298975,16197,246,13000000.0,False,True,False
298976,14577,260,15000000.0,True,True,False
298983,3051,84,9000000.0,False,True,False
299715,450,5,800000.0,False,True,True
300168,14472,254,6000000.0,False,True,False
300508,135,9,1000000.0,False,True,True
300716,7487,124,32000000.0,True,True,False
301236,3266,61,3500000.0,False,True,True
301237,154,7,1100000.0,False,True,True
301841,57,4,800000.0,False,True,True
302215,8683,147,65000000.0,True,True,False
302991,7098,100,5000000.0,False,True,True
303116,8253,132,25000000.0,False,True,False
303140,4728,60,10000000.0,False,True,False
303187,90,1,200000.0,False,True,True
303219,11999,159,15000000.0,False,True,False
303248,417,6,250000.0,False,True,True
303254,14598,179,50000000.0,True,True,False
303259,13855,213,25000000.0,False,True,False
303402,135,2,150000.0,False,True,True
303406,6,1,900000.0,False,True,True
303412,10,1,300000.0,True,True,False
303414,188,6,300000.0,False,True,True
303657,12033,135,15000000.0,True,True,False
304250,110,8,1000000.0,False,True,True
305956,439,16,800000.0,False,True,True
305957,4,1,250000.0,False,True,True
306024,18492,274,45000000.0,False,True,False
306166,6328,107,5000000.0,False,True,True
306186,1,1,100000.0,False,True,True
307512,1,1,,False,True,False
307519,6060,98,5000000.0,False,True,True
307781,364,11,1200000.0,False,True,True
307805,45,1,250000.0,False,True,True
307807,601,9,4000000.0,False,True,True
308256,4,1,1400000.0,False,True,True
308278,2273,46,5000000.0,True,True,False
308279,19500,276,15000000.0,True,True,False
308371,1264,15,2000000.0,False,True,True
308428,372,6,150000.0,False,True,True
308432,19,1,100000.0,False,True,True
308632,36,1,2000000.0,False,True,True
308801,2814,45,4000000.0,False,True,True
309007,140,2,250000.0,False,True,True
309110,18535,275,40000000.0,False,True,False
309180,20,1,3000000.0,False,True,True
309393,1321,22,3500000.0,False,True,True
309400,19964,281,90000000.0,True,True,False
309841,57,2,2000000.0,False,True,True
309929,79,6,800000.0,False,True,True
310458,9076,146,5000000.0,False,True,False
310662,2222,35,3000000.0,False,True,True
310796,79,2,,False,True,False
311178,11113,164,5000000.0,False,True,False
311277,242,3,300000.0,False,True,True
311287,1187,20,1500000.0,False,True,True
311489,1433,38,8000000.0,False,True,False
311680,3,1,2500000.0,False,True,True
312017,2159,45,7000000.0,False,True,True
312314,8156,97,8000000.0,False,True,False
312678,421,7,8000000.0,True,True,False
312735,22,1,1500000.0,False,True,True
312862,9136,129,12000000.0,True,True,False
313113,109,4,500000.0,False,True,True
313477,4894,85,4000000.0,False,True,True
314183,2006,34,10000000.0,False,True,False
314210,8943,164,18000000.0,False,True,False
314266,382,14,1500000.0,False,True,True
314280,360,4,1200000.0,False,True,True
314288,4240,102,18000000.0,True,True,False
314295,5690,92,12000000.0,False,True,False
314353,21906,280,110000000.0,True,True,False
314678,9719,203,45000000.0,True,True,False
314862,1155,13,800000.0,False,True,True
314875,19318,238,50000000.0,False,True,False
314940,10807,172,2000000.0,False,True,False
314959,5,2,6000000.0,False,True,True
314965,9251,146,2300000.0,False,True,False
315054,210,6,300000.0,False,True,True
315063,9515,121,26000000.0,False,True,False
315110,16629,229,18000000.0,False,True,False
315125,4606,86,18000000.0,False,True,False
315131,3691,72,7000000.0,True,True,False
315185,52,2,200000.0,False,True,True
315283,940,41,3000000.0,False,True,True
315291,196,7,16000000.0,False,True,False
315312,79,3,700000.0,False,True,True
315332,3624,113,3500000.0,False,True,True
315563,23,2,,False,True,False
315568,20,1,225000.0,True,True,False
315604,5968,91,20000000.0,False,True,False
315779,17429,288,60000000.0,True,True,False
315843,627,12,800000.0,False,True,True
315846,14,2,200000.0,False,True,True
315850,207,13,2500000.0,True,True,False
315852,110,4,2200000.0,True,True,False
315853,18211,238,80000000.0,True,True,False
315858,31355,353,65000000.0,True,True,False
315862,1487,43,2000000.0,False,True,True
315865,17637,248,20000000.0,True,True,False
315867,7235,135,35000000.0,False,True,False
315870,5,1,350000.0,True,True,False
315969,16671,245,50000000.0,True,True,False
316111,1342,29,3500000.0,False,True,True
316125,15016,197,50000000.0,True,True,False
316137,4310,81,2500000.0,False,True,True
316264,16412,215,110000000.0,True,True,False
316419,150,5,300000.0,False,True,True
316551,16,1,3500000.0,True,True,False
316760,34,2,3000000.0,False,True,True
316889,6226,120,45000000.0,True,True,False
316915,44,2,750000.0,False,True,True
317057,2880,32,3500000.0,False,True,True
317482,5116,114,15000000.0,True,True,False
317735,9,1,450000.0,False,True,True
317753,1,1,125000.0,False,True,True
318077,12830,184,55000000.0,True,True,False
318507,16244,181,10000000.0,False,True,False
318508,2563,39,27000000.0,False,True,False
318520,1992,42,2500000.0,False,True,True
318523,12879,183,12000000.0,False,True,False
318528,18864,271,75000000.0,True,True,False
318707,990,11,3000000.0,False,True,True
319131,201,3,100000.0,False,True,True
319160,11489,187,15000000.0,False,True,False
319171,497,8,500000.0,False,True,True
319301,7062,125,28000000.0,True,True,False
319541,498,6,800000.0,False,True,True
319745,13557,249,45000000.0,True,True,False
319859,9991,166,30000000.0,False,True,False
320141,12585,154,45000000.0,True,True,False
320213,52,1,25000.0,False,True,True
320259,52,2,500000.0,False,True,True
320263,1,1,800000.0,False,True,True
320271,7001,140,8000000.0,False,True,False
320411,10029,162,22000000.0,True,True,False
320466,3,2,300000.0,False,True,True
321070,1863,55,12000000.0,False,True,False
321079,419,10,900000.0,False,True,True
321096,47,5,2300000.0,False,True,True
321247,9751,191,35000000.0,False,True,False
321629,84,3,200000.0,False,True,True
321647,4436,97,2500000.0,False,True,True
322305,10606,199,10000000.0,False,True,False
322351,424,9,600000.0,False,True,True
322397,202,14,200000.0,False,True,True
322917,901,21,700000.0,False,True,True
323147,1524,25,4500000.0,False,True,True
323167,8823,118,20000000.0,True,True,False
323169,12,1,100000.0,False,True,True
323379,1790,27,2500000.0,False,True,True
323704,6750,99,45000000.0,True,True,False
323740,3,1,2500000.0,False,True,True
323831,4790,99,20000000.0,False,True,False
323872,2260,28,4500000.0,False,True,True
323934,472,11,2500000.0,False,True,True
323954,16647,213,14000000.0,False,True,False
324182,25,1,150000.0,False,True,True
324278,13989,217,40000000.0,False,True,False
324282,10457,167,5000000.0,False,True,False
324321,57,8,5000000.0,False,True,True
324351,2302,42,18000000.0,False,True,False
324475,3,1,250000.0,False,True,True
324635,33,1,150000.0,False,True,True
324690,16263,285,40000000.0,True,True,False
324727,15,2,150000.0,False,True,True
324760,51,1,200000.0,False,True,True
324795,16475,214,12000000.0,False,True,False
324803,194,11,1000000.0,False,True,True
324804,7939,184,10000000.0,True,True,False
324806,7,1,2500000.0,False,True,True
324811,12170,227,8000000.0,False,True,False
324829,167,2,600000.0,False,True,True
324851,24,1,1200000.0,False,True,True
324882,4623,71,10000000.0,False,True,False
324946,28,2,4000000.0,False,True,True
325223,10679,184,8000000.0,False,True,False
326031,14432,182,75000000.0,True,True,False
326204,580,20,1500000.0,False,True,True
326300,5711,105,25000000.0,False,True,False
326330,11549,165,90000000.0,True,True,False
327126,3203,59,1500000.0,False,True,True
327251,18403,248,25000000.0,False,True,False
327326,5,1,400000.0,False,True,True
327536,45,1,2000000.0,False,True,True
327757,9928,158,40000000.0,True,True,False
328784,20569,248,18000000.0,False,True,False
328914,595,15,1500000.0,False,True,True
329145,22069,266,50000000.0,False,True,False
329221,137,3,800000.0,False,True,True
329723,2998,61,4000000.0,False,True,True
329814,5,1,175000.0,False,True,True
330223,1721,28,1500000.0,False,True,True
330269,1,1,300000.0,False,True,True
330289,125,3,1250000.0,False,True,True
330635,121,6,1000000.0,False,True,True
330659,12265,211,35000000.0,True,True,False
331389,1214,35,1500000.0,False,True,True
331401,18700,264,23000000.0,False,True,False
331467,4,1,400000.0,False,True,True
331496,2527,84,5000000.0,False,True,True
331498,1045,32,4000000.0,False,True,True
331511,1264,40,25000000.0,True,True,False
331514,213,14,900000.0,False,True,True
331560,8746,126,35000000.0,True,True,False
331575,81,2,1500000.0,False,True,True
331634,18,1,300000.0,False,True,True
331726,12016,213,50000000.0,True,True,False
332134,518,6,1000000.0,False,True,True
332142,106,2,800000.0,False,True,True
332179,12834,185,20000000.0,False,True,False
332305,3383,51,4000000.0,False,True,True
332341,2941,45,22000000.0,False,True,False
332612,1965,41,4000000.0,False,True,True
332697,18361,266,30000000.0,True,True,False
332705,10897,155,25000000.0,False,True,False
332798,8790,159,16000000.0,False,True,False
332889,23163,302,22000000.0,False,True,False
333014,10214,132,25000000.0,False,True,False
333175,3088,35,2500000.0,False,True,True
333241,17687,241,42000000.0,False,True,False
333347,4,1,250000.0,False,True,True
333450,2,1,2000000.0,False,True,True
333516,4012,51,4000000.0,False,True,True
333647,10060,158,35000000.0,False,True,False
333694,525,7,1000000.0,False,True,True
333802,9830,160,15000000.0,False,True,False
334006,121,8,350000.0,False,True,True
334222,13274,207,15000000.0,False,True,False
334526,16479,218,45000000.0,True,True,False
334835,9530,167,10000000.0,False,True,False
335103,6643,110,9000000.0,False,True,False
335147,9092,198,6500000.0,False,True,False
335209,2472,32,5000000.0,False,True,True
335221,530,6,5000000.0,False,True,True
335225,7598,152,5000000.0,False,True,True
335245,2199,37,2000000.0,False,True,True
335457,11164,186,28000000.0,False,True,False
335541,1,1,,False,True,False
335997,37,1,800000.0,False,True,True
336103,35,1,200000.0,False,True,True
336168,424,6,1500000.0,False,True,True
336331,111,2,800000.0,True,True,False
336382,148,4,6500000.0,False,True,True
336646,231,9,8000000.0,False,True,False
336704,359,11,1000000.0,True,True,False
336731,961,22,800000.0,False,True,True
336828,2800,74,7000000.0,False,True,True
336869,15515,219,30000000.0,True,True,False
336960,14014,212,6000000.0,False,True,False
337036,902,36,3000000.0,False,True,True
337066,5104,98,6000000.0,False,True,True
337284,202,10,4000000.0,True,True,False
337310,14,2,2000000.0,False,True,True
337321,31,2,500000.0,False,True,True
337381,1840,21,8000000.0,False,True,False
337670,142,3,2400000.0,False,True,True
337715,4147,95,18000000.0,True,True,False
337716,2247,37,4000000.0,False,True,True
337725,9374,168,22000000.0,False,True,False
337800,62,7,22000000.0,True,True,False
337922,2231,29,3000000.0,False,True,True
338285,17110,210,20000000.0,False,True,False
338424,19483,272,50000000.0,True,True,False
338425,19459,321,15000000.0,False,True,False
338629,11113,152,14000000.0,False,True,False
339707,45,1,6000000.0,False,True,True
339782,43,3,500000.0,False,True,True
339808,22397,264,60000000.0,True,True,False
339820,6814,134,5000000.0,False,True,True
339829,4672,80,10000000.0,False,True,False
339982,320,9,400000.0,False,True,True
340070,1038,38,1500000.0,False,True,True
340075,8,1,800000.0,False,True,True
340151,1150,38,6500000.0,True,True,False
340205,7919,139,18000000.0,False,True,False
340206,90,1,600000.0,False,True,True
340322,4598,101,23000000.0,False,True,False
340324,5537,157,35000000.0,True,True,False
340325,2555,94,18000000.0,True,True,False
340328,8652,145,11000000.0,False,True,False
340329,9297,183,38000000.0,True,True,False
340339,2061,30,3000000.0,False,True,True
340394,3289,64,4000000.0,False,True,True
340480,2,2,500000.0,False,True,True
340707,2323,33,2000000.0,False,True,True
340853,5888,82,3000000.0,False,True,True
340870,83,2,600000.0,False,True,True
340879,6052,91,30000000.0,True,True,False
340950,11632,190,60000000.0,True,True,False
341051,13744,171,25000000.0,True,True,False
341092,17011,267,70000000.0,True,True,False
341227,11398,155,15000000.0,False,True,False
341230,90,1,200000.0,False,True,True
341272,6556,103,5000000.0,False,True,True
341317,6526,166,12000000.0,False,True,False
341393,61,1,1800000.0,False,True,True
341396,3406,53,3000000.0,False,True,True
341429,10949,143,60000000.0,True,True,False
341501,2593,57,10000000.0,False,True,False
341647,8484,148,35000000.0,True,True,False
341705,6442,109,25000000.0,True,True,False
341710,6133,79,14000000.0,False,True,False
341942,1089,13,900000.0,False,True,True
342039,3280,81,5000000.0,False,True,True
342046,4330,65,10000000.0,True,True,False
342048,2771,57,12000000.0,False,True,False
342202,45,1,1000000.0,False,True,True
342209,6030,88,6000000.0,False,True,True
342216,396,7,2000000.0,False,True,True
342226,7056,146,8000000.0,False,True,False
342227,21,2,700000.0,False,True,True
342229,23728,311,200000000.0,True,True,False
342230,10,1,300000.0,False,True,True
342364,697,13,750000.0,False,True,True
342383,68,1,100000.0,False,True,True
342385,13706,184,28000000.0,False,True,False
342405,12298,219,18000000.0,False,True,False
342472,838,22,2000000.0,False,True,True
342966,150,2,400000.0,False,True,True
343052,15202,239,75000000.0,True,True,False
343273,207,8,2000000.0,False,True,True
343337,1544,41,7500000.0,False,True,False
343475,9467,116,25000000.0,False,True,False
343945,1711,28,1800000.0,False,True,True
343963,16,2,1500000.0,False,True,True
344015,89,6,5000000.0,True,True,False
344072,19290,235,7000000.0,False,True,False
344151,979,33,2500000.0,False,True,True
344152,7451,145,20000000.0,False,True,False
344158,91,2,,False,True,False
344381,13668,244,80000000.0,True,True,False
344393,1809,23,2500000.0,False,True,True
344575,3909,69,5000000.0,False,True,True
344591,1260,14,1800000.0,False,True,True
344592,502,9,2000000.0,False,True,True
344596,13539,177,20000000.0,True,True,False
344598,7082,108,35000000.0,True,True,False
344599,2171,38,4000000.0,False,True,True
344600,4371,94,12000000.0,True,True,False
344605,11375,188,28000000.0,False,True,False
344610,98,6,1500000.0,False,True,True
344677,90,1,350000.0,False,True,True
344695,18803,238,70000000.0,True,True,False
344806,78,4,800000.0,False,True,True
344830,2439,51,7000000.0,True,True,False
344864,10608,140,4000000.0,False,True,False
344886,10159,123,8000000.0,False,True,False
344888,11838,175,18000000.0,False,True,False
344892,4836,80,5000000.0,False,True,True
345041,119,6,500000.0,False,True,True
345084,2013,24,15000000.0,False,True,False
345458,10440,143,10000000.0,False,True,False
345473,94,4,1000000.0,False,True,True
345536,8,1,,False,True,False
345590,3794,66,15000000.0,False,True,False
345654,831,22,1000000.0,False,True,True
345780,180,2,2500000.0,True,True,False
345886,11856,189,13000000.0,False,True,False
346018,4411,59,17000000.0,False,True,False
346289,14414,196,30000000.0,False,True,False
346291,4377,84,6500000.0,False,True,True
346332,1396,30,1500000.0,False,True,True
346478,1900,27,15000000.0,True,True,False
346483,11940,183,75000000.0,True,True,False
346561,10460,135,12000000.0,False,True,False
346562,27,3,1000000.0,True,True,False
346567,8820,150,15000000.0,True,True,False
346707,11984,194,25000000.0,True,True,False
346766,900,16,14000000.0,False,True,False
346779,12374,193,22000000.0,False,True,False
347100,823,22,10000000.0,False,True,False
347594,4715,58,2000000.0,False,True,True
347595,447,18,1500000.0,False,True,True
347895,5,1,450000.0,False,True,True
347900,7513,103,35000000.0,False,True,False
348026,16375,232,25000000.0,True,True,False
348214,272,5,700000.0,False,True,True
348425,42,3,2800000.0,False,True,True
348431,11,2,300000.0,False,True,True
348601,6889,128,2500000.0,False,True,True
348623,10666,137,20000000.0,False,True,False
348778,68,1,350000.0,False,True,True
348795,12443,234,50000000.0,True,True,False
348863,1416,21,5500000.0,False,True,True
349066,13550,210,140000000.0,True,True,False
349530,22,3,200000.0,True,True,False
349599,13258,194,35000000.0,True,True,False
349719,278,12,1000000.0,False,True,True
349836,5594,86,2000000.0,False,True,True
349873,85,5,1000000.0,False,True,True
350219,19049,273,60000000.0,True,True,False
350357,72,2,1500000.0,True,True,False
350364,1615,26,2000000.0,False,True,True
351072,1058,13,800000.0,False,True,True
351478,25689,349,70000000.0,False,True,False
351506,15,1,350000.0,False,True,True
351746,1422,21,1500000.0,False,True,True
351755,3155,38,5000000.0,False,True,True
351809,17949,222,40000000.0,True,True,False
351816,12415,186,40000000.0,True,True,False
351843,8794,110,2000000.0,False,True,True
351892,166,3,4000000.0,False,True,True
352017,63,3,3500000.0,False,True,True
352392,7657,99,5000000.0,False,True,True
352393,22,3,1000000.0,False,True,True
353108,427,14,6500000.0,False,True,True
353204,368,8,200000.0,False,True,True
353205,270,3,350000.0,False,True,True
353211,1069,30,3500000.0,False,True,True
353365,13449,260,3000000.0,False,True,False
353366,21333,269,50000000.0,True,True,False
353395,173,2,1000000.0,False,True,True
353399,12115,217,10000000.0,False,True,False
353403,7710,144,5000000.0,False,True,True
353404,4455,86,8000000.0,False,True,False
353922,5009,85,10000000.0,False,True,False
353948,18285,265,25000000.0,False,True,False
353959,108,5,800000.0,False,True,True
353998,7,1,125000.0,False,True,True
354136,3,1,1200000.0,False,True,True
354232,23,2,300000.0,False,True,True
354278,9,1,1000000.0,False,True,True
354340,1443,18,8000000.0,False,True,False
354352,23795,289,9000000.0,False,True,False
354361,23256,321,40000000.0,True,True,False
354362,15667,243,50000000.0,True,True,False
354609,31,2,1000000.0,False,True,True
354697,1083,18,1000000.0,False,True,True
354726,12875,196,4000000.0,False,True,False
354741,6610,134,20000000.0,False,True,False
355104,1428,37,2600000.0,False,True,True
355335,1185,15,1000000.0,False,True,True
355369,5988,137,10000000.0,False,True,False
355370,84,1,2500000.0,False,True,True
355501,7423,127,23000000.0,True,True,False
355624,381,5,2000000.0,False,True,True
355627,7500,93,9000000.0,False,True,False
355628,20047,259,30000000.0,False,True,False
355641,2803,43,9000000.0,False,True,False
355689,946,26,3000000.0,False,True,True
355861,6498,128,50000000.0,True,True,False
355915,17762,211,65000000.0,True,True,False
355924,31,1,125000.0,False,True,True
356118,153,6,2000000.0,False,True,True
356141,13912,218,30000000.0,False,True,False
356197,14691,231,22000000.0,False,True,False
357047,8581,96,8000000.0,False,True,False
357072,9296,148,13000000.0,False,True,False
357117,27997,312,20000000.0,False,True,False
357119,14696,184,60000000.0,True,True,False
357147,14715,194,40000000.0,True,True,False
357158,1823,49,10000000.0,False,True,False
357164,16392,251,90000000.0,True,True,False
357176,430,12,1000000.0,False,True,True
357233,9882,141,18000000.0,False,True,False
357498,14548,221,85000000.0,True,True,False
357565,22469,293,130000000.0,True,True,False
357658,1935,22,4000000.0,False,True,True
357662,26342,313,120000000.0,True,True,False
357796,12004,181,7000000.0,False,True,False
357884,9732,143,10000000.0,False,True,False
357885,24417,359,30000000.0,False,True,False
357967,76,1,500000.0,False,True,True
357992,9998,147,24000000.0,True,True,False
358143,5734,74,6000000.0,False,True,True
358250,11172,147,8000000.0,False,True,False
358505,49,1,750000.0,False,True,True
358508,44,3,400000.0,False,True,True
358870,232,11,1000000.0,False,True,True
358985,103,3,1800000.0,False,True,True
359210,42,3,4000000.0,False,True,True
361065,6803,120,14000000.0,True,True,False
361081,115,8,4000000.0,False,True,True
361254,8917,162,16000000.0,False,True,False
361260,12526,158,32000000.0,True,True,False
361914,14781,169,38000000.0,False,True,False
362184,26,3,1000000.0,False,True,True
362344,3,1,500000.0,True,True,False
362809,10,1,200000.0,False,True,True
362835,184,3,1000000.0,False,True,True
362842,7678,138,70000000.0,True,True,False
363178,12,2,3500000.0,True,True,False
363205,13890,243,80000000.0,True,True,False
363541,25,1,250000.0,False,True,True
363610,281,10,500000.0,False,True,True
363717,411,10,500000.0,False,True,True
364133,2631,99,8000000.0,True,True,False
364135,11724,230,50000000.0,True,True,False
364233,1622,31,2000000.0,False,True,True
364239,1901,38,4000000.0,False,True,True
364240,288,6,7500000.0,True,True,False
364258,12902,162,9000000.0,False,True,False
364603,2275,74,10000000.0,True,True,False
364861,1834,35,5000000.0,False,True,True
365451,14,1,1000000.0,True,True,False
365565,804,14,1000000.0,False,True,True
365952,339,6,50000.0,False,True,True
366045,1053,19,2000000.0,False,True,True
366930,6616,121,20000000.0,True,True,False
367195,23,3,1200000.0,False,True,True
367466,10164,145,14000000.0,False,True,False
368482,16554,280,25000000.0,False,True,False
368559,3494,51,3500000.0,False,True,True
368582,20,2,300000.0,False,True,True
368860,5,2,400000.0,False,True,True
369081,18149,268,130000000.0,True,True,False
370691,2782,36,7500000.0,False,True,False
370789,11615,177,25000000.0,True,True,False
370846,9636,183,20000000.0,True,True,False
371141,7283,113,12000000.0,True,True,False
371142,4162,91,9000000.0,False,True,False
371145,159,7,650000.0,False,True,True
371149,19895,228,35000000.0,True,True,False
371174,1678,55,14000000.0,False,True,False
371371,8384,120,27000000.0,True,True,False
371436,1556,21,2000000.0,False,True,True
371816,2583,32,1500000.0,False,True,True
371998,14710,207,200000000.0,True,True,False
372051,4,1,900000.0,False,True,True
372246,17298,264,50000000.0,True,True,False
372711,13571,206,30000000.0,False,True,False
372712,15531,224,8000000.0,False,True,False
372713,1940,48,4000000.0,False,True,True
372720,256,16,900000.0,False,True,True
373379,1,1,300000.0,False,True,True
373683,39,1,600000.0,False,True,True
373916,1015,17,14000000.0,False,True,False
373939,90,1,700000.0,False,True,True
374040,4256,71,3000000.0,False,True,True
374077,2956,51,2500000.0,False,True,True
374081,1027,15,1000000.0,False,True,True
374082,44,3,400000.0,False,True,True
374139,8337,117,25000000.0,True,True,False
374283,155,6,500000.0,False,True,True
374889,6,1,800000.0,False,True,True
375137,7344,127,8000000.0,False,True,False
375391,1081,29,2500000.0,False,True,True
375885,10203,136,35000000.0,False,True,False
376211,1019,21,11000000.0,False,True,False
376514,15358,214,20000000.0,True,True,False
377387,2534,85,2000000.0,False,True,True
377393,23166,289,10000000.0,False,True,False
378139,9267,174,5000000.0,False,True,False
378293,13396,192,25000000.0,False,True,False
378630,1,1,250000.0,False,True,True
378710,18944,275,65000000.0,True,True,False
378883,297,11,2000000.0,False,True,True
378953,7447,96,7500000.0,False,True,False
378954,7193,96,15000000.0,False,True,False
378965,1542,22,1500000.0,False,True,True
379742,907,20,800000.0,False,True,True
379807,6751,95,8000000.0,False,True,False
379961,90,1,150000.0,False,True,True
379980,57,2,400000.0,True,True,False
380350,10111,145,22000000.0,False,True,False
380415,299,8,13000000.0,False,True,False
380598,13832,191,8000000.0,False,True,False
381248,1013,20,2000000.0,False,True,True
381362,1806,24,30000000.0,False,True,False
381724,2089,53,4500000.0,False,True,True
381950,12164,199,25000000.0,True,True,False
382007,30,2,350000.0,False,True,True
382554,75,4,6000000.0,False,True,True
382774,45,1,2600000.0,False,True,True
384553,5680,81,4500000.0,False,True,True
384593,9126,159,15000000.0,False,True,False
384745,624,11,1500000.0,True,True,False
384859,10782,141,8000000.0,False,True,False
385084,155,4,400000.0,False,True,True
385271,965,19,7000000.0,False,True,True
385918,83,3,3000000.0,False,True,True
386047,15345,188,42000000.0,True,True,False
386315,430,10,2000000.0,False,True,True
386446,11748,154,50000000.0,True,True,False
386455,6914,150,9000000.0,True,True,False
386552,18113,258,5000000.0,False,True,False
386574,195,11,1800000.0,False,True,True
386726,3935,96,20000000.0,False,True,False
386755,794,18,2500000.0,True,True,False
386786,250,16,3000000.0,False,True,True
387017,3,1,100000.0,False,True,True
387129,8346,109,3000000.0,False,True,True
387234,3755,67,7000000.0,False,True,True
387331,880,22,3500000.0,False,True,True
387626,14101,249,45000000.0,True,True,False
388058,281,10,800000.0,False,True,True
388165,11541,196,42000000.0,False,True,False
388198,14295,177,55000000.0,True,True,False
388513,2579,55,7000000.0,True,True,False
388820,73,6,5000000.0,False,True,True
389441,4,1,300000.0,False,True,True
390159,225,14,2000000.0,False,True,True
390163,54,4,550000.0,False,True,True
390944,24,1,500000.0,False,True,True
391065,11603,199,22000000.0,True,True,False
391192,1292,21,1000000.0,False,True,True
391332,1,1,800000.0,False,True,True
391346,21,2,300000.0,False,True,True
391376,3765,59,4000000.0,False,True,True
391498,740,15,4000000.0,True,True,False
391719,976,32,5000000.0,False,True,True
391933,11,1,200000.0,False,True,True
392085,9939,174,55000000.0,True,True,False
392131,883,15,1500000.0,False,True,True
392276,3,1,300000.0,True,True,False
392500,2,2,275000.0,False,True,True
392514,150,2,200000.0,False,True,True
392765,7990,154,40000000.0,True,True,False
392768,9807,176,35000000.0,True,True,False
392770,8515,136,28000000.0,True,True,False
392771,10239,124,30000000.0,True,True,False
392775,8475,139,35000000.0,True,True,False
392777,1910,24,5000000.0,False,True,True
392810,7341,130,3000000.0,False,True,True
393325,5726,96,20000000.0,False,True,False
393436,78,1,800000.0,False,True,True
393804,2108,56,3000000.0,False,True,True
394285,868,20,3000000.0,False,True,True
394304,1492,30,2500000.0,True,True,False
394327,17280,218,40000000.0,False,True,False
394328,16,3,5000000.0,False,True,True
394330,9,1,350000.0,False,True,True
394346,3059,89,6000000.0,False,True,True
394906,9252,122,3000000.0,False,True,False
395083,5851,74,7000000.0,False,True,True
395236,8678,156,15000000.0,True,True,False
395237,13627,195,25000000.0,False,True,False
395295,2,1,325000.0,False,True,True
395447,19,2,150000.0,False,True,True
395512,3079,48,6000000.0,True,True,False
395516,13042,190,60000000.0,True,True,False
395519,16,1,500000.0,False,True,True
395523,2271,56,4000000.0,False,True,True
395602,90,1,700000.0,False,True,True
395674,60,9,300000.0,False,True,True
395693,13141,195,55000000.0,True,True,False
395694,11,1,500000.0,False,True,True
395805,974,13,1100000.0,False,True,True
395870,11,1,125000.0,False,True,True
396107,180,2,500000.0,False,True,True
396115,74,1,300000.0,False,True,True
396131,743,20,600000.0,False,True,True
396324,154,2,600000.0,True,True,False
396328,38,3,2500000.0,False,True,True
396333,401,9,10000000.0,True,True,False
396334,40,4,1000000.0,False,True,True
396340,3,1,1000000.0,True,True,False
396516,2021,26,1500000.0,False,True,True
396681,10,1,200000.0,False,True,True
396682,53,3,800000.0,False,True,True
396894,14034,198,40000000.0,False,True,False
397033,15293,209,80000000.0,True,True,False
397696,12,1,600000.0,False,True,True
397896,617,15,5000000.0,False,True,True
398065,14389,237,35000000.0,False,True,False
398073,17791,228,80000000.0,True,True,False
398159,26,2,200000.0,False,True,True
398163,6088,130,15000000.0,True,True,False
398184,12095,239,50000000.0,True,True,False
398402,332,24,8000000.0,False,True,False
398738,5,1,250000.0,False,True,True
398808,4922,81,5000000.0,False,True,True
398809,507,11,500000.0,False,True,True
398886,62,6,1000000.0,False,True,True
399273,3,2,200000.0,False,True,True
399369,193,8,3000000.0,False,True,True
399382,139,2,100000.0,False,True,True
399383,6256,111,7500000.0,False,True,False
399543,12203,207,11000000.0,False,True,False
399775,613,10,1600000.0,False,True,True
399776,18062,210,50000000.0,False,True,False
399779,86,4,500000.0,False,True,True
399780,12,3,600000.0,True,True,False
399887,1464,27,1000000.0,False,True,True
399907,5,1,150000.0,False,True,True
400001,17,1,900000.0,False,True,True
400485,7600,167,10000000.0,True,True,False
400489,8501,205,26000000.0,True,True,False
400546,2157,47,10000000.0,False,True,False
400831,1,1,4000000.0,True,True,False
401173,14777,230,130000000.0,True,True,False
401527,12109,161,10000000.0,False,True,False
401530,10468,134,70000000.0,True,True,False
401578,7588,126,45000000.0,False,True,False
401624,6442,87,10000000.0,False,True,False
401717,6,1,750000.0,False,True,True
401836,1842,56,3000000.0,False,True,True
401920,154,3,1000000.0,False,True,True
401922,11813,229,30000000.0,True,True,False
401923,10749,149,120000000.0,True,True,False
401935,698,27,2000000.0,False,True,True
402004,2656,36,3500000.0,False,True,True
402008,8899,166,24000000.0,False,True,False
402117,600,20,2000000.0,False,True,True
402193,334,12,5000000.0,False,True,True
403845,342,8,1300000.0,False,True,True
403898,3616,48,16000000.0,False,True,False
404260,1195,38,4000000.0,False,True,True
404384,1576,30,9000000.0,False,True,False
404418,2716,35,35000000.0,True,True,False
404688,1741,39,1200000.0,False,True,True
404839,4234,48,25000000.0,True,True,False
405398,13510,219,60000000.0,False,True,False
405564,23,4,6000000.0,False,True,True
405674,82,2,500000.0,False,True,True
405687,6741,102,7000000.0,False,True,True
405885,8871,189,35000000.0,True,True,False
406008,5092,67,7000000.0,False,True,True
406040,13448,235,60000000.0,True,True,False
406609,885,17,5000000.0,False,True,True
406614,12,1,1500000.0,True,True,False
406625,18674,267,110000000.0,True,True,False
406635,13593,225,150000000.0,True,True,False
406638,4951,101,20000000.0,True,True,False
407265,867,17,2000000.0,True,True,False
408471,8622,127,10000000.0,False,True,False
409106,1789,24,7000000.0,False,True,True
410059,7590,88,4000000.0,False,True,True
410158,10616,127,11000000.0,False,True,False
410185,9750,140,6000000.0,False,True,False
410225,16835,229,40000000.0,False,True,False
410237,20,1,200000.0,False,True,True
410238,14,1,500000.0,False,True,True
410425,15664,249,35000000.0,True,True,False
411177,90,1,,False,True,False
411287,380,5,3000000.0,False,True,True
411295,15076,215,90000000.0,True,True,False
411379,14,1,200000.0,False,True,True
411416,144,3,900000.0,False,True,True
411424,16,2,175000.0,False,True,True
411975,23121,276,65000000.0,True,True,False
412045,4312,72,6000000.0,False,True,True
412085,1449,28,1000000.0,False,True,True
412092,3904,57,1000000.0,False,True,True
412095,1545,41,2000000.0,False,True,True
412363,10941,191,110000000.0,True,True,False
412513,3505,69,5000000.0,False,True,True
412660,4136,95,10000000.0,False,True,False
412671,3781,80,2500000.0,False,True,True
413032,4851,87,15000000.0,False,True,False
413033,40,7,600000.0,False,True,True
413039,13907,173,80000000.0,True,True,False
413112,17306,224,100000000.0,True,True,False
413220,10148,128,25000000.0,False,True,False
413262,3703,85,5000000.0,False,True,True
413403,20088,231,40000000.0,False,True,False
413502,1,1,800000.0,False,True,True
413507,24833,291,35000000.0,False,True,False
413843,10929,152,7500000.0,False,True,False
414908,14153,190,15000000.0,False,True,False
415194,1392,31,2500000.0,False,True,True
415383,3469,39,6000000.0,False,True,True
415550,19,1,1500000.0,False,True,True
415646,93,4,2500000.0,False,True,True
415912,12884,170,20000000.0,True,True,False
416108,6513,101,25000000.0,False,True,False
416168,655,9,800000.0,False,True,True
418560,16425,199,200000000.0,True,True,False
418658,1550,42,3000000.0,False,True,True
418659,13850,202,50000000.0,False,True,False
418660,1,1,5000000.0,False,True,True
418662,342,8,300000.0,False,True,True
418881,79,1,250000.0,False,True,True
419255,31,1,500000.0,False,True,True
419293,163,4,900000.0,False,True,True
419929,487,8,3000000.0,False,True,True
419930,713,11,1500000.0,False,True,True
419999,1399,29,1000000.0,False,True,True
420002,13922,231,40000000.0,False,True,False
420465,5896,79,16000000.0,True,True,False
420782,1,1,200000.0,False,True,True
420808,656,28,10000000.0,False,True,False
421424,157,2,300000.0,False,True,True
421775,43,3,400000.0,False,True,True
422380,454,11,5500000.0,False,True,True
422850,8168,95,8000000.0,False,True,False
422893,24,3,900000.0,False,True,True
423166,472,7,3000000.0,False,True,True
423436,9319,118,25000000.0,False,True,False
423440,16758,218,80000000.0,True,True,False
423444,16612,257,18000000.0,False,True,False
423614,121,2,800000.0,False,True,True
423744,7016,124,20000000.0,True,True,False
424051,4160,76,10000000.0,False,True,False
424072,10108,188,3500000.0,False,True,False
424204,12019,167,80000000.0,True,True,False
424709,1569,30,2000000.0,False,True,True
425028,21,1,2500000.0,False,True,True
425400,3725,92,2000000.0,False,True,True
425462,27,5,1500000.0,False,True,True
425713,1,1,300000.0,False,True,True
426790,2849,36,1000000.0,False,True,True
427161,5827,118,7000000.0,False,True,True
427568,17473,195,40000000.0,True,True,False
427693,52,4,1800000.0,False,True,True
428791,1825,57,25000000.0,False,True,False
429014,13451,191,70000000.0,False,True,False
429086,499,12,2500000.0,False,True,True
429318,157,3,250000.0,False,True,True
430503,1,1,1300000.0,False,True,True
430788,483,6,3000000.0,False,True,True
431698,1419,38,3500000.0,False,True,True
431755,14221,210,60000000.0,True,True,False
432092,8027,164,20000000.0,False,True,False
432293,1,1,,False,True,False
432772,5484,110,5000000.0,False,True,True
432895,59,4,23000000.0,False,True,False
432982,3560,90,20000000.0,False,True,False
433049,14024,230,40000000.0,False,True,False
433177,17407,226,150000000.0,True,True,False
433181,1414,38,6000000.0,True,True,False
433183,1705,51,10000000.0,True,True,False
433188,8002,153,50000000.0,True,True,False
434207,2207,45,7000000.0,False,True,True
434223,840,29,7000000.0,False,True,True
434358,4819,64,5000000.0,False,True,True
434676,3958,77,7000000.0,False,True,True
434990,2771,62,4000000.0,False,True,True
435338,19877,232,75000000.0,True,True,False
435406,180,2,500000.0,False,True,True
435485,5094,108,10000000.0,False,True,False
435648,6081,125,50000000.0,True,True,False
438682,546,7,1000000.0,True,True,False
439465,244,10,4000000.0,False,True,True
439914,1266,35,1500000.0,False,True,True
441170,9718,123,8000000.0,False,True,False
441287,719,19,3500000.0,False,True,True
441385,181,5,5000000.0,False,True,True
441986,4616,69,50000000.0,True,True,False
442531,12330,138,32000000.0,True,True,False
442805,8030,116,3500000.0,False,True,True
442816,1766,23,800000.0,False,True,True
442891,13975,235,35000000.0,False,True,False
443222,2198,76,1500000.0,False,True,True
443263,7,1,800000.0,False,True,True
443752,1,1,600000.0,False,True,True
444208,764,29,5000000.0,False,True,True
444211,1380,34,7000000.0,False,True,True
444523,15824,214,65000000.0,True,True,False
444725,5336,78,4000000.0,False,True,True
445631,8,1,250000.0,False,True,True
445939,8810,145,75000000.0,True,True,False
447052,470,10,5000000.0,True,True,False
447221,2943,43,7000000.0,False,True,True
447661,17275,253,70000000.0,True,True,False
447730,10,1,400000.0,False,True,True
448177,2041,68,5000000.0,False,True,True
448258,6101,95,12000000.0,False,True,False
448344,6217,132,10000000.0,False,True,False
448628,15717,196,12000000.0,True,True,False
448844,9192,109,5000000.0,False,True,False
449796,15208,173,8000000.0,False,True,False
450050,12489,211,18000000.0,False,True,False
450417,8500,105,7000000.0,False,True,True
450936,11797,199,65000000.0,True,True,False
451154,5,1,500000.0,False,True,True
451340,40,2,700000.0,False,True,True
451848,11,2,250000.0,False,True,True
452084,1181,45,6000000.0,False,True,True
452876,187,6,500000.0,False,True,True
452877,725,9,1000000.0,False,True,True
453016,15947,212,12000000.0,False,True,False
453594,2110,59,9000000.0,False,True,False
453597,278,8,600000.0,False,True,True
453704,4841,55,4000000.0,False,True,True
453824,2539,60,7000000.0,False,True,True
455056,526,8,500000.0,False,True,True
455181,10541,172,15000000.0,False,True,False
455661,5041,103,70000000.0,False,True,False
456535,858,10,4500000.0,False,True,True
456877,51,3,2500000.0,False,True,True
456938,178,9,300000.0,False,True,True
457236,1,1,175000.0,False,True,True
457673,9344,137,10000000.0,False,True,False
457931,10605,147,22000000.0,False,True,False
459128,4363,92,9000000.0,True,True,False
459452,127,3,350000.0,False,True,True
459463,10004,151,18000000.0,False,True,False
459504,22,2,250000.0,False,True,True
459655,5231,90,7000000.0,False,True,True
459661,1881,52,10000000.0,False,True,False
459953,14,3,300000.0,False,True,True
460629,4059,76,18000000.0,True,True,False
460655,1078,24,5000000.0,False,True,True
460898,198,7,1000000.0,False,True,True
461617,5039,110,25000000.0,True,True,False
461618,45,1,850000.0,True,True,False
461858,9,1,500000.0,False,True,True
462250,8835,169,100000000.0,True,True,False
462809,1,1,275000.0,False,True,True
463332,12,2,450000.0,False,True,True
463603,11770,148,40000000.0,True,True,False
463605,10393,128,35000000.0,False,True,False
463608,314,4,1000000.0,False,True,True
463610,239,3,5000000.0,True,True,False
463611,117,2,1000000.0,False,True,True
463613,6673,96,18000000.0,False,True,False
463617,23,2,400000.0,False,True,True
463618,13431,211,40000000.0,True,True,False
463620,1864,63,12000000.0,False,True,False
463665,4703,56,23000000.0,False,True,False
464446,348,15,2000000.0,False,True,True
464990,1,1,250000.0,False,True,True
465279,1,1,125000.0,False,True,True
465715,181,6,2000000.0,False,True,True
465830,18482,248,50000000.0,True,True,False
465836,180,2,2000000.0,False,True,True
465955,6570,73,20000000.0,True,True,False
465967,9713,166,7500000.0,False,True,False
466298,1589,23,10000000.0,False,True,False
466794,11611,164,40000000.0,True,True,False
466808,71,2,600000.0,False,True,True
466810,5050,130,80000000.0,True,True,False
466910,45,1,150000.0,False,True,True
467426,18,3,1200000.0,False,True,True
467599,223,7,6000000.0,False,True,True
467623,3342,52,13000000.0,False,True,False
468002,4998,92,12000000.0,True,True,False
468929,87,2,350000.0,False,True,True
469860,47,4,2500000.0,False,True,True
469949,2428,39,7000000.0,False,True,True
471474,1345,41,2500000.0,False,True,True
471582,4472,94,8000000.0,False,True,False
471690,7559,97,22000000.0,False,True,False
472161,1468,24,3000000.0,False,True,True
472249,6746,136,9000000.0,False,True,False
472423,10433,156,70000000.0,True,True,False
474621,26,1,500000.0,False,True,True
474662,11366,179,7000000.0,False,True,False
474665,11,1,,False,True,False
475411,8854,111,65000000.0,True,True,False
475413,3337,56,22000000.0,True,True,False
476079,316,4,700000.0,False,True,True
476100,61,1,150000.0,False,True,True
476237,2485,43,7000000.0,False,True,True
476344,12798,172,30000000.0,True,True,False
476352,8153,126,50000000.0,True,True,False
476527,60,4,2000000.0,False,True,True
476532,51,1,,False,True,False
476915,324,11,4000000.0,False,True,True
477238,22,1,150000.0,False,True,True
477758,20146,233,40000000.0,True,True,False
478346,206,3,300000.0,False,True,True
479939,9,1,,False,True,False
479942,112,2,200000.0,False,True,True
480116,8549,111,23000000.0,True,True,False
480267,9630,143,70000000.0,True,True,False
480763,9532,125,25000000.0,True,True,False
480883,2852,68,2500000.0,True,True,False
480955,865,15,800000.0,False,True,True
480987,4572,61,13000000.0,False,True,False
481116,394,14,2500000.0,False,True,True
481834,7522,103,5000000.0,False,True,True
482072,1123,27,16000000.0,False,True,False
482145,24,3,1500000.0,False,True,True
482179,45,1,,False,True,False
483461,584,11,2000000.0,False,True,True
483573,9132,129,7500000.0,False,True,False
483974,70,6,2500000.0,True,True,False
484387,949,14,5000000.0,False,True,True
484389,16,1,300000.0,False,True,True
484991,7,1,400000.0,False,True,True
485424,3323,73,13000000.0,False,True,False
485965,13170,179,5000000.0,False,True,False
486031,11960,183,40000000.0,True,True,False
486624,9621,163,20000000.0,False,True,False
487333,90,1,400000.0,False,True,True
487465,11395,184,60000000.0,True,True,False
487829,1,1,1300000.0,False,True,True
487834,3950,54,11000000.0,True,True,False
487843,7568,138,10000000.0,True,True,False
487969,13369,195,80000000.0,True,True,False
489971,2,1,150000.0,False,True,True
490417,6116,127,9000000.0,False,True,False
493607,16,1,,False,True,False
493674,8,1,1000000.0,False,True,True
494236,5564,74,5000000.0,False,True,True
494237,1247,37,18000000.0,False,True,False
494586,4936,57,3000000.0,False,True,True
495601,1268,18,10000000.0,False,True,False
495629,8148,125,25000000.0,False,True,False
495666,18800,215,100000000.0,True,True,False
495667,6681,99,20000000.0,False,True,False
495669,159,6,3000000.0,False,True,True
496270,18,3,1000000.0,False,True,True
497291,11038,192,18000000.0,False,True,False
497663,105,2,8000000.0,False,True,False
498043,77,2,200000.0,False,True,True
499604,23,2,450000.0,False,True,True
500087,20,2,200000.0,False,True,True
501418,9168,147,10000000.0,False,True,False
502821,5408,88,55000000.0,True,True,False
503619,917,11,2200000.0,False,True,True
503680,9794,142,28000000.0,True,True,False
503733,11558,176,65000000.0,False,True,False
503740,1722,24,4000000.0,False,True,True
503795,1341,21,4000000.0,False,True,True
504125,10,1,1700000.0,False,True,True
504148,5307,106,18000000.0,True,True,False
504215,4726,134,42000000.0,True,True,False
505194,6253,82,12000000.0,False,True,False
505219,8819,114,45000000.0,True,True,False
505673,133,8,4500000.0,True,True,False
505674,6084,116,10000000.0,True,True,False
506009,273,6,2500000.0,False,True,True
506248,9657,153,6000000.0,False,True,False
507700,3316,47,12000000.0,True,True,False
510971,61,1,200000.0,False,True,True
512344,90,1,2000000.0,False,True,True
516716,16877,196,60000000.0,True,True,False
517376,1,1,6500000.0,False,True,True
517842,9293,148,8000000.0,True,True,False
517894,14037,229,75000000.0,True,True,False
518860,17,2,400000.0,False,True,True
520468,7642,101,6500000.0,False,True,True
520624,16453,209,85000000.0,False,True,False
521964,9544,124,45000000.0,True,True,False
522788,140,8,2500000.0,False,True,True
522791,199,11,650000.0,False,True,True
524318,19,3,400000.0,False,True,True
524481,8701,107,30000000.0,True,True,False
524929,1567,61,2000000.0,False,True,True
525247,15816,186,38000000.0,False,True,False
525287,2241,69,20000000.0,True,True,False
525704,9092,138,30000000.0,True,True,False
527350,2009,68,8000000.0,False,True,False
527698,7341,136,4500000.0,False,True,True
528178,214,5,2000000.0,False,True,True
528833,7104,160,20000000.0,False,True,False
530552,6,1,500000.0,False,True,True
530879,180,2,250000.0,False,True,True
531062,238,9,600000.0,False,True,True
531949,7483,166,8000000.0,False,True,False
531960,138,8,800000.0,False,True,True
532775,12517,166,15000000.0,False,True,False
532776,5467,129,30000000.0,False,True,False
532826,12489,182,55000000.0,True,True,False
534033,14352,203,100000000.0,True,True,False
536152,12,1,300000.0,False,True,True
536460,32,5,200000.0,False,True,True
536477,144,4,7000000.0,True,True,False
536507,2490,38,8000000.0,False,True,False
536508,4675,70,8000000.0,False,True,False
536835,4841,74,50000000.0,True,True,False
537127,1921,35,2000000.0,False,True,True
537182,25,1,700000.0,False,True,True
537382,8475,161,30000000.0,True,True,False
537488,1,1,125000.0,False,True,True
538063,25,2,175000.0,False,True,True
538810,3386,53,4000000.0,False,True,True
538918,5240,76,15000000.0,True,True,False
538974,856,21,4500000.0,False,True,True
538996,3991,74,12000000.0,True,True,False
539134,3921,102,10000000.0,True,True,False
539232,4507,81,3000000.0,False,True,True
539612,48,3,100000.0,False,True,True
540659,65,3,500000.0,False,True,True
540676,90,1,400000.0,False,True,True
540727,28,1,200000.0,False,True,True
541646,112,2,400000.0,False,True,True
543666,6135,69,7500000.0,False,True,False
543736,41,3,600000.0,False,True,True
545576,14,1,,False,True,False
547534,32,5,1800000.0,False,True,True
548111,8874,135,55000000.0,True,True,False
548188,3016,45,6000000.0,True,True,False
548716,2215,38,3000000.0,False,True,True
549318,180,2,1200000.0,False,True,True
550116,1469,25,3000000.0,False,True,True
552425,16467,237,12000000.0,False,True,False
552655,6,2,25000000.0,True,True,False
553285,2230,55,17000000.0,False,True,False
553875,12582,162,45000000.0,True,True,False
555076,10199,150,15000000.0,False,True,False
556567,140,3,125000.0,False,True,True
557149,10647,190,30000000.0,True,True,False
557610,437,30,4000000.0,False,True,True
557614,4133,83,9000000.0,False,True,False
560593,11494,173,15000000.0,False,True,False
560725,3039,83,2000000.0,False,True,True
562030,191,12,2000000.0,False,True,True
562287,1,1,150000.0,False,True,True
563306,1,1,,False,True,False
563812,1041,30,5000000.0,False,True,True
563963,11649,138,18000000.0,False,True,False
564305,5841,94,7000000.0,False,True,True
564545,15565,186,45000000.0,False,True,False
565822,3768,97,35000000.0,True,True,False
566036,19,1,3000000.0,True,True,False
567217,1188,39,4000000.0,False,True,True
568158,6828,105,7500000.0,False,True,False
568702,2246,62,3000000.0,False,True,True
568835,1893,32,3000000.0,False,True,True
569384,9426,139,15000000.0,True,True,False
569385,3108,81,10000000.0,True,True,False
569388,2076,29,2000000.0,False,True,True
569389,9725,169,20000000.0,False,True,False
569598,18119,241,30000000.0,True,True,False
569866,963,34,8000000.0,False,True,False
570421,2525,69,7500000.0,False,True,False
571020,11179,191,60000000.0,False,True,False
571743,2006,68,30000000.0,True,True,False
573775,11241,192,16000000.0,True,True,False
573979,8,3,1000000.0,False,True,True
574495,1635,50,3000000.0,False,True,True
575998,11902,160,20000000.0,True,True,False
577590,13,1,2000000.0,False,True,True
578391,12277,175,40000000.0,True,True,False
578392,6175,103,40000000.0,True,True,False
578539,9628,127,28000000.0,True,True,False
578872,3106,69,13000000.0,False,True,False
579930,12113,171,19000000.0,False,True,False
580195,8790,154,140000000.0,True,True,False
580560,5778,88,15000000.0,False,True,False
580747,2940,42,4500000.0,False,True,True
581780,29,3,,False,True,False
581781,3675,72,5500000.0,False,True,True
582131,43,4,1000000.0,False,True,True
583508,62,1,150000.0,False,True,True
583510,1922,34,2000000.0,False,True,True
584769,19065,248,25000000.0,False,True,False
585700,2516,46,5000000.0,False,True,True
587458,5453,99,4000000.0,False,True,True
590690,1128,23,1500000.0,False,True,True
591197,8,1,600000.0,False,True,True
591375,36,2,2000000.0,False,True,True
593279,733,12,750000.0,False,True,True
593319,201,6,500000.0,False,True,True
593320,312,12,1000000.0,False,True,True
594926,242,9,2000000.0,False,True,True
596240,2927,40,1000000.0,False,True,True
598577,12680,173,140000000.0,True,True,False
598958,2,1,,False,True,False
599263,245,7,1000000.0,False,True,True
600151,1,1,800000.0,False,True,True
601577,56,6,2000000.0,False,True,True
601816,173,2,750000.0,False,True,True
601877,8,1,150000.0,False,True,True
602607,8,1,350000.0,False,True,True
605184,15060,187,35000000.0,True,True,False
605498,25,3,550000.0,False,True,True
605893,63,2,3000000.0,False,True,True
606447,184,3,300000.0,False,True,True
606450,107,3,600000.0,False,True,True
606451,1,1,500000.0,False,True,True
606466,57,1,50000.0,False,True,True
606849,45,5,4000000.0,False,True,True
607223,8673,179,90000000.0,True,True,False
607779,13,1,400000.0,True,True,False
609692,202,6,1200000.0,False,True,True
610083,5175,89,20000000.0,False,True,False
610336,176,8,2000000.0,False,True,True
611198,11,2,300000.0,False,True,True
615636,215,5,800000.0,False,True,True
616369,8017,180,20000000.0,True,True,False
617170,64,4,800000.0,False,True,True
618809,12959,178,10000000.0,True,True,False
624037,15056,210,10000000.0,False,True,False
624690,12274,155,50000000.0,True,True,False
624942,3171,60,7500000.0,False,True,False
626724,8334,124,80000000.0,True,True,False
626913,13913,215,25000000.0,False,True,False
627294,1570,48,5000000.0,False,True,True
627463,152,3,800000.0,False,True,True
629566,398,10,600000.0,False,True,True
629585,1225,22,3500000.0,False,True,True
629588,3001,73,7000000.0,False,True,True
630990,83,3,1000000.0,False,True,True
631002,3106,106,4000000.0,False,True,True
632741,1596,47,1800000.0,False,True,True
633398,34,3,600000.0,False,True,True
634131,9519,133,15000000.0,False,True,False
634461,1001,40,23000000.0,False,True,False
635336,6776,92,12000000.0,False,True,False
640428,12709,213,100000000.0,True,True,False
642967,149,8,1500000.0,False,True,True
644032,1749,32,4000000.0,False,True,True
644563,380,12,2000000.0,False,True,True
646747,1126,17,5000000.0,False,True,True
646782,8,1,900000.0,False,True,True
648779,10938,150,28000000.0,False,True,False
649016,4994,108,20000000.0,False,True,False
650104,482,18,400000.0,False,True,True
655143,45,1,2000000.0,False,True,True
655488,11315,191,85000000.0,True,True,False
656441,3635,70,6000000.0,False,True,True
661053,6995,85,50000000.0,False,True,False
666234,8782,123,35000000.0,False,True,False
682032,310,23,2500000.0,True,True,False
684062,1434,33,2200000.0,False,True,True
687035,36,2,800000.0,False,True,True
694507,1405,33,4000000.0,False,True,True
694509,4790,75,2000000.0,False,True,True
696598,49,2,700000.0,False,True,True
703470,13,2,250000.0,False,True,True
707317,156,6,400000.0,False,True,True
723416,211,4,1000000.0,False,True,True
728311,45,4,,False,True,False
729814,5494,90,30000000.0,False,True,False
729818,10,1,,False,True,False
730893,17470,207,28000000.0,False,True,False
735700,252,19,3000000.0,False,True,True
769063,949,38,5000000.0,True,True,False
789328,116,4,300000.0,False,True,True
